date,ProviderName,ServiceName,RegionName,daily_cost,usage_quantity,resource_count,original_daily_cost,is_anomaly,anomaly_multiplier
2024-09-01,AWS,AmazonCloudWatch,US West (Oregon),0.0,346.087643609,169,0.0,0,1.0
2024-09-01,AWS,AmazonCloudWatch,EU (Ireland),0.0,9.0,0,0.0,0,1.0
2024-09-01,AWS,Amazon Elastic Compute Cloud,US West (N. California),0.0,2.4987033744,7,0.0,0,1.0
2024-09-01,Microsoft,Virtual Machines,South Central US,3.222328e-05,0.001611163839698,1,3.222328e-05,0,1.0
2024-09-01,AWS,Amazon CloudFront,United States,0.0,23.3900652258,8,0.0,0,1.0
2024-09-01,AWS,AWS Key Management Service,EU (London),0.0,0.0041666667,3,0.0,0,1.0
2024-09-01,AWS,AWS CloudTrail,EU (London),0.0,637.0,0,0.0,0,1.0
2024-09-01,AWS,Amazon Glacier,US West (Oregon),0.0,0.0001593277,1,0.0,0,1.0
2024-09-01,AWS,Elastic Load Balancing,External,0.0,0.027845218999999997,85,0.0,0,1.0
2024-09-01,Microsoft,Azure Monitor,East US,0.4757979594,0.206868678,1,0.4757979594,0,1.0
2024-09-01,AWS,AWS Systems Manager,US West (Oregon),0.0,5.0,0,0.0,0,1.0
2024-09-01,AWS,Amazon Relational Database Service,US East (Ohio),0.0,2.0002154226,6,0.0,0,1.0
2024-09-01,AWS,Amazon Simple Queue Service,EU (London),0.0,4.0,0,0.0,0,1.0
2024-09-01,AWS,Amazon GuardDuty,Asia Pacific (Mumbai),0.0,51.0,0,0.0,0,1.0
2024-09-01,AWS,AmazonCloudWatch,EU (Frankfurt),0.0,15.0004758062,1,0.0,0,1.0
2024-09-01,AWS,Amazon Simple Queue Service,EU (Paris),0.0,4.0,0,0.0,0,1.0
2024-09-01,AWS,Amazon Elastic Compute Cloud,EU (Frankfurt),0.0,6.76318922,84,0.0,0,1.0
2024-09-01,AWS,AWS CloudTrail,EU (Paris),0.0,6.0,0,0.0,0,1.0
2024-09-01,AWS,Amazon Simple Storage Service,US West (N. California),0.0,2.0,0,0.0,0,1.0
2024-09-01,AWS,Amazon Elastic Compute Cloud,US East (Ohio),0.0,8.9831881356,48,0.0,0,1.0
2024-09-01,AWS,Amazon Relational Database Service,US East (N. Virginia),0.0,2.123e-07,1,0.0,0,1.0
2024-09-01,AWS,Elastic Load Balancing,US East (N. Virginia),0.0,3.0333193303,15,0.0,0,1.0
2024-09-01,AWS,AWS Key Management Service,EU (Frankfurt),0.0,1.0,1,0.0,0,1.0
2024-09-01,Microsoft,Azure Machine Learning,East US 2,-0.017052797679999992,9.002185992461262,2,-0.017052797679999992,0,1.0
2024-09-01,AWS,Amazon Virtual Private Cloud,US West (Oregon),0.0,67.8939164232,94,0.0,0,1.0
2024-09-01,AWS,Amazon GuardDuty,Asia Pacific (Sydney),0.0,51.0,0,0.0,0,1.0
2024-09-01,AWS,Amazon Simple Storage Service,US West (Oregon),0.0,211.0020023726,0,0.0,0,1.0
2024-09-01,AWS,Amazon GuardDuty,Asia Pacific (Tokyo),0.0,74.0,0,0.0,0,1.0
2024-09-01,Microsoft,Azure Private Link,Central US,0.24,24.0,1,0.24,0,1.0
2024-09-01,Microsoft,Azure Private Link,Global,0.01612903226,0.032258064516129,1,0.01612903226,0,1.0
2024-09-01,AWS,Amazon Virtual Private Cloud,US East (N. Virginia),0.0,6.0,6,0.0,0,1.0
2024-09-01,AWS,AWS CloudTrail,Canada (Central),0.0,6.0,0,0.0,0,1.0
2024-09-01,AWS,Amazon DynamoDB,US East (N. Virginia),0.0,3.0,3,0.0,0,1.0
2024-09-01,AWS,Amazon Elastic Compute Cloud,Asia Pacific (Sydney),0.0,1.9162777305,28,0.0,0,1.0
2024-09-01,AWS,AWS Key Management Service,US East (Ohio),0.0,4.0083333334,7,0.0,0,1.0
2024-09-01,AWS,Amazon Simple Storage Service,unknown,0.0,0.0,0,0.0,0,1.0
2024-09-01,AWS,Elastic Load Balancing,EU (London),0.0,2.22819e-05,1,0.0,0,1.0
2024-09-01,AWS,Amazon Elastic File System,US West (Oregon),0.0,2.3594871203000003,10,0.0,0,1.0
2024-09-01,AWS,AmazonCloudWatch,EU (London),0.0,3.0,0,0.0,0,1.0
2024-09-01,Microsoft,Azure SQL Database,East US,-7.296,-48.0,1,-7.296,0,1.0
2024-09-01,Microsoft,Azure SQL Database,Central US,0.161,1.000000000000001,1,0.161,0,1.0
2024-09-01,AWS,AWS Key Management Service,US East (N. Virginia),0.0,0.0027777778,2,0.0,0,1.0
2024-09-01,AWS,Elastic Load Balancing,EU (Paris),0.0,0.0013150544,1,0.0,0,1.0
2024-09-01,AWS,Amazon Elastic Compute Cloud,US West (Oregon),3.0,57.7746911959,254,3.0,0,1.0
2024-09-01,AWS,Amazon Relational Database Service,US West (Oregon),3.0,10.2408225061,18,3.0,0,1.0
2024-09-01,AWS,AWS Step Functions,US West (Oregon),0.0,189.000011351,3,0.0,0,1.0
2024-09-01,Microsoft,Virtual Machines,West US,0.65705383964,0.033399981860876,2,0.65705383964,0,1.0
2024-09-01,AWS,Amazon CloudFront,unknown,0.0,0.0,0,0.0,0,1.0
2024-09-01,AWS,Amazon Elastic Compute Cloud,Asia Pacific (Tokyo),0.0,5.7626676006999995,63,0.0,0,1.0
2024-09-01,AWS,AWS Key Management Service,EU (Stockholm),0.0,1.0013888889,2,0.0,0,1.0
2024-09-01,Microsoft,Virtual Machines,UK West,-5.90647248,-0.066672,2,-5.90647248,0,1.0
2024-09-01,AWS,Amazon Relational Database Service,US West (N. California),0.0,7.786e-07,1,0.0,0,1.0
2024-09-01,AWS,Amazon Virtual Private Cloud,US East (Ohio),0.0,13.0,10,0.0,0,1.0
2024-09-01,AWS,Amazon Simple Queue Service,EU (Frankfurt),0.0,20.0,1,0.0,0,1.0
2024-09-01,AWS,AWS CloudTrail,EU (Ireland),0.0,24.0,0,0.0,0,1.0
2024-09-01,AWS,Elastic Load Balancing,EU (Stockholm),0.0,1.0000333301,4,0.0,0,1.0
2024-09-01,Microsoft,Virtual Machines,East US,-0.54815960814,3.2425861931918862,7,-0.54815960814,0,1.0
2024-09-01,AWS,Amazon Simple Queue Service,US East (N. Virginia),0.0,78.0,1,0.0,0,1.0
2024-09-01,AWS,AWS CloudTrail,EU (Stockholm),0.0,172.0,0,0.0,0,1.0
2024-09-01,AWS,Amazon CloudFront,Asia Pacific,0.0,201.0,2,0.0,0,1.0
2024-09-01,Microsoft,Virtual Machine Scale Sets,East US,-0.09765800222999999,0.26623073256111496,4,-0.09765800222999999,0,1.0
2024-09-01,AWS,Amazon Relational Database Service,Asia Pacific (Tokyo),0.0,1.0000016987,1,0.0,0,1.0
2024-09-01,AWS,AWS Data Transfer,US West (Oregon),0.0,0.0,0,0.0,0,1.0
2024-09-01,AWS,Amazon Simple Storage Service,US East (N. Virginia),0.0,268.1458266792,0,0.0,0,1.0
2024-09-01,Microsoft,Storage Accounts,Canada Central,5.256e-06,0.0146,1,5.256e-06,0,1.0
2024-09-01,AWS,AWS CloudTrail,US East (Ohio),0.0,5.0,0,0.0,0,1.0
2024-09-01,AWS,Amazon CloudFront,Europe,0.0,156.0268949913,11,0.0,0,1.0
2024-09-01,Microsoft,Storage Accounts,West Europe,4.3e-06,0.001,1,4.3e-06,0,1.0
2024-09-01,AWS,Amazon Simple Storage Service,EU (Frankfurt),0.0,1.21342e-05,0,0.0,0,1.0
2024-09-01,AWS,AmazonCloudWatch,Asia Pacific (Singapore),0.0,147.0580375077,1,0.0,0,1.0
2024-09-01,AWS,Amazon Relational Database Service,Asia Pacific (Singapore),0.0,0.0069451522000000005,1,0.0,0,1.0
2024-09-01,AWS,AmazonCloudWatch,Asia Pacific (Mumbai),0.0,230.0,0,0.0,0,1.0
2024-09-01,AWS,Amazon CloudFront,EU (Frankfurt),0.0,0.0,0,0.0,0,1.0
2024-09-01,AWS,Amazon Elastic Compute Cloud,EU (Stockholm),0.0,1.2083333333,5,0.0,0,1.0
2024-09-01,AWS,AWS CloudTrail,US West (N. California),0.0,266.0,0,0.0,0,1.0
2024-09-01,AWS,Amazon Simple Storage Service,EU (Stockholm),0.0,2.0,0,0.0,0,1.0
2024-09-01,Microsoft,Azure App Service,Central US,2.47323612,108.06451200000001,4,2.47323612,0,1.0
2024-09-01,Microsoft,Storage Accounts,West US,-0.0005196542,-0.08671100000000001,10,-0.0005196542,0,1.0
2024-09-01,AWS,Amazon CloudFront,Asia Pacific (Mumbai),0.0,0.00575,1,0.0,0,1.0
2024-09-01,AWS,Amazon CloudFront,Asia Pacific (Sydney),0.0,0.00525,1,0.0,0,1.0
2024-09-01,AWS,AmazonCloudWatch,Asia Pacific (Seoul),0.0,265.0,0,0.0,0,1.0
2024-09-01,Microsoft,Storage Accounts,West US 2,9.3856e-05,0.015668,6,9.3856e-05,0,1.0
2024-09-01,AWS,Amazon Elastic Compute Cloud,External,0.0,8.7300262024,251,0.0,0,1.0
2024-09-01,AWS,AmazonCloudWatch,Asia Pacific (Osaka),0.0,12.0,0,0.0,0,1.0
2024-09-01,AWS,AmazonCloudWatch,Any,0.0,0.0041666667,0,0.0,0,1.0
2024-09-01,AWS,Amazon Elastic Compute Cloud,South America (Sao Paulo),0.0,5.8028139626,20,0.0,0,1.0
2024-09-01,AWS,Amazon Elastic Compute Cloud,EU (Paris),0.0,0.169448356,6,0.0,0,1.0
2024-09-01,Microsoft,Azure Data Factory,West US,1e-05,2e-05,1,1e-05,0,1.0
2024-09-01,Microsoft,Storage Accounts,Southeast Asia,3.2e-07,4e-06,1,3.2e-07,0,1.0
2024-09-01,AWS,AmazonCloudWatch,Canada (Central),0.0,3.0,0,0.0,0,1.0
2024-09-01,AWS,Amazon Elastic Compute Cloud,EU (Ireland),0.0,3.0591270429999997,1,0.0,0,1.0
2024-09-01,AWS,Elastic Load Balancing,US East (Ohio),0.0,0.010684301,9,0.0,0,1.0
2024-09-01,AWS,AWS WAF,Any,0.0,17.008333333299998,2,0.0,0,1.0
2024-09-01,AWS,Amazon Relational Database Service,External,0.0,1.56832e-05,16,0.0,0,1.0
2024-09-01,Microsoft,Azure File Sync,Central US,0.0,-0.033333333333333,1,0.0,0,1.0
2024-09-01,AWS,AWS WAF,US West (Oregon),0.0,0.0152777778,1,0.0,0,1.0
2024-09-01,AWS,Amazon CloudFront,Japan,0.0,286.00013045779997,4,0.0,0,1.0
2024-09-01,AWS,Amazon Simple Storage Service,US East (Ohio),0.0,1.0060504323000001,0,0.0,0,1.0
2024-09-01,Microsoft,Azure Data Factory v2,West US,-0.05,-0.2,2,-0.05,0,1.0
2024-09-01,AWS,AmazonCloudWatch,Asia Pacific (Tokyo),0.0,681.0,0,0.0,0,1.0
2024-09-01,AWS,Amazon Virtual Private Cloud,Asia Pacific (Mumbai),0.0,5.0369440335,7,0.0,0,1.0
2024-09-01,AWS,Elastic Load Balancing,US West (N. California),0.0,5.884000000000001e-06,1,0.0,0,1.0
2024-09-01,AWS,Amazon Elastic Compute Cloud,US East (N. Virginia),1.0,14.2083287555,101,1.0,0,1.0
2024-09-01,AWS,Amazon Virtual Private Cloud,unknown,0.0,0.0,0,0.0,0,1.0
2024-09-01,AWS,AWS Glue,EU (Frankfurt),0.0,0.0041666667,0,0.0,0,1.0
2024-09-01,AWS,Amazon Relational Database Service,EU (Frankfurt),0.0,1.0,1,0.0,0,1.0
2024-09-01,AWS,Amazon Simple Queue Service,US West (Oregon),0.0,4888.0,19,0.0,0,1.0
2024-09-01,Microsoft,Storage Accounts,UK West,3.218e-05,0.0021000000000000003,2,3.218e-05,0,1.0
2024-09-01,AWS,Amazon CloudFront,India,0.0,72.0,2,0.0,0,1.0
2024-09-01,AWS,Elastic Load Balancing,US West (Oregon),0.0,12.4401986775,86,0.0,0,1.0
2024-09-01,AWS,AmazonCloudWatch,Asia Pacific (Sydney),0.0,18.000000862,1,0.0,0,1.0
2024-09-01,AWS,AWS CloudTrail,US East (N. Virginia),0.0,1670.0,0,0.0,0,1.0
2024-09-01,Microsoft,Azure Data Factory,West US 2,0.0,0.0,2,0.0,0,1.0
2024-09-01,AWS,Amazon API Gateway,US West (Oregon),0.0,1.0001622131,4,0.0,0,1.0
2024-09-01,AWS,Amazon Elastic Compute Cloud,EU (London),0.0,2.8910691588,24,0.0,0,1.0
2024-09-01,AWS,AmazonCloudWatch,EU (Paris),0.0,799.0,0,0.0,0,1.0
2024-09-01,AWS,Amazon DynamoDB,Asia Pacific (Mumbai),0.0,1.0,1,0.0,0,1.0
2024-09-01,AWS,AWS CloudTrail,US West (Oregon),0.0,12451.0,0,0.0,0,1.0
2024-09-01,AWS,Amazon Elastic Container Service,External,0.0,0.4664753229,36,0.0,0,1.0
2024-09-01,AWS,AmazonCloudWatch,US East (Ohio),0.0,5450.0564341381,6,0.0,0,1.0
2024-09-01,AWS,Amazon ElastiCache,US West (Oregon),0.0,1.0,1,0.0,0,1.0
2024-09-01,AWS,Amazon EC2 Container Registry (ECR),EU (Frankfurt),0.0,0.0006742894,2,0.0,0,1.0
2024-09-01,Microsoft,Storage Accounts,Central US,0.0028567307999999994,0.182132,7,0.0028567307999999994,0,1.0
2024-09-01,AWS,Elastic Load Balancing,Asia Pacific (Sydney),0.0,1.118e-07,1,0.0,0,1.0
2024-09-01,AWS,AWS Lambda,US East (N. Virginia),0.0,441.50104982579995,2,0.0,0,1.0
2024-09-01,Microsoft,Virtual Network,West US,0.36,72.0,3,0.36,0,1.0
2024-09-01,AWS,Amazon Virtual Private Cloud,EU (Stockholm),0.0,1.0,1,0.0,0,1.0
2024-09-01,AWS,Amazon Simple Notification Service,Asia Pacific (Mumbai),0.0,4.0,0,0.0,0,1.0
2024-09-01,AWS,CloudWatch Events,External,0.0,0.0047778757,1,0.0,0,1.0
2024-09-01,Microsoft,Key Vault,Global,2e-06,0.0001,1,2e-06,0,1.0
2024-09-01,AWS,AWS CloudTrail,Asia Pacific (Singapore),0.0,147.0,0,0.0,0,1.0
2024-09-01,AWS,AWS Step Functions,Asia Pacific (Mumbai),0.0,1.49e-07,0,0.0,0,1.0
2024-09-01,Microsoft,Microsoft Defender for Cloud,Global,0.000796,0.000199,1,0.000796,0,1.0
2024-09-01,AWS,Amazon EC2 Container Registry (ECR),EU (Ireland),0.0,1.4788e-06,14,0.0,0,1.0
2024-09-01,AWS,AmazonCloudWatch,South America (Sao Paulo),0.0,123.0000009919,1,0.0,0,1.0
2024-09-01,AWS,Amazon Simple Notification Service,US West (Oregon),0.0,18.000012544100002,4,0.0,0,1.0
2024-09-01,AWS,Elastic Load Balancing,Asia Pacific (Tokyo),0.0,1.0000210098,2,0.0,0,1.0
2024-09-01,Microsoft,Key Vault,East US 2,-9e-06,-0.0003,1,-9e-06,0,1.0
2024-09-01,AWS,Amazon Simple Notification Service,Asia Pacific (Tokyo),0.0,4.0,0,0.0,0,1.0
2024-09-01,AWS,Amazon EC2 Container Registry (ECR),US East (N. Virginia),0.0,0.0054866252,5,0.0,0,1.0
2024-09-01,AWS,Amazon Simple Notification Service,South America (Sao Paulo),0.0,4.0,0,0.0,0,1.0
2024-09-01,AWS,AWS CloudTrail,Asia Pacific (Mumbai),0.0,12.0,0,0.0,0,1.0
2024-09-01,AWS,AWS CloudTrail,Asia Pacific (Osaka),0.0,6.0,0,0.0,0,1.0
2024-09-01,AWS,AWS Lambda,US East (Ohio),0.0,69.5780827387,3,0.0,0,1.0
2024-09-01,AWS,Amazon Virtual Private Cloud,Asia Pacific (Tokyo),0.0,5.465278,6,0.0,0,1.0
2024-09-01,AWS,Amazon Elastic Container Service for Kubernetes,US West (Oregon),0.0,1.0,1,0.0,0,1.0
2024-09-01,AWS,Datadog,unknown,5.04,472.32,0,5.04,0,1.0
2024-09-01,AWS,Amazon Virtual Private Cloud,EU (London),0.0,2.0,2,0.0,0,1.0
2024-09-01,AWS,Amazon Elastic Compute Cloud,Africa (Cape Town),0.0,2.3355888392,4,0.0,0,1.0
2024-09-01,Microsoft,Storage Accounts,East Asia,0.3216,24.0,1,0.3216,0,1.0
2024-09-01,Oracle,COMPUTE,us-sanjose-1,2.0,1233.010555555556,6,2.0,0,1.0
2024-09-01,AWS,AWS Security Hub,EU (Stockholm),0.0,2.0,1,0.0,0,1.0
2024-09-01,AWS,Amazon Simple Notification Service,Asia Pacific (Sydney),0.0,4.0,0,0.0,0,1.0
2024-09-01,AWS,Amazon EC2 Container Registry (ECR),EU (Stockholm),0.0,0.0037650987000000004,8,0.0,0,1.0
2024-09-01,AWS,AWS Secrets Manager,US West (Oregon),0.0,1.0430555555,1,0.0,0,1.0
2024-09-01,AWS,AmazonCloudWatch,US East (N. Virginia),0.0,1934.0799069882999,5,0.0,0,1.0
2024-09-01,Microsoft,Virtual Network,West US 2,0.096,24.0,1,0.096,0,1.0
2024-09-01,AWS,Amazon Simple Notification Service,Asia Pacific (Osaka),0.0,4.0,0,0.0,0,1.0
2024-09-01,AWS,Amazon Elastic Container Service,US East (N. Virginia),0.0,1.0,1,0.0,0,1.0
2024-09-01,AWS,Amazon Simple Notification Service,US East (Ohio),0.0,8.0,0,0.0,0,1.0
2024-09-01,AWS,AWS CloudTrail,Asia Pacific (Seoul),0.0,6.0,0,0.0,0,1.0
2024-09-01,AWS,Amazon Elastic Compute Cloud,Asia Pacific (Mumbai),0.0,9.489775805,62,0.0,0,1.0
2024-09-01,AWS,Elastic Load Balancing,Asia Pacific (Singapore),0.0,3.353e-07,1,0.0,0,1.0
2024-09-01,Microsoft,Storage Accounts,East US,0.00035987886000000003,0.16509575642955301,73,0.00035987886000000003,0,1.0
2024-09-01,Microsoft,Load Balancer,East US,-0.08328286817,-16.656573633663356,1,-0.08328286817,0,1.0
2024-09-01,AWS,Amazon EC2 Container Registry (ECR),US West (N. California),0.0,0.0002322142,1,0.0,0,1.0
2024-09-01,AWS,Elastic Load Balancing,EU (Ireland),0.0,0.0056379493,2,0.0,0,1.0
2024-09-01,AWS,AmazonCloudWatch,EU (Stockholm),0.0,9.0,0,0.0,0,1.0
2024-09-01,AWS,AmazonCloudWatch,unknown,0.0,0.0,0,0.0,0,1.0
2024-09-01,AWS,Elastic Load Balancing,EU (Frankfurt),0.0,0.0029970342,10,0.0,0,1.0
2024-09-01,AWS,AWS Key Management Service,US West (Oregon),0.0,8.0013888889,2,0.0,0,1.0
2024-09-01,AWS,Amazon Elastic Container Service,US West (Oregon),0.0,12.716099851600001,102,0.0,0,1.0
2024-09-01,Microsoft,Virtual Network,East US,-0.12,-24.0,1,-0.12,0,1.0
2024-09-01,AWS,Amazon Virtual Private Cloud,Asia Pacific (Singapore),0.0,4.1180561397,6,0.0,0,1.0
2024-09-01,AWS,AWS CloudTrail,Asia Pacific (Tokyo),0.0,458.0,0,0.0,0,1.0
2024-09-01,AWS,Amazon Elastic Compute Cloud,Asia Pacific (Singapore),0.0,12.0287219334,25,0.0,0,1.0
2024-09-01,AWS,Amazon Elastic Compute Cloud,unknown,0.0,0.0,0,0.0,0,1.0
2024-09-01,AWS,Amazon Simple Notification Service,EU (London),0.0,1.0,0,0.0,0,1.0
2024-09-01,Microsoft,Storage Accounts,East US 2,0.0003596068,0.005065,3,0.0003596068,0,1.0
2024-09-01,AWS,AWS Lambda,US West (Oregon),0.0,187.4805562165,14,0.0,0,1.0
2024-09-01,AWS,AWS Backup,US West (Oregon),0.0,5.5889e-05,2,0.0,0,1.0
2024-09-01,AWS,Amazon Elastic Container Registry Public,US East (N. Virginia),0.0,0.0232417473,3,0.0,0,1.0
2024-09-01,AWS,Amazon EC2 Container Registry (ECR),US West (Oregon),0.0,0.0009351775000000001,4,0.0,0,1.0
2024-09-01,AWS,Amazon Virtual Private Cloud,South America (Sao Paulo),0.0,0.400833,1,0.0,0,1.0
2024-09-01,AWS,AWS Step Functions,Asia Pacific (Sydney),0.0,1.14245e-05,0,0.0,0,1.0
2024-09-01,AWS,Amazon Virtual Private Cloud,External,0.0,0.0001726597,11,0.0,0,1.0
2024-09-01,AWS,AWS CloudTrail,Asia Pacific (Sydney),0.0,725.0,0,0.0,0,1.0
2024-09-01,AWS,Amazon Virtual Private Cloud,EU (Ireland),0.0,1.0,1,0.0,0,1.0
2024-09-01,AWS,Amazon Elastic File System,EU (Frankfurt),0.0,1.5946622213000001,1,0.0,0,1.0
2024-09-01,AWS,Amazon DynamoDB,US West (Oregon),0.0,22.0,3,0.0,0,1.0
2024-09-01,AWS,CloudWatch Events,Asia Pacific (Seoul),0.0,65.0,0,0.0,0,1.0
2024-09-01,AWS,Amazon Route 53,unknown,0.0,1018.0,11,0.0,0,1.0
2024-09-01,AWS,Amazon Simple Email Service,US West (Oregon),0.0,6.0,0,0.0,0,1.0
2024-09-01,AWS,Amazon Elastic Container Service,EU (Ireland),0.0,0.500000298,1,0.0,0,1.0
2024-09-01,AWS,AWS Step Functions,EU (London),0.0,1.49e-07,0,0.0,0,1.0
2024-09-01,AWS,Amazon Virtual Private Cloud,EU (Frankfurt),0.0,6.0,6,0.0,0,1.0
2024-09-01,AWS,AmazonCloudWatch,US West (N. California),0.0,6.0,0,0.0,0,1.0
2024-09-02,AWS,AWS Glue,EU (Frankfurt),0.0,0.0083333334,0,0.0,0,1.0
2024-09-02,Microsoft,Load Balancer,East US,0.6,24.0,1,0.6,0,1.0
2024-09-02,AWS,Amazon GuardDuty,US West (N. California),0.0,62.0,0,0.0,0,1.0
2024-09-02,Microsoft,Storage Accounts,UK West,5.04e-07,0.0013999999999999998,3,5.04e-07,0,1.0
2024-09-02,AWS,Amazon API Gateway,US West (N. California),0.0,180.0,1,0.0,0,1.0
2024-09-02,AWS,AWS Lambda,US East (Ohio),0.0,4.718999999999999,3,0.0,0,1.0
2024-09-02,AWS,AmazonCloudWatch,Asia Pacific (Osaka),0.0,240.0,0,0.0,0,1.0
2024-09-02,Microsoft,Azure Data Factory,West US 2,1e-05,2e-05,1,1e-05,0,1.0
2024-09-02,AWS,AWS Secrets Manager,US West (Oregon),0.0,0.0180555556,0,0.0,0,1.0
2024-09-02,AWS,AmazonCloudWatch,Any,0.0,0.0027777778,0,0.0,0,1.0
2024-09-02,AWS,AWS Lambda,US West (Oregon),0.0,7320.7764802902,12,0.0,0,1.0
2024-09-02,AWS,AWS Data Transfer,US East (N. Virginia),0.0,0.0,0,0.0,0,1.0
2024-09-02,AWS,Amazon Elastic Container Service for Kubernetes,US East (N. Virginia),0.0,1.0,1,0.0,0,1.0
2024-09-02,AWS,Amazon Elastic Compute Cloud,Middle East (UAE),0.0,0.1666666667,1,0.0,0,1.0
2024-09-02,AWS,Amazon CloudFront,Asia Pacific,0.0,26.0172656551,2,0.0,0,1.0
2024-09-02,AWS,Amazon Elastic Container Service for Kubernetes,US East (Ohio),1.0,2.0,2,1.0,0,1.0
2024-09-02,AWS,Amazon Virtual Private Cloud,EU (Frankfurt),0.0,9.131667,10,0.0,0,1.0
2024-09-02,AWS,Amazon Simple Storage Service,US East (N. Virginia),0.0,13774.0644197596,0,0.0,0,1.0
2024-09-02,AWS,Amazon Elastic Container Service,US East (N. Virginia),0.0,3.73e-08,1,0.0,0,1.0
2024-09-02,AWS,AmazonCloudWatch,Asia Pacific (Mumbai),0.0,226.0,0,0.0,0,1.0
2024-09-02,AWS,AWS Data Transfer,US West (Oregon),0.0,0.0,0,0.0,0,1.0
2024-09-02,AWS,Amazon Simple Storage Service,External,0.0,7.72001e-05,0,0.0,0,1.0
2024-09-02,AWS,Amazon Elastic Compute Cloud,South America (Sao Paulo),0.0,0.1569755004,11,0.0,0,1.0
2024-09-02,AWS,AWS Secrets Manager,US East (Ohio),0.0,14.0,2,0.0,0,1.0
2024-09-02,AWS,Amazon Elastic Container Service,US West (Oregon),0.0,18.3776792315,117,0.0,0,1.0
2024-09-02,Microsoft,Storage Accounts,Central US,0.0045767892000000004,0.256228,7,0.0045767892000000004,0,1.0
2024-09-02,Microsoft,Storage Accounts,West US,0.010368717,0.489396,12,0.010368717,0,1.0
2024-09-02,AWS,Amazon Elastic Compute Cloud,External,0.0,3.9460215877,242,0.0,0,1.0
2024-09-02,AWS,Amazon CloudFront,Australia,0.0,8.0000092955,2,0.0,0,1.0
2024-09-02,Microsoft,Microsoft Defender for Cloud,Global,0.07782,0.019455,1,0.07782,0,1.0
2024-09-02,AWS,Amazon Virtual Private Cloud,Asia Pacific (Mumbai),0.0,6.0,6,0.0,0,1.0
2024-09-02,AWS,AmazonCloudWatch,US West (Oregon),-1.0,2408.1494942001,177,-1.0,0,1.0
2024-09-02,Microsoft,Azure Monitor,North Central US,2e-05,1.0,1,2e-05,0,1.0
2024-09-02,Microsoft,Storage Accounts,East US,0.321788384,24.145706,65,0.321788384,0,1.0
2024-09-02,AWS,Amazon Simple Storage Service,US West (Oregon),0.0,2935.0016286881996,0,0.0,0,1.0
2024-09-02,AWS,Amazon Elastic Compute Cloud,US West (N. California),0.0,0.3191767478,10,0.0,0,1.0
2024-09-02,AWS,Amazon Elastic Container Service,EU (Ireland),0.0,0.25,1,0.0,0,1.0
2024-09-02,Microsoft,Storage Accounts,North Europe,-7.2e-08,-0.00018600000000000002,1,-7.2e-08,0,1.0
2024-09-02,AWS,Amazon Virtual Private Cloud,Asia Pacific (Singapore),0.0,2.0,2,0.0,0,1.0
2024-09-02,AWS,Amazon Virtual Private Cloud,US East (Ohio),0.0,8.0,6,0.0,0,1.0
2024-09-02,AWS,Amazon Virtual Private Cloud,External,0.0,2.93105e-05,6,0.0,0,1.0
2024-09-02,AWS,AWS Step Functions,US West (Oregon),0.0,6.0000053794,3,0.0,0,1.0
2024-09-02,AWS,AWS Key Management Service,US West (Oregon),0.0,8.0013888889,2,0.0,0,1.0
2024-09-02,AWS,AWS CloudTrail,US West (Oregon),0.0,3544.0,0,0.0,0,1.0
2024-09-02,AWS,Amazon Elastic Compute Cloud,US West (Oregon),1.0,36.9801002197,246,1.0,0,1.0
2024-09-02,Microsoft,Azure Synapse Analytics,East US 2,21.024,96.0,1,21.024,0,1.0
2024-09-02,AWS,AWS Key Management Service,US East (N. Virginia),0.0,0.0013888889,1,0.0,0,1.0
2024-09-02,AWS,Amazon Elastic Container Registry Public,US East (N. Virginia),0.0,0.0008086781,2,0.0,0,1.0
2024-09-02,Microsoft,Storage Accounts,East US 2,0.0034373999999999997,0.1724,4,0.0034373999999999997,0,1.0
2024-09-02,AWS,Amazon Elastic File System,US West (Oregon),0.0,1.6581132253,3,0.0,0,1.0
2024-09-02,Microsoft,Azure SQL Database,East US,4.7952,48.0,1,4.7952,0,1.0
2024-09-02,AWS,Amazon Elastic File System,US East (Ohio),0.0,7.9e-09,1,0.0,0,1.0
2024-09-02,Microsoft,Storage Accounts,East US 2 EUAP,2.4e-06,0.0006,1,2.4e-06,0,1.0
2024-09-02,AWS,Amazon Elastic File System,EU (Ireland),0.0,1.7272e-06,1,0.0,0,1.0
2024-09-02,AWS,AWS Key Management Service,US East (Ohio),0.0,0.0083333334,6,0.0,0,1.0
2024-09-02,AWS,Amazon Elastic File System,US East (N. Virginia),0.0,6.5265102386,1,0.0,0,1.0
2024-09-02,AWS,Amazon Virtual Private Cloud,US East (N. Virginia),0.0,9.0,9,0.0,0,1.0
2024-09-02,AWS,AWS Key Management Service,EU (London),0.0,0.0027777778,2,0.0,0,1.0
2024-09-02,Microsoft,Key Vault,East US,0.00816,24.0,1,0.00816,0,1.0
2024-09-02,Microsoft,Key Vault,East US 2,9e-06,0.0003,1,9e-06,0,1.0
2024-09-02,AWS,Amazon Virtual Private Cloud,US West (N. California),0.0,2.0,2,0.0,0,1.0
2024-09-02,AWS,AWS Glue,US East (N. Virginia),0.0,0.4388888889,0,0.0,0,1.0
2024-09-02,AWS,Amazon Virtual Private Cloud,Asia Pacific (Tokyo),0.0,4.967778,5,0.0,0,1.0
2024-09-02,AWS,Amazon Simple Storage Service,US East (Ohio),0.0,20.0,0,0.0,0,1.0
2024-09-02,Microsoft,Azure Data Factory v2,West US,-0.00258333333,0.08033333333333399,2,-0.00258333333,0,1.0
2024-09-02,AWS,Amazon Elastic Container Service for Kubernetes,US West (Oregon),0.0,1.0,1,0.0,0,1.0
2024-09-02,Microsoft,Azure Kubernetes Service,East US,1.4936051150399998,-72.03034884957168,2,1.4936051150399998,0,1.0
2024-09-02,AWS,AWS Glue,US West (Oregon),0.0,0.0041666667,0,0.0,0,1.0
2024-09-02,AWS,AWS WAF,Any,0.0,0.0013888889,1,0.0,0,1.0
2024-09-02,Microsoft,Storage Accounts,East Asia,-0.32154815999999997,-23.856,1,-0.32154815999999997,0,1.0
2024-09-02,Microsoft,Storage Accounts,Southeast Asia,3.6e-05,0.0018000000000000002,2,3.6e-05,0,1.0
2024-09-02,Microsoft,Key Vault,West US,2.4e-05,0.0008,1,2.4e-05,0,1.0
2024-09-02,AWS,AWS Step Functions,EU (London),0.0,9.9353e-06,0,0.0,0,1.0
2024-09-02,AWS,Amazon Elastic Compute Cloud,US East (N. Virginia),0.0,22.7531221726,108,0.0,0,1.0
2024-09-02,AWS,Amazon Elastic Container Service,External,0.0,0.4777432477,32,0.0,0,1.0
2024-09-02,AWS,AWS Security Hub,US East (N. Virginia),0.0,16.0,1,0.0,0,1.0
2024-09-02,AWS,AWS Key Management Service,EU (Frankfurt),0.0,0.0013888889,1,0.0,0,1.0
2024-09-02,Microsoft,Azure Machine Learning,East US 2,0.12881905099000002,9.287697267112254,2,0.12881905099000002,0,1.0
2024-09-02,AWS,AWS Lambda,US East (N. Virginia),0.0,1989.8198750000001,6,0.0,0,1.0
2024-09-02,AWS,Amazon GuardDuty,Asia Pacific (Osaka),0.0,8.0,0,0.0,0,1.0
2024-09-02,AWS,Amazon Simple Storage Service,US West (N. California),0.0,2.0,0,0.0,0,1.0
2024-09-02,AWS,Amazon Elastic Compute Cloud,US East (Ohio),0.0,5.7443043311,47,0.0,0,1.0
2024-09-02,AWS,Amazon Elastic File System,Asia Pacific (Singapore),0.0,1.2484534556,2,0.0,0,1.0
2024-09-02,AWS,AWS Systems Manager,US West (Oregon),0.0,40.0,0,0.0,0,1.0
2024-09-02,AWS,Amazon Virtual Private Cloud,EU (Stockholm),0.0,1.0,1,0.0,0,1.0
2024-09-02,Microsoft,Azure Monitor,East US,0.4757739359,0.206858233,1,0.4757739359,0,1.0
2024-09-02,AWS,AWS Key Management Service,EU (Ireland),0.0,0.0013888889,1,0.0,0,1.0
2024-09-02,AWS,AWS Security Hub,EU (London),0.0,8.0,1,0.0,0,1.0
2024-09-02,AWS,Amazon Virtual Private Cloud,US West (Oregon),0.0,64.7405672978,102,0.0,0,1.0
2024-09-02,Microsoft,Virtual Machine Scale Sets,Central US,-3.504,-24.0,1,-3.504,0,1.0
2024-09-02,AWS,Amazon GuardDuty,US West (Oregon),0.0,88.0,0,0.0,0,1.0
2024-09-02,AWS,AmazonCloudWatch,EU (London),0.0,9.0,0,0.0,0,1.0
2024-09-02,AWS,Elastic Load Balancing,EU (London),0.0,8.39466e-05,1,0.0,0,1.0
2024-09-02,AWS,Amazon DynamoDB,EU (Stockholm),0.0,1.0,1,0.0,0,1.0
2024-09-02,AWS,Amazon Elastic Compute Cloud,Asia Pacific (Sydney),0.0,0.8243912702999999,31,0.0,0,1.0
2024-09-02,AWS,AWS CloudTrail,Canada (Central),0.0,24.0,0,0.0,0,1.0
2024-09-02,AWS,Amazon Simple Queue Service,Asia Pacific (Singapore),0.0,4.0,0,0.0,0,1.0
2024-09-02,AWS,Amazon Simple Storage Service,EU (Ireland),0.0,1.276e-07,0,0.0,0,1.0
2024-09-02,Microsoft,Virtual Machines,West US 2,13.69632768,24.033336,2,13.69632768,0,1.0
2024-09-02,AWS,AmazonCloudWatch,EU (Paris),0.0,452.0,0,0.0,0,1.0
2024-09-02,AWS,Amazon Route 53,unknown,0.0,905.0,11,0.0,0,1.0
2024-09-02,AWS,Elastic Load Balancing,EU (Ireland),0.0,1.0,1,0.0,0,1.0
2024-09-02,AWS,AWS CloudTrail,Asia Pacific (Tokyo),0.0,12.0,0,0.0,0,1.0
2024-09-02,Microsoft,Virtual Network,Central US,4.56,24.0,1,4.56,0,1.0
2024-09-02,AWS,Amazon DynamoDB,US East (Ohio),0.0,3.0000000104,4,0.0,0,1.0
2024-09-02,AWS,Amazon DynamoDB,US East (N. Virginia),0.0,2.0,2,0.0,0,1.0
2024-09-02,Microsoft,Virtual Machines,West US,0.0058975,11.795,1,0.0058975,0,1.0
2024-09-02,AWS,AWS CloudTrail,EU (Frankfurt),0.0,38.0,0,0.0,0,1.0
2024-09-02,AWS,Elastic Load Balancing,EU (Paris),0.0,0.7252568848,1,0.0,0,1.0
2024-09-02,AWS,Amazon Simple Queue Service,EU (London),0.0,4.0,0,0.0,0,1.0
2024-09-02,AWS,Amazon Relational Database Service,US East (Ohio),0.0,0.0010802956,6,0.0,0,1.0
2024-09-02,AWS,AmazonCloudWatch,EU (Frankfurt),0.0,9.0,0,0.0,0,1.0
2024-09-02,AWS,Elastic Load Balancing,External,0.0,0.0133968475,91,0.0,0,1.0
2024-09-02,AWS,AWS CloudTrail,EU (London),0.0,12.0,0,0.0,0,1.0
2024-09-02,Microsoft,Virtual Machines,South Central US,0.277624,4.0,1,0.277624,0,1.0
2024-09-02,AWS,Amazon CloudFront,United States,0.0,18123.3726968904,5,0.0,0,1.0
2024-09-02,AWS,AmazonCloudWatch,EU (Ireland),0.0,245.0,0,0.0,0,1.0
2024-09-02,AWS,Elastic Load Balancing,EU (Stockholm),0.0,8.1296e-06,3,0.0,0,1.0
2024-09-02,AWS,Amazon Simple Queue Service,EU (Frankfurt),0.0,180.0,1,0.0,0,1.0
2024-09-02,AWS,AWS CloudTrail,EU (Ireland),0.0,261.0,0,0.0,0,1.0
2024-09-02,AWS,Amazon Elastic Compute Cloud,Asia Pacific (Tokyo),0.0,6.3207573242,47,0.0,0,1.0
2024-09-02,Microsoft,Virtual Machines,UK West,-2.95323624,-0.033336,1,-2.95323624,0,1.0
2024-09-02,AWS,Amazon Relational Database Service,US West (N. California),0.0,5.0,1,0.0,0,1.0
2024-09-02,AWS,Amazon Relational Database Service,US West (Oregon),0.0,16.9232488,21,0.0,0,1.0
2024-09-02,AWS,Amazon Elastic Compute Cloud,Asia Pacific (Singapore),0.0,3.0166395152,20,0.0,0,1.0
2024-09-02,AWS,Elastic Load Balancing,EU (Frankfurt),0.0,0.0026454317,3,0.0,0,1.0
2024-09-02,AWS,AmazonCloudWatch,EU (Stockholm),0.0,123.0222222222,0,0.0,0,1.0
2024-09-02,AWS,AWS CloudTrail,Asia Pacific (Sydney),0.0,13.0,0,0.0,0,1.0
2024-09-02,AWS,AWS CloudTrail,Asia Pacific (Osaka),0.0,6.0,0,0.0,0,1.0
2024-09-02,AWS,Amazon EC2 Container Registry (ECR),EU (Ireland),0.0,2.6206200000000003e-05,7,0.0,0,1.0
2024-09-02,AWS,Amazon Elastic Compute Cloud,Africa (Cape Town),0.0,1.6658854576,6,0.0,0,1.0
2024-09-02,AWS,Amazon Simple Notification Service,US East (N. Virginia),0.0,4.0,0,0.0,0,1.0
2024-09-02,AWS,Amazon EC2 Container Registry (ECR),EU (Stockholm),0.0,0.0003952474,4,0.0,0,1.0
2024-09-02,AWS,AWS CloudTrail,Asia Pacific (Mumbai),0.0,153.0,0,0.0,0,1.0
2024-09-02,AWS,AmazonCloudWatch,US East (Ohio),0.0,227.1630338036,9,0.0,0,1.0
2024-09-02,AWS,CloudWatch Events,External,0.0,0.0001258329,0,0.0,0,1.0
2024-09-02,AWS,Amazon ElastiCache,US West (N. California),0.0,1.0,1,0.0,0,1.0
2024-09-02,AWS,Amazon Simple Notification Service,Asia Pacific (Tokyo),0.0,4.0,0,0.0,0,1.0
2024-09-02,AWS,Amazon EC2 Container Registry (ECR),US East (N. Virginia),0.0,0.035903596499999996,5,0.0,0,1.0
2024-09-02,AWS,AmazonCloudWatch,US West (N. California),0.0,1646.0,0,0.0,0,1.0
2024-09-02,AWS,Amazon Simple Notification Service,EU (London),0.0,4.0,0,0.0,0,1.0
2024-09-02,AWS,Amazon EC2 Container Registry (ECR),US West (Oregon),0.0,0.0045265871,11,0.0,0,1.0
2024-09-02,AWS,AWS Backup,US West (Oregon),0.0,0.0786838969,2,0.0,0,1.0
2024-09-02,AWS,CloudWatch Events,US West (Oregon),0.0,4931.0,1,0.0,0,1.0
2024-09-02,AWS,Amazon Simple Queue Service,EU (Paris),0.0,4.0,0,0.0,0,1.0
2024-09-02,AWS,AmazonCloudWatch,US East (N. Virginia),0.0,446.086785083,5,0.0,0,1.0
2024-09-02,AWS,Amazon Simple Notification Service,Asia Pacific (Seoul),0.0,4.0,0,0.0,0,1.0
2024-09-02,Microsoft,Virtual Network,East US,0.24,48.0,4,0.24,0,1.0
2024-09-02,AWS,Amazon DynamoDB,US West (Oregon),0.0,176.0000050038,10,0.0,0,1.0
2024-09-02,AWS,Amazon Simple Notification Service,US West (Oregon),0.0,73.0001477916,7,0.0,0,1.0
2024-09-02,AWS,Amazon Simple Email Service,US West (Oregon),0.0,18.0,0,0.0,0,1.0
2024-09-02,AWS,Amazon Elastic Compute Cloud,Asia Pacific (Osaka),0.0,0.1,1,0.0,0,1.0
2024-09-02,AWS,Elastic Load Balancing,Asia Pacific (Tokyo),0.0,8.400599999999999e-06,2,0.0,0,1.0
2024-09-02,AWS,AmazonCloudWatch,South America (Sao Paulo),0.0,12.0,0,0.0,0,1.0
2024-09-02,AWS,AWS CloudTrail,Asia Pacific (Singapore),0.0,465.0,0,0.0,0,1.0
2024-09-02,AWS,Amazon EC2 Container Registry (ECR),Asia Pacific (Singapore),0.0,0.0002297542,1,0.0,0,1.0
2024-09-02,AWS,Elastic Load Balancing,Asia Pacific (Sydney),0.0,1.155e-07,1,0.0,0,1.0
2024-09-02,AWS,Amazon EC2 Container Registry (ECR),EU (Frankfurt),0.0,0.0004879833,1,0.0,0,1.0
2024-09-02,AWS,Amazon Simple Notification Service,US East (Ohio),0.0,8.0,0,0.0,0,1.0
2024-09-02,AWS,Amazon Elastic Compute Cloud,Asia Pacific (Mumbai),0.0,4.9779150826,47,0.0,0,1.0
2024-09-02,AWS,AWS CloudTrail,Asia Pacific (Seoul),0.0,6.0,0,0.0,0,1.0
2024-09-02,AWS,Elastic Load Balancing,Asia Pacific (Singapore),0.0,1.90986e-05,1,0.0,0,1.0
2024-09-02,Oracle,COMPUTE,us-sanjose-1,-2.0,-1124.0,4,-2.0,0,1.0
2024-09-02,AWS,Amazon Elastic Compute Cloud,EU (Frankfurt),5.0,10.3735462364,84,5.0,0,1.0
2024-09-02,AWS,Amazon DynamoDB,Asia Pacific (Sydney),0.0,10.0,2,0.0,0,1.0
2024-09-02,AWS,AmazonCloudWatch,Asia Pacific (Sydney),0.0,352.0,0,0.0,0,1.0
2024-09-02,AWS,Amazon Elastic Compute Cloud,EU (Ireland),0.0,0.6421138614,7,0.0,0,1.0
2024-09-02,AWS,Amazon Simple Storage Service,EU (Frankfurt),0.0,773.0000030063,0,0.0,0,1.0
2024-09-02,AWS,Elastic Load Balancing,US East (Ohio),0.0,1.0093719005,6,0.0,0,1.0
2024-09-02,AWS,Amazon CloudFront,Europe,0.0,2982.0000413647,7,0.0,0,1.0
2024-09-02,AWS,AWS CloudTrail,US East (Ohio),0.0,12.0,0,0.0,0,1.0
2024-09-02,Microsoft,Azure App Service,Central US,-1.44,-23.967744,2,-1.44,0,1.0
2024-09-02,AWS,Amazon Relational Database Service,External,0.0,2.62659e-05,19,0.0,0,1.0
2024-09-02,AWS,AWS CloudTrail,US West (N. California),0.0,497.0,0,0.0,0,1.0
2024-09-02,AWS,Amazon CloudFront,Japan,0.0,1.0000061076,3,0.0,0,1.0
2024-09-02,AWS,AWS CloudTrail,EU (Stockholm),0.0,6.0,0,0.0,0,1.0
2024-09-02,AWS,Amazon CloudFront,India,0.0,0.0423787627,1,0.0,0,1.0
2024-09-02,Microsoft,Virtual Machines,Central US,0.65705256,0.033336,1,0.65705256,0,1.0
2024-09-02,AWS,Red Hat OpenShift Service on AWS,unknown,0.0,1.0,1,0.0,0,1.0
2024-09-02,AWS,AmazonCloudWatch,Asia Pacific (Tokyo),0.0,7372.0000000618,1,0.0,0,1.0
2024-09-02,AWS,Amazon Elastic Compute Cloud,EU (Stockholm),0.0,0.1398959969,2,0.0,0,1.0
2024-09-02,Microsoft,Virtual Machines,Canada Central,2.86975e-06,3.2985582948e-05,1,2.86975e-06,0,1.0
2024-09-02,AWS,AWS CloudTrail,South America (Sao Paulo),0.0,834.0,0,0.0,0,1.0
2024-09-02,Microsoft,Application Gateway,East US,0.00037264432,0.004283268004656,1,0.00037264432,0,1.0
2024-09-02,AWS,AWS CloudTrail,Europe (Zurich),0.0,42.0,0,0.0,0,1.0
2024-09-02,AWS,AmazonCloudWatch,Asia Pacific (Singapore),0.0,6.0138888889,1,0.0,0,1.0
2024-09-02,AWS,Amazon Simple Queue Service,US West (Oregon),0.0,1992.0000010654,11,0.0,0,1.0
2024-09-02,AWS,Amazon CloudFront,Canada,0.0,0.0008110367,2,0.0,0,1.0
2024-09-02,AWS,Amazon Elastic Compute Cloud,EU (London),0.0,2.3603781228000003,14,0.0,0,1.0
2024-09-02,AWS,AmazonCloudWatch,Canada (Central),0.0,6.0,0,0.0,0,1.0
2024-09-02,AWS,Amazon Relational Database Service,US East (N. Virginia),0.0,8.340279122600002,3,0.0,0,1.0
2024-09-02,Microsoft,Azure App Service,South Central US,0.0,0.032256,1,0.0,0,1.0
2024-09-02,AWS,AmazonCloudWatch,Asia Pacific (Seoul),0.0,236.0,0,0.0,0,1.0
2024-09-02,AWS,Amazon CloudFront,South Africa,0.0,0.0810897173,1,0.0,0,1.0
2024-09-02,AWS,Elastic Load Balancing,US West (Oregon),0.0,19.1890491168,72,0.0,0,1.0
2024-09-02,AWS,Amazon Relational Database Service,Asia Pacific (Tokyo),0.0,2.831e-07,1,0.0,0,1.0
2024-09-02,Microsoft,Virtual Machine Scale Sets,East US,-1.9948817773199998,-23.962872387841344,3,-1.9948817773199998,0,1.0
2024-09-02,AWS,Elastic Load Balancing,US East (N. Virginia),0.0,2.2515338165000003,11,0.0,0,1.0
2024-09-02,Microsoft,Virtual Machines,East US,1.3686876484,2.441396420224309,12,1.3686876484,0,1.0
2024-09-02,AWS,Amazon Elastic Compute Cloud,EU (Paris),0.0,0.7191095889000001,4,0.0,0,1.0
2024-09-02,AWS,Amazon Simple Storage Service,Asia Pacific (Tokyo),0.0,23.0,0,0.0,0,1.0
2024-09-02,Microsoft,Storage Accounts,West US 2,9.6672e-05,0.003084,7,9.6672e-05,0,1.0
2024-09-02,AWS,Amazon CloudFront,South America,0.0,9.0000086389,2,0.0,0,1.0
2024-09-02,AWS,Amazon Simple Queue Service,US East (N. Virginia),0.0,114.0,2,0.0,0,1.0
2024-09-02,AWS,AWS CloudTrail,US East (N. Virginia),0.0,1071.0,0,0.0,0,1.0
2024-09-03,AWS,AmazonCloudWatch,Asia Pacific (Singapore),0.0,890.0,0,0.0,0,1.0
2024-09-03,Microsoft,Key Vault,East US 2,0.000111,0.0037,1,0.000111,0,1.0
2024-09-03,AWS,Amazon Elastic Container Service,External,0.0,0.6541303219,18,0.0,0,1.0
2024-09-03,AWS,Elastic Load Balancing,Asia Pacific (Sydney),0.0,5.588e-07,1,0.0,0,1.0
2024-09-03,Microsoft,Key Vault,Global,0.0,0.0,4,0.0,0,1.0
2024-09-03,AWS,AmazonCloudWatch,South America (Sao Paulo),0.0,12.0,0,0.0,0,1.0
2024-09-03,AWS,Amazon Elastic Compute Cloud,Asia Pacific (Mumbai),0.0,4.2341134751,51,0.0,0,1.0
2024-09-03,AWS,AWS Security Hub,US West (Oregon),0.0,10.0,1,0.0,0,1.0
2024-09-03,AWS,AWS Security Hub,EU (Stockholm),0.0,328.0,1,0.0,0,1.0
2024-09-03,AWS,Amazon EC2 Container Registry (ECR),EU (Frankfurt),0.0,0.0001387177,1,0.0,0,1.0
2024-09-03,AWS,Amazon Virtual Private Cloud,EU (Stockholm),0.0,1.0,1,0.0,0,1.0
2024-09-03,AWS,Amazon CloudFront,Europe,0.0,3821.000249261,10,0.0,0,1.0
2024-09-03,AWS,Amazon EC2 Container Registry (ECR),Asia Pacific (Singapore),0.0,0.0001471504,2,0.0,0,1.0
2024-09-03,AWS,Amazon CloudFront,Asia Pacific,0.0,537.4990881244,3,0.0,0,1.0
2024-09-03,AWS,Amazon CloudFront,South America,0.0,59.0,1,0.0,0,1.0
2024-09-03,AWS,Amazon Elastic Compute Cloud,Africa (Cape Town),0.0,0.32500000009999996,5,0.0,0,1.0
2024-09-03,AWS,Datadog,unknown,7.2,736.56,0,7.2,0,1.0
2024-09-03,AWS,AmazonCloudWatch,US West (Oregon),0.0,31030.0692833528,172,0.0,0,1.0
2024-09-03,Microsoft,SQL Database,East US,7.296,48.0,1,7.296,0,1.0
2024-09-03,AWS,AWS Secrets Manager,US East (N. Virginia),0.0,22.0,1,0.0,0,1.0
2024-09-03,AWS,Amazon Elastic Container Service,US West (Oregon),0.0,21.3123298734,87,0.0,0,1.0
2024-09-03,Microsoft,Azure App Service,South Central US,7.2,24.0,1,7.2,0,1.0
2024-09-03,AWS,Amazon CloudFront,Australia,0.0,2.0079328846,2,0.0,0,1.0
2024-09-03,AWS,Amazon EC2 Container Registry (ECR),US West (Oregon),0.0,0.0101974197,7,0.0,0,1.0
2024-09-03,AWS,AmazonCloudWatch,US West (N. California),0.0,6.0,0,0.0,0,1.0
2024-09-03,Microsoft,Microsoft.Fabric,West Central US,9.6,48.0,1,9.6,0,1.0
2024-09-03,AWS,AmazonCloudWatch,Asia Pacific (Osaka),0.0,6.0,0,0.0,0,1.0
2024-09-03,AWS,Amazon EC2 Container Registry (ECR),US East (N. Virginia),0.0,0.0040581513,6,0.0,0,1.0
2024-09-03,AWS,AWS Secrets Manager,US East (Ohio),0.0,6.0,1,0.0,0,1.0
2024-09-03,AWS,AmazonCloudWatch,Any,0.0,0.0013888889,0,0.0,0,1.0
2024-09-03,AWS,AmazonCloudWatch,US East (Ohio),0.0,3.0770600441,5,0.0,0,1.0
2024-09-03,AWS,AmazonCloudWatch,Asia Pacific (Seoul),0.0,6.0,0,0.0,0,1.0
2024-09-03,Microsoft,Azure App Service,Central US,1.92,48.0,2,1.92,0,1.0
2024-09-03,AWS,Amazon EC2 Container Registry (ECR),EU (Stockholm),0.0,0.0005195089,3,0.0,0,1.0
2024-09-03,AWS,CloudWatch Events,External,0.0,0.0002376353,0,0.0,0,1.0
2024-09-03,AWS,AWS Secrets Manager,US West (Oregon),0.0,79.02083333329999,1,0.0,0,1.0
2024-09-03,AWS,Amazon Virtual Private Cloud,EU (London),0.0,1.478056,2,0.0,0,1.0
2024-09-03,Microsoft,Load Balancer,East US 2,0.48,48.0,1,0.48,0,1.0
2024-09-03,AWS,Amazon Elastic Compute Cloud,EU (Stockholm),0.0,1.0000010282,3,0.0,0,1.0
2024-09-03,AWS,Amazon EC2 Container Registry (ECR),EU (Ireland),0.0,3.37e-08,1,0.0,0,1.0
2024-09-03,AWS,AmazonCloudWatch,Asia Pacific (Mumbai),0.0,603.0,0,0.0,0,1.0
2024-09-03,AWS,AmazonCloudWatch,US East (N. Virginia),0.0,728.0226487522,4,0.0,0,1.0
2024-09-03,AWS,Amazon CloudFront,EU (Frankfurt),0.0,0.027375,1,0.0,0,1.0
2024-09-03,AWS,Amazon Elastic Compute Cloud,External,0.0,14.3344919185,238,0.0,0,1.0
2024-09-03,AWS,Amazon Elastic Compute Cloud,EU (Paris),0.0,0.242708376,4,0.0,0,1.0
2024-09-03,AWS,Amazon Virtual Private Cloud,External,0.0,0.0040506246,13,0.0,0,1.0
2024-09-03,AWS,Amazon Elastic Container Service,EU (Ireland),0.0,1.7500003355,3,0.0,0,1.0
2024-09-03,AWS,AmazonCloudWatch,EU (London),0.0,6.0,0,0.0,0,1.0
2024-09-03,AWS,Amazon DynamoDB,Asia Pacific (Sydney),0.0,5.0,1,0.0,0,1.0
2024-09-03,AWS,Amazon CloudFront,Japan,0.0,12.0000626053,4,0.0,0,1.0
2024-09-03,AWS,AmazonCloudWatch,Asia Pacific (Tokyo),0.0,3.0,0,0.0,0,1.0
2024-09-03,AWS,AWS WAF,Any,0.0,1.0027777778,1,0.0,0,1.0
2024-09-03,AWS,Amazon Elastic Compute Cloud,EU (Ireland),0.0,1.0,1,0.0,0,1.0
2024-09-03,AWS,Elastic Load Balancing,EU (Paris),0.0,0.0042626904,1,0.0,0,1.0
2024-09-03,AWS,Elastic Load Balancing,US East (Ohio),0.0,3.0007585865,7,0.0,0,1.0
2024-09-03,AWS,AWS Step Functions,US West (Oregon),0.0,269.0230231509,1,0.0,0,1.0
2024-09-03,AWS,Amazon Elastic Compute Cloud,Asia Pacific (Tokyo),0.0,1.6131291929,40,0.0,0,1.0
2024-09-03,AWS,Amazon Virtual Private Cloud,US East (Ohio),0.0,10.0,10,0.0,0,1.0
2024-09-03,AWS,Amazon Virtual Private Cloud,US West (Oregon),0.0,59.808828931,78,0.0,0,1.0
2024-09-03,AWS,AWS Step Functions,South America (Sao Paulo),0.0,1.15912e-05,0,0.0,0,1.0
2024-09-03,AWS,Amazon Elastic Compute Cloud,US West (N. California),0.0,2.5833567328,10,0.0,0,1.0
2024-09-03,AWS,AmazonCloudWatch,EU (Ireland),0.0,3.0,0,0.0,0,1.0
2024-09-03,AWS,Amazon CloudFront,United States,0.0,92.8981161454,13,0.0,0,1.0
2024-09-03,AWS,AWS Systems Manager,US East (N. Virginia),0.0,4.0,0,0.0,0,1.0
2024-09-03,AWS,AmazonCloudWatch,Canada (Central),0.0,3.0,0,0.0,0,1.0
2024-09-03,AWS,Amazon Elastic Compute Cloud,Canada (Central),0.0,0.2666666667,2,0.0,0,1.0
2024-09-03,AWS,AmazonCloudWatch,EU (Frankfurt),0.0,350.2733494655,2,0.0,0,1.0
2024-09-03,AWS,Amazon CloudFront,US West (Oregon),0.0,0.003375,1,0.0,0,1.0
2024-09-03,AWS,Elastic Load Balancing,US East (N. Virginia),0.0,1.0076090603999999,12,0.0,0,1.0
2024-09-03,AWS,Elastic Load Balancing,External,0.0,0.0192990183,77,0.0,0,1.0
2024-09-03,Microsoft,Azure Machine Learning,East US 2,0.16254288669,5.855824629793701,2,0.16254288669,0,1.0
2024-09-03,AWS,AWS Systems Manager,US West (Oregon),0.0,2290.0,0,0.0,0,1.0
2024-09-03,AWS,Amazon Elastic Compute Cloud,US East (Ohio),0.0,7.2139472118,49,0.0,0,1.0
2024-09-03,AWS,Elastic Load Balancing,EU (Stockholm),0.0,1.0162145342,4,0.0,0,1.0
2024-09-03,AWS,Amazon Elastic Compute Cloud,US West (Oregon),1.0,7805.3393285701995,295,1.0,0,1.0
2024-09-03,AWS,AWS Step Functions,EU (Stockholm),0.0,1.49e-07,0,0.0,0,1.0
2024-09-03,AWS,Amazon DynamoDB,EU (Stockholm),0.0,1.0,1,0.0,0,1.0
2024-09-03,AWS,Elastic Load Balancing,US West (Oregon),0.0,14.2758281619,77,0.0,0,1.0
2024-09-03,AWS,Amazon DynamoDB,US West (Oregon),0.0,23947.000000443997,11,0.0,0,1.0
2024-09-03,AWS,Amazon Elastic Compute Cloud,South America (Sao Paulo),0.0,2.4943655198,10,0.0,0,1.0
2024-09-03,AWS,Amazon API Gateway,US West (Oregon),0.0,5602.0000026561,3,0.0,0,1.0
2024-09-03,Microsoft,Event Grid,East US,-7.2e-06,-0.00012,1,-7.2e-06,0,1.0
2024-09-03,AWS,AmazonCloudWatch,EU (Stockholm),0.0,6.0111111111,1,0.0,0,1.0
2024-09-03,AWS,Amazon Elastic Compute Cloud,EU (Frankfurt),5.0,6.520238463,68,5.0,0,1.0
2024-09-03,Microsoft,Azure Synapse Analytics,East US 2,-10.512,-48.0,1,-10.512,0,1.0
2024-09-03,AWS,Amazon DynamoDB,US West (N. California),0.0,10.0,1,0.0,0,1.0
2024-09-03,AWS,AWS Step Functions,Canada (Central),0.0,1.49e-07,0,0.0,0,1.0
2024-09-03,AWS,Elastic Load Balancing,EU (Frankfurt),0.0,3.0000803955,6,0.0,0,1.0
2024-09-03,AWS,AmazonCloudWatch,Asia Pacific (Sydney),0.0,681.0,0,0.0,0,1.0
2024-09-03,AWS,Amazon Elastic Container Registry Public,US East (N. Virginia),0.0,0.000491583,1,0.0,0,1.0
2024-09-03,AWS,Amazon DynamoDB,US East (Ohio),0.0,1.0,1,0.0,0,1.0
2024-09-03,AWS,Amazon Elastic Compute Cloud,Asia Pacific (Singapore),0.0,2.3569703179,16,0.0,0,1.0
2024-09-03,AWS,AmazonCloudWatch,EU (Paris),0.0,3.0027777778,0,0.0,0,1.0
2024-09-03,AWS,AWS Step Functions,EU (Ireland),0.0,1.49e-07,0,0.0,0,1.0
2024-09-03,AWS,Amazon CloudFront,India,0.0,78.0173606053,3,0.0,0,1.0
2024-09-03,AWS,Elastic Load Balancing,EU (Ireland),0.0,0.0063232453,2,0.0,0,1.0
2024-09-03,AWS,Amazon Elastic Compute Cloud,EU (London),0.0,4.4982294657,22,0.0,0,1.0
2024-09-03,AWS,Amazon DynamoDB,US East (N. Virginia),0.0,4.0,4,0.0,0,1.0
2024-09-03,AWS,Elastic Load Balancing,US West (N. California),0.0,3.278e-07,1,0.0,0,1.0
2024-09-03,AWS,AWS X-Ray,US West (Oregon),0.0,104.0,0,0.0,0,1.0
2024-09-03,AWS,Amazon Virtual Private Cloud,US East (N. Virginia),0.0,7.0,7,0.0,0,1.0
2024-09-03,AWS,Amazon Elastic Compute Cloud,US East (N. Virginia),-4.0,27.1283946834,132,-4.0,0,1.0
2024-09-03,Microsoft,Azure SQL Database,East US,4.7952,48.0,1,4.7952,0,1.0
2024-09-03,AWS,Amazon Elastic Compute Cloud,Asia Pacific (Sydney),0.0,0.3818469656,35,0.0,0,1.0
2024-09-03,AWS,Elastic Load Balancing,Asia Pacific (Tokyo),0.0,1.0000002943,1,0.0,0,1.0
2024-09-03,Microsoft,Storage Accounts,Canada Central,1.8e-07,0.0005,1,1.8e-07,0,1.0
2024-09-03,AWS,Amazon Simple Notification Service,EU (Ireland),0.0,4.0,0,0.0,0,1.0
2024-09-03,AWS,Amazon Simple Email Service,External,0.0,0.0015923614,0,0.0,0,1.0
2024-09-03,AWS,Amazon Relational Database Service,US West (Oregon),1.0,5193677.317088528,14,1.0,0,1.0
2024-09-03,AWS,AWS Key Management Service,US West (Oregon),0.0,0.006944444500000001,5,0.0,0,1.0
2024-09-03,AWS,Amazon Simple Queue Service,US West (Oregon),0.0,39293.0,19,0.0,0,1.0
2024-09-03,AWS,Amazon Simple Queue Service,Asia Pacific (Singapore),0.0,4.0,0,0.0,0,1.0
2024-09-03,AWS,Amazon GuardDuty,Asia Pacific (Mumbai),0.0,91.0,0,0.0,0,1.0
2024-09-03,Microsoft,Virtual Machine Scale Sets,East US,-0.0018229463799999557,-0.03602595347911102,4,-0.0018229463799999557,0,1.0
2024-09-03,AWS,AWS CloudTrail,Canada (Central),0.0,14.0,0,0.0,0,1.0
2024-09-03,AWS,Amazon Elastic File System,EU (Frankfurt),0.0,0.3400810666,1,0.0,0,1.0
2024-09-03,Microsoft,Virtual Machines,West US 2,4.09632768,0.033336,1,4.09632768,0,1.0
2024-09-03,AWS,Amazon Simple Storage Service,US West (N. California),0.0,1.276e-07,0,0.0,0,1.0
2024-09-03,Microsoft,Storage Accounts,East US,-0.00675668223,0.237907025109708,71,-0.00675668223,0,1.0
2024-09-03,AWS,Amazon Virtual Private Cloud,Asia Pacific (Singapore),0.0,1.0,1,0.0,0,1.0
2024-09-03,AWS,Amazon Route 53,unknown,0.0,157.0,4,0.0,0,1.0
2024-09-03,Microsoft,Storage Accounts,South Central US,2.52e-07,0.0007,1,2.52e-07,0,1.0
2024-09-03,AWS,AWS CloudTrail,Asia Pacific (Tokyo),0.0,24.0,0,0.0,0,1.0
2024-09-03,AWS,Amazon Relational Database Service,Asia Pacific (Tokyo),0.0,9.23393e-05,2,0.0,0,1.0
2024-09-03,AWS,AWS Key Management Service,EU (Frankfurt),0.0,0.0013888889,1,0.0,0,1.0
2024-09-03,Microsoft,Virtual Machine Scale Sets,Central US,-3.504,-24.0,1,-3.504,0,1.0
2024-09-03,AWS,AWS CloudTrail,US East (Ohio),0.0,6.0,0,0.0,0,1.0
2024-09-03,AWS,AWS CloudTrail,EU (Stockholm),0.0,121.0,0,0.0,0,1.0
2024-09-03,AWS,Amazon GuardDuty,Asia Pacific (Tokyo),0.0,44.0,0,0.0,0,1.0
2024-09-03,AWS,Amazon Simple Notification Service,US West (Oregon),0.0,63.0000138329,9,0.0,0,1.0
2024-09-03,AWS,AWS CloudTrail,Asia Pacific (Sydney),0.0,6.0,0,0.0,0,1.0
2024-09-03,AWS,Amazon Relational Database Service,Asia Pacific (Singapore),0.0,1.0000005662,1,0.0,0,1.0
2024-09-03,Microsoft,Virtual Network,East US,0.24,48.0,6,0.24,0,1.0
2024-09-03,AWS,Amazon Elastic File System,Asia Pacific (Singapore),0.0,0.0246982654,1,0.0,0,1.0
2024-09-03,AWS,Amazon Simple Storage Service,EU (Frankfurt),0.0,332.0624105478,0,0.0,0,1.0
2024-09-03,Microsoft,Virtual Machines,West US,6.61885616241,29.691744065740824,4,6.61885616241,0,1.0
2024-09-03,AWS,AWS Lambda,US East (N. Virginia),0.0,109593.14587511301,7,0.0,0,1.0
2024-09-03,Microsoft,Storage Accounts,East US 2,-2.782e-05,0.0035530000000000006,4,-2.782e-05,0,1.0
2024-09-03,AWS,Amazon GuardDuty,Africa (Cape Town),0.0,42.0,0,0.0,0,1.0
2024-09-03,AWS,Amazon Relational Database Service,US East (N. Virginia),0.0,0.0027778821,1,0.0,0,1.0
2024-09-03,AWS,AWS Key Management Service,EU (Stockholm),0.0,0.0013888889,1,0.0,0,1.0
2024-09-03,AWS,Amazon Relational Database Service,External,0.0,7.60732e-05,15,0.0,0,1.0
2024-09-03,AWS,AWS CloudTrail,EU (Paris),0.0,154.0,0,0.0,0,1.0
2024-09-03,AWS,Amazon Simple Queue Service,EU (London),0.0,4.0,0,0.0,0,1.0
2024-09-03,AWS,Amazon Relational Database Service,US East (Ohio),0.0,8931.2355577916,6,0.0,0,1.0
2024-09-03,AWS,Amazon Simple Storage Service,US West (Oregon),0.0,2753.3117505906,0,0.0,0,1.0
2024-09-03,Microsoft,Storage Accounts,North Central US,1.8320000000000004e-06,-0.0121,1,1.8320000000000004e-06,0,1.0
2024-09-03,AWS,AWS Key Management Service,US East (N. Virginia),0.0,0.0013888889,1,0.0,0,1.0
2024-09-03,AWS,Amazon Elastic File System,US West (Oregon),0.0,19.994150802900002,5,0.0,0,1.0
2024-09-03,AWS,Amazon Simple Queue Service,US East (N. Virginia),0.0,8.0,0,0.0,0,1.0
2024-09-03,Microsoft,Storage Accounts,Korea Central,0.170630136,3.447272000000001,1,0.170630136,0,1.0
2024-09-03,AWS,AWS CloudTrail,EU (London),0.0,604.0,0,0.0,0,1.0
2024-09-03,AWS,Amazon Elastic File System,US East (Ohio),0.0,2.4504e-06,2,0.0,0,1.0
2024-09-03,Microsoft,Virtual Machines,South Central US,0.409934,7.0,1,0.409934,0,1.0
2024-09-03,AWS,AWS Key Management Service,EU (London),0.0,0.0041666667,2,0.0,0,1.0
2024-09-03,Microsoft,Virtual Machines,Central US,0.3200256,0.033336,1,0.3200256,0,1.0
2024-09-03,AWS,AWS CloudTrail,Europe (Zurich),0.0,46.0,0,0.0,0,1.0
2024-09-03,AWS,Amazon Simple Queue Service,EU (Frankfurt),0.0,25.0,1,0.0,0,1.0
2024-09-03,AWS,AWS Key Management Service,US East (Ohio),0.0,0.009722222300000001,7,0.0,0,1.0
2024-09-03,AWS,AWS Key Management Service,EU (Ireland),0.0,0.0013888889,1,0.0,0,1.0
2024-09-03,AWS,Amazon Simple Storage Service,US East (N. Virginia),0.0,1956.4226883344,0,0.0,0,1.0
2024-09-03,AWS,Amazon Virtual Private Cloud,Asia Pacific (Mumbai),0.0,3.0,2,0.0,0,1.0
2024-09-03,AWS,Amazon Elastic File System,US East (N. Virginia),0.0,1.5890477922,2,0.0,0,1.0
2024-09-03,AWS,AWS CloudTrail,EU (Ireland),0.0,41.0,0,0.0,0,1.0
2024-09-03,AWS,Amazon Simple Queue Service,Asia Pacific (Tokyo),0.0,4.0,0,0.0,0,1.0
2024-09-03,AWS,Amazon Relational Database Service,EU (Ireland),0.0,0.472741,1,0.0,0,1.0
2024-09-03,AWS,AWS CloudTrail,EU (Frankfurt),0.0,13.0,0,0.0,0,1.0
2024-09-03,AWS,Amazon Simple Email Service,US West (Oregon),0.0,9.00007415,0,0.0,0,1.0
2024-09-03,Microsoft,Virtual Machines,East US,1.31413722435,0.068277217345059,11,1.31413722435,0,1.0
2024-09-03,AWS,Amazon Virtual Private Cloud,Asia Pacific (Sydney),0.0,2.0,2,0.0,0,1.0
2024-09-03,AWS,Amazon Simple Storage Service,US East (Ohio),0.0,0.0060500765,0,0.0,0,1.0
2024-09-03,AWS,AWS CloudTrail,Asia Pacific (Seoul),0.0,12.0,0,0.0,0,1.0
2024-09-03,Microsoft,Storage Accounts,West Europe,-5.1e-06,-0.00038,1,-5.1e-06,0,1.0
2024-09-03,Oracle,BLOCK_STORAGE,us-sanjose-1,0.0,1.9583333333319999,4,0.0,0,1.0
2024-09-03,Microsoft,Storage Accounts,UK West,-7.608e-06,-0.0008,2,-7.608e-06,0,1.0
2024-09-03,AWS,Amazon Simple Notification Service,Asia Pacific (Seoul),0.0,4.0,0,0.0,0,1.0
2024-09-03,Oracle,NETWORK,us-sanjose-1,0.0,0.010967632754999998,7,0.0,0,1.0
2024-09-03,AWS,Amazon Simple Notification Service,US East (N. Virginia),0.0,12.0,0,0.0,0,1.0
2024-09-03,Microsoft,Storage Accounts,Central US,0.550963444,6.050355999999998,7,0.550963444,0,1.0
2024-09-03,AWS,Amazon Simple Storage Service,External,0.0,0.056651864200000006,0,0.0,0,1.0
2024-09-03,AWS,Amazon Elastic Container Service for Kubernetes,US East (Ohio),0.0,2.0,2,0.0,0,1.0
2024-09-03,AWS,Amazon Simple Notification Service,External,0.0,3.8734e-06,1,0.0,0,1.0
2024-09-03,AWS,AWS Glue,US East (N. Virginia),0.0,0.4569444445,0,0.0,0,1.0
2024-09-03,Oracle,COMPUTE,us-sanjose-1,2.0,182.000240230672,6,2.0,0,1.0
2024-09-03,AWS,Amazon GuardDuty,US East (Ohio),0.0,161.0,0,0.0,0,1.0
2024-09-03,AWS,Amazon GuardDuty,EU (London),0.0,72.0,0,0.0,0,1.0
2024-09-03,AWS,AWS Lambda,US West (Oregon),0.0,7905.6638593855,10,0.0,0,1.0
2024-09-03,AWS,AWS CloudTrail,Asia Pacific (Jakarta),0.0,55.0,0,0.0,0,1.0
2024-09-03,AWS,Amazon Simple Notification Service,Asia Pacific (Singapore),0.0,4.0,0,0.0,0,1.0
2024-09-03,Microsoft,Storage Accounts,West US,-0.009899623,-0.161768,6,-0.009899623,0,1.0
2024-09-03,AWS,Amazon Simple Notification Service,South America (Sao Paulo),0.0,8.0,0,0.0,0,1.0
2024-09-03,AWS,AWS CloudTrail,Asia Pacific (Mumbai),0.0,12.0,0,0.0,0,1.0
2024-09-03,AWS,AWS CloudTrail,Africa (Cape Town),0.0,35.0,0,0.0,0,1.0
2024-09-03,AWS,AWS CloudTrail,US West (Oregon),0.0,2798.0,0,0.0,0,1.0
2024-09-03,Oracle,ORACLE_STREAMING_SERVICE,us-sanjose-1,0.0,7.8186392e-05,1,0.0,0,1.0
2024-09-03,AWS,AWS CloudTrail,US West (N. California),0.0,12.0,0,0.0,0,1.0
2024-09-03,AWS,Amazon Simple Notification Service,US West (N. California),0.0,4.0,0,0.0,0,1.0
2024-09-03,AWS,Amazon Elastic Container Service for Kubernetes,US West (Oregon),0.0,2.0,2,0.0,0,1.0
2024-09-03,AWS,Amazon Virtual Private Cloud,EU (Frankfurt),0.0,8.0,8,0.0,0,1.0
2024-09-03,Microsoft,Storage Accounts,East Asia,5.436e-06,0.0151,1,5.436e-06,0,1.0
2024-09-03,AWS,Amazon Virtual Private Cloud,Asia Pacific (Tokyo),0.0,2.3525,3,0.0,0,1.0
2024-09-03,AWS,AWS Lambda,US East (Ohio),0.0,52.977,8,0.0,0,1.0
2024-09-03,Microsoft,Storage Accounts,Southeast Asia,-6.48e-06,-0.000144,1,-6.48e-06,0,1.0
2024-09-03,AWS,Amazon Simple Notification Service,Africa (Cape Town),0.0,4.0,0,0.0,0,1.0
2024-09-03,Microsoft,Storage Accounts,Canada East,0.0013763568,0.074802,1,0.0013763568,0,1.0
2024-09-03,AWS,AWS Data Transfer,US West (Oregon),0.0,0.0,0,0.0,0,1.0
2024-09-03,AWS,Amazon Lightsail,EU (Frankfurt),0.0,1.0,1,0.0,0,1.0
2024-09-03,Microsoft,Virtual Network,West US,0.023999999999999994,0.0,2,0.023999999999999994,0,1.0
2024-09-03,Microsoft,Storage Accounts,West US 2,0.0010172967999999998,0.052176,8,0.0010172967999999998,0,1.0
2024-09-04,AWS,Amazon CloudFront,Middle East,0.0,12.0,1,0.0,0,1.0
2024-09-04,AWS,AmazonCloudWatch,Asia Pacific (Mumbai),0.0,126.0,0,0.0,0,1.0
2024-09-04,AWS,Amazon CloudFront,Asia Pacific,0.0,541.0,4,0.0,0,1.0
2024-09-04,Microsoft,Virtual Machines,Canada Central,10.656,24.0,1,10.656,0,1.0
2024-09-04,AWS,AWS CloudTrail,EU (Stockholm),0.0,6.0,0,0.0,0,1.0
2024-09-04,Microsoft,Storage Accounts,West Central US,0.0,0.000984,1,0.0,0,1.0
2024-09-04,Microsoft,Azure DNS,Global,6.92e-05,0.000173,1,6.92e-05,0,1.0
2024-09-04,AWS,Amazon Relational Database Service,External,0.0,3.3281700000000004e-05,10,0.0,0,1.0
2024-09-04,AWS,Elastic Load Balancing,US East (Ohio),0.0,3.0011804712,9,0.0,0,1.0
2024-09-04,AWS,Amazon Elastic Compute Cloud,EU (Ireland),0.0,0.0555555556,1,0.0,0,1.0
2024-09-04,AWS,Amazon Simple Queue Service,US East (N. Virginia),0.0,8.0,0,0.0,0,1.0
2024-09-04,AWS,Amazon CloudFront,Japan,0.0,36.0000410341,1,0.0,0,1.0
2024-09-04,AWS,AWS Data Transfer,US West (Oregon),0.0,0.0,0,0.0,0,1.0
2024-09-04,Microsoft,Azure Data Factory,East US,1e-05,2e-05,1,1e-05,0,1.0
2024-09-04,Microsoft,Storage Accounts,West Europe,9e-06,0.0006,1,9e-06,0,1.0
2024-09-04,AWS,AmazonCloudWatch,Asia Pacific (Tokyo),0.0,230.0,0,0.0,0,1.0
2024-09-04,AWS,Amazon CloudFront,Australia,0.0,5.119116677,2,0.0,0,1.0
2024-09-04,Microsoft,Storage Accounts,West US,0.00013390100000000002,0.005665999999999997,8,0.00013390100000000002,0,1.0
2024-09-04,AWS,AmazonCloudWatch,Asia Pacific (Seoul),0.0,12.0,0,0.0,0,1.0
2024-09-04,Microsoft,Application Gateway,East US,-3.84,-480.0,1,-3.84,0,1.0
2024-09-04,AWS,AWS CloudTrail,US West (N. California),0.0,21.0,0,0.0,0,1.0
2024-09-04,Microsoft,Azure App Service,Central US,5.451958488753701,24.0,1,1.44,1,2.8395617128925528
2024-09-04,AWS,Amazon Virtual Private Cloud,EU (Frankfurt),0.0,4.863889,5,0.0,0,1.0
2024-09-04,AWS,Amazon Elastic Compute Cloud,EU (Stockholm),0.0,2.2056843082,7,0.0,0,1.0
2024-09-04,AWS,Amazon Simple Storage Service,EU (Frankfurt),0.0,5.0,0,0.0,0,1.0
2024-09-04,AWS,Amazon CloudFront,Europe,0.0,434.00104166849997,5,0.0,0,1.0
2024-09-04,AWS,Amazon Elastic Compute Cloud,EU (Paris),0.0,1.0347471758,2,0.0,0,1.0
2024-09-04,AWS,Amazon Relational Database Service,Asia Pacific (Tokyo),0.0,0.1388888889,1,0.0,0,1.0
2024-09-04,AWS,AmazonCloudWatch,Asia Pacific (Singapore),0.0,3.0,0,0.0,0,1.0
2024-09-04,AWS,Amazon CloudFront,Canada,0.0,6.0031393152,2,0.0,0,1.0
2024-09-04,AWS,Amazon Elastic Compute Cloud,External,0.0,11.1914738152,245,0.0,0,1.0
2024-09-04,AWS,AmazonCloudWatch,Asia Pacific (Osaka),0.0,6.0,0,0.0,0,1.0
2024-09-04,AWS,Elastic Load Balancing,US West (Oregon),0.0,6.5262419218,77,0.0,0,1.0
2024-09-04,AWS,AWS CloudTrail,US East (N. Virginia),0.0,4793.0,0,0.0,0,1.0
2024-09-04,AWS,AWS CloudTrail,US West (Oregon),0.0,2917.0,0,0.0,0,1.0
2024-09-04,Microsoft,Virtual Machine Scale Sets,East US,0.97179160461,23.359286376718373,2,0.97179160461,0,1.0
2024-09-04,AWS,Amazon Simple Queue Service,US West (Oregon),0.0,2966.0,9,0.0,0,1.0
2024-09-04,AWS,AWS CloudTrail,South America (Sao Paulo),0.0,266.0,0,0.0,0,1.0
2024-09-04,AWS,Amazon CloudFront,India,0.0,1.0,1,0.0,0,1.0
2024-09-04,AWS,Amazon Elastic Compute Cloud,EU (London),0.0,2.6232990595,30,0.0,0,1.0
2024-09-04,Microsoft,Storage Accounts,West US 2,0.0015512800000000002,0.0584,6,0.0015512800000000002,0,1.0
2024-09-04,AWS,AmazonCloudWatch,Asia Pacific (Sydney),0.0,9.0,0,0.0,0,1.0
2024-09-04,AWS,Elastic Load Balancing,US West (N. California),0.0,1.0,1,0.0,0,1.0
2024-09-04,AWS,Amazon CloudFront,Asia Pacific (Tokyo),0.0,1.0,1,0.0,0,1.0
2024-09-04,AWS,Amazon GuardDuty,US West (Oregon),0.0,80.0,0,0.0,0,1.0
2024-09-04,Microsoft,Storage Accounts,Canada Central,0.0064689984,0.351576,1,0.0064689984,0,1.0
2024-09-04,AWS,Amazon Elastic Compute Cloud,Asia Pacific (Tokyo),0.0,2.9598946452,44,0.0,0,1.0
2024-09-04,AWS,AmazonCloudWatch,Canada (Central),0.0,226.0,0,0.0,0,1.0
2024-09-04,AWS,Amazon EC2 Container Registry (ECR),EU (Frankfurt),0.0,0.0003106757,1,0.0,0,1.0
2024-09-04,AWS,Amazon Simple Notification Service,Asia Pacific (Mumbai),0.0,4.0,0,0.0,0,1.0
2024-09-04,AWS,Amazon Simple Notification Service,Africa (Cape Town),0.0,4.0,0,0.0,0,1.0
2024-09-04,AWS,Amazon EC2 Container Registry (ECR),Asia Pacific (Sydney),0.0,0.0003017909,1,0.0,0,1.0
2024-09-04,AWS,Amazon Elastic Compute Cloud,Asia Pacific (Mumbai),0.0,8.676336772500001,49,0.0,0,1.0
2024-09-04,Microsoft,Virtual Network,West US,0.096,24.0,1,0.096,0,1.0
2024-09-04,AWS,AmazonCloudWatch,South America (Sao Paulo),0.0,157.0,0,0.0,0,1.0
2024-09-04,AWS,Amazon EC2 Container Registry (ECR),Asia Pacific (Singapore),0.0,4.65135e-05,1,0.0,0,1.0
2024-09-04,AWS,Amazon Simple Notification Service,US East (Ohio),0.0,8.0000004992,0,0.0,0,1.0
2024-09-04,Microsoft,Virtual Network,South Central US,0.216,48.0,2,0.216,0,1.0
2024-09-04,AWS,Elastic Load Balancing,Asia Pacific (Sydney),0.0,1.0000001062,1,0.0,0,1.0
2024-09-04,AWS,Amazon Simple Email Service,US West (Oregon),0.0,8.0000016754,0,0.0,0,1.0
2024-09-04,AWS,Elastic Load Balancing,Asia Pacific (Tokyo),0.0,6.29231e-05,2,0.0,0,1.0
2024-09-04,AWS,Amazon Elastic Compute Cloud,Asia Pacific (Osaka),0.0,0.30000000000000004,3,0.0,0,1.0
2024-09-04,AWS,Amazon DynamoDB,US West (Oregon),0.0,11.0010452579,5,0.0,0,1.0
2024-09-04,Microsoft,Virtual Network,East US,0.6714340326935013,48.0,6,0.24,1,2.797641802889589
2024-09-04,AWS,AmazonCloudWatch,EU (Stockholm),0.0,6.0222222222,2,0.0,0,1.0
2024-09-04,AWS,AWS CloudTrail,Asia Pacific (Seoul),0.0,103.0,0,0.0,0,1.0
2024-09-04,AWS,Amazon Elastic Compute Cloud,Asia Pacific (Seoul),0.0,0.1666666667,1,0.0,0,1.0
2024-09-04,AWS,Elastic Load Balancing,Asia Pacific (Singapore),0.0,0.0291995937,1,0.0,0,1.0
2024-09-04,AWS,AmazonCloudWatch,US East (N. Virginia),0.0,259.4756360396,8,0.0,0,1.0
2024-09-04,AWS,AmazonCloudWatch,US West (Oregon),0.0,3437.1132608487,147,0.0,0,1.0
2024-09-04,AWS,AWS Backup,US West (Oregon),0.0,1.44175e-05,2,0.0,0,1.0
2024-09-04,AWS,Amazon EC2 Container Registry (ECR),US West (Oregon),0.0,0.0035424428,5,0.0,0,1.0
2024-09-04,AWS,AmazonCloudWatch,US West (N. California),0.0,6.0,0,0.0,0,1.0
2024-09-04,AWS,Amazon Simple Notification Service,Asia Pacific (Tokyo),0.0,4.0,0,0.0,0,1.0
2024-09-04,AWS,Amazon EC2 Container Registry (ECR),US East (N. Virginia),0.0,0.3727181959,5,0.0,0,1.0
2024-09-04,AWS,AWS CloudTrail,Africa (Cape Town),0.0,171.0,0,0.0,0,1.0
2024-09-04,AWS,AmazonCloudWatch,US East (Ohio),0.0,12.1610551387,10,0.0,0,1.0
2024-09-04,AWS,CloudWatch Events,EU (Frankfurt),0.0,40.0,0,0.0,0,1.0
2024-09-04,AWS,CloudWatch Events,EU (London),0.0,28.0,0,0.0,0,1.0
2024-09-04,AWS,AWS CloudTrail,Asia Pacific (Melbourne),0.0,45.0,0,0.0,0,1.0
2024-09-04,AWS,Amazon EC2 Container Registry (ECR),EU (Stockholm),0.0,0.0005558226,5,0.0,0,1.0
2024-09-04,AWS,CloudWatch Events,External,0.0,9.76398e-05,0,0.0,0,1.0
2024-09-04,AWS,Amazon Simple Notification Service,Asia Pacific (Singapore),0.0,4.0,0,0.0,0,1.0
2024-09-04,AWS,Amazon Elastic Compute Cloud,Africa (Cape Town),0.0,0.3986111112,3,0.0,0,1.0
2024-09-04,AWS,Amazon EC2 Container Registry (ECR),EU (Ireland),0.0,8.929659999999998e-05,6,0.0,0,1.0
2024-09-04,Oracle,COMPUTE,us-sanjose-1,0.0,-38.0,2,0.0,0,1.0
2024-09-04,AWS,AWS CloudTrail,Asia Pacific (Osaka),0.0,61.0,0,0.0,0,1.0
2024-09-04,Microsoft,Virtual Machines,East US,5.241981587999056,7.855544955367089,10,0.87818404515,1,3.9889149252216414
2024-09-04,AWS,Amazon DynamoDB,US West (N. California),0.0,5.0,2,0.0,0,1.0
2024-09-04,AWS,Elastic Load Balancing,EU (Frankfurt),0.0,0.005040551900000001,4,0.0,0,1.0
2024-09-04,AWS,Elastic Load Balancing,EU (Paris),0.0,1.8612980904,1,0.0,0,1.0
2024-09-04,AWS,AWS CloudTrail,EU (Ireland),0.0,56.0,0,0.0,0,1.0
2024-09-04,AWS,Amazon Simple Queue Service,EU (Frankfurt),0.0,4.0,0,0.0,0,1.0
2024-09-04,AWS,Elastic Load Balancing,EU (Stockholm),0.0,0.0004493258,3,0.0,0,1.0
2024-09-04,AWS,Amazon CloudFront,United States,0.0,4695.1722415974,6,0.0,0,1.0
2024-09-04,Microsoft,Virtual Machines,South Central US,0.0007491649500000001,0.009876285679639,2,0.0007491649500000001,0,1.0
2024-09-04,AWS,AmazonCloudWatch,EU (Frankfurt),0.0,226.0,0,0.0,0,1.0
2024-09-04,AWS,Amazon Elastic Compute Cloud,Canada (Central),0.0,0.1,1,0.0,0,1.0
2024-09-04,AWS,AWS CloudTrail,EU (London),0.0,6.0,0,0.0,0,1.0
2024-09-04,AWS,Amazon CloudFront,US West (Oregon),0.0,14166.0,1,0.0,0,1.0
2024-09-04,AWS,Amazon Relational Database Service,US East (Ohio),0.0,12625.000087339,7,0.0,0,1.0
2024-09-04,AWS,Elastic Load Balancing,External,0.0,0.0353167515,102,0.0,0,1.0
2024-09-04,AWS,Amazon Elastic Compute Cloud,EU (Frankfurt),0.0,7.7874694937,72,0.0,0,1.0
2024-09-04,AWS,Amazon CloudFront,South America,0.0,0.0017715758,1,0.0,0,1.0
2024-09-04,AWS,AWS CloudTrail,EU (Paris),0.0,614.0,0,0.0,0,1.0
2024-09-04,AWS,Amazon Simple Queue Service,South America (Sao Paulo),0.0,4.0,0,0.0,0,1.0
2024-09-04,AWS,Elastic Load Balancing,US East (N. Virginia),0.0,2.0186841703,13,0.0,0,1.0
2024-09-04,AWS,AmazonCloudWatch,EU (Ireland),0.0,9.0000033108,1,0.0,0,1.0
2024-09-04,AWS,Amazon Simple Notification Service,US West (Oregon),0.0,28.0,3,0.0,0,1.0
2024-09-04,AWS,Amazon Simple Queue Service,Asia Pacific (Sydney),0.0,4.0,0,0.0,0,1.0
2024-09-04,Microsoft,Virtual Machines,West US,0.00606226477,12.117174295327068,2,0.00606226477,0,1.0
2024-09-04,AWS,AmazonCloudWatch,EU (Paris),0.0,123.0,0,0.0,0,1.0
2024-09-04,AWS,Amazon Simple Queue Service,Asia Pacific (Osaka),0.0,4.0,0,0.0,0,1.0
2024-09-04,AWS,Amazon DynamoDB,US East (Ohio),0.0,5.9792e-06,1,0.0,0,1.0
2024-09-04,Microsoft,Virtual Network,Central US,-0.12,-24.0,1,-0.12,0,1.0
2024-09-04,AWS,Amazon Elastic Compute Cloud,Asia Pacific (Singapore),5.0,1.1340068526,12,5.0,0,1.0
2024-09-04,AWS,Amazon Route 53,unknown,0.0,1254.0,13,0.0,0,1.0
2024-09-04,AWS,AWS CloudTrail,Asia Pacific (Tokyo),0.0,6.0,0,0.0,0,1.0
2024-09-04,AWS,Amazon DynamoDB,US East (N. Virginia),0.0,5.0,1,0.0,0,1.0
2024-09-04,Microsoft,Virtual Machines,West US 2,9.6,24.0,1,9.6,0,1.0
2024-09-04,AWS,Elastic Load Balancing,EU (Ireland),0.0,1.0002941824,1,0.0,0,1.0
2024-09-04,AWS,AmazonCloudWatch,EU (London),0.0,15.0,0,0.0,0,1.0
2024-09-04,AWS,AWS CloudTrail,Canada (Central),0.0,12.0,0,0.0,0,1.0
2024-09-04,AWS,Amazon Simple Queue Service,Asia Pacific (Singapore),0.0,8.0,0,0.0,0,1.0
2024-09-04,AWS,Amazon Elastic Compute Cloud,Asia Pacific (Sydney),0.0,2.704194932,33,0.0,0,1.0
2024-09-04,AWS,Amazon DynamoDB,EU (Stockholm),0.0,1.0,1,0.0,0,1.0
2024-09-04,AWS,Elastic Load Balancing,EU (London),0.0,1.0000063526,1,0.0,0,1.0
2024-09-04,AWS,Amazon Relational Database Service,US West (Oregon),0.0,4.1420421072,20,0.0,0,1.0
2024-09-04,AWS,AWS CloudTrail,EU (Frankfurt),0.0,10.0,0,0.0,0,1.0
2024-09-04,Microsoft,Azure Data Factory,West US,-8e-05,-0.00016,1,-8e-05,0,1.0
2024-09-04,AWS,AWS CloudTrail,US East (Ohio),0.0,1322.0,0,0.0,0,1.0
2024-09-04,AWS,Amazon Elastic Compute Cloud,South America (Sao Paulo),0.0,2.091676938,17,0.0,0,1.0
2024-09-04,Microsoft,Storage Accounts,East US 2,11.1450734094,263.4781780000001,2,11.1450734094,0,1.0
2024-09-04,Microsoft,Azure SQL Database,West US 2,33.0,88.0,1,33.0,0,1.0
2024-09-04,AWS,AWS Step Functions,EU (Ireland),0.0,1.49e-07,0,0.0,0,1.0
2024-09-04,AWS,Amazon Virtual Private Cloud,Asia Pacific (Mumbai),0.0,9.821944,9,0.0,0,1.0
2024-09-04,AWS,Amazon Virtual Private Cloud,South America (Sao Paulo),0.0,1.0,1,0.0,0,1.0
2024-09-04,AWS,Amazon Simple Storage Service,US East (N. Virginia),0.0,63.2621656906,0,0.0,0,1.0
2024-09-04,AWS,Amazon Elastic Compute Cloud,US West (Oregon),-2.0,210.8505014277,232,-2.0,0,1.0
2024-09-04,AWS,Amazon Virtual Private Cloud,Africa (Cape Town),0.0,0.876111,1,0.0,0,1.0
2024-09-04,Microsoft,Storage Accounts,France Central,3.7471999999999996e-05,0.0168,1,3.7471999999999996e-05,0,1.0
2024-09-04,AWS,Amazon Elastic File System,US East (Ohio),0.0,2.4425e-06,1,0.0,0,1.0
2024-09-04,AWS,AWS Step Functions,South America (Sao Paulo),0.0,1.49e-07,0,0.0,0,1.0
2024-09-04,AWS,Amazon Elastic File System,US West (Oregon),0.0,0.029166666900000002,5,0.0,0,1.0
2024-09-04,AWS,AWS Step Functions,US East (Ohio),0.0,1.14413e-05,0,0.0,0,1.0
2024-09-04,AWS,Amazon Virtual Private Cloud,US East (N. Virginia),0.0,9.95139,12,0.0,0,1.0
2024-09-04,AWS,AWS Key Management Service,US West (N. California),0.0,0.0013888889,1,0.0,0,1.0
2024-09-04,Microsoft,Azure Private Link,Global,0.01612903226,0.032258064516129,1,0.01612903226,0,1.0
2024-09-04,AWS,AWS Step Functions,US West (Oregon),0.0,694.010119088,1,0.0,0,1.0
2024-09-04,Microsoft,Storage Accounts,North Europe,2.16e-07,0.0006,1,2.16e-07,0,1.0
2024-09-04,AWS,Amazon Elastic Compute Cloud,US West (N. California),0.0,0.293951211,6,0.0,0,1.0
2024-09-04,AWS,Amazon Simple Storage Service,US West (Oregon),2.0,180.6367608889,0,2.0,0,1.0
2024-09-04,AWS,AWS Key Management Service,EU (London),0.0,0.0013888889,1,0.0,0,1.0
2024-09-04,AWS,AWS Systems Manager,US East (N. Virginia),0.0,4.0,0,0.0,0,1.0
2024-09-04,AWS,Amazon Virtual Private Cloud,US East (Ohio),0.0,3.0,3,0.0,0,1.0
2024-09-04,Microsoft,Azure Monitor,East US,2.64602264187,26.46022641870044,1,2.64602264187,0,1.0
2024-09-04,AWS,Amazon Virtual Private Cloud,US West (N. California),0.0,2.0,2,0.0,0,1.0
2024-09-04,AWS,AWS Systems Manager,US West (Oregon),0.0,3190.0,0,0.0,0,1.0
2024-09-04,AWS,Amazon Elastic Compute Cloud,US East (Ohio),0.0,6.5456753898999995,41,0.0,0,1.0
2024-09-04,Microsoft,Azure Machine Learning,East US 2,-0.16830422799,1.2873138660401091,2,-0.16830422799,0,1.0
2024-09-04,AWS,AWS Key Management Service,EU (Frankfurt),0.0,0.0055555556,3,0.0,0,1.0
2024-09-04,Microsoft,Storage Accounts,South Central US,0.0010594704,0.047496000000000003,1,0.0010594704,0,1.0
2024-09-04,Microsoft,Storage Accounts,North Central US,0.6570569,0.032263,2,0.6570569,0,1.0
2024-09-04,AWS,Amazon GuardDuty,Asia Pacific (Singapore),0.0,47.0,0,0.0,0,1.0
2024-09-04,Microsoft,Azure Synapse Analytics,East US 2,0.4026643826,11.948497999999997,1,0.4026643826,0,1.0
2024-09-04,AWS,Amazon Virtual Private Cloud,External,0.0,1.8703000000000001e-06,10,0.0,0,1.0
2024-09-04,Microsoft,SQL Managed Instance,West US 2,0.0,5.0,1,0.0,0,1.0
2024-09-04,Microsoft,SQL Database,West US 2,5.53125,14.75,1,5.53125,0,1.0
2024-09-04,AWS,Amazon Elastic Container Service for Kubernetes,EU (London),0.0,1.0,1,0.0,0,1.0
2024-09-04,AWS,Amazon Virtual Private Cloud,EU (Ireland),0.0,3.0,3,0.0,0,1.0
2024-09-04,AWS,AWS Lambda,US West (Oregon),0.0,23164.7493749278,12,0.0,0,1.0
2024-09-04,AWS,AWS Secrets Manager,US East (N. Virginia),0.0,13.0,1,0.0,0,1.0
2024-09-04,AWS,Amazon Elastic Container Service,US West (Oregon),0.0,25.5048588299,91,0.0,0,1.0
2024-09-04,Microsoft,Storage Accounts,Canada East,7.9e-05,0.001,1,7.9e-05,0,1.0
2024-09-04,AWS,AWS Secrets Manager,US East (Ohio),0.0,0.0055555556,0,0.0,0,1.0
2024-09-04,AWS,Amazon Elastic Container Service,US East (N. Virginia),0.0,1.0,1,0.0,0,1.0
2024-09-04,AWS,Amazon Virtual Private Cloud,Asia Pacific (Tokyo),0.0,9.971111,9,0.0,0,1.0
2024-09-04,AWS,AWS Secrets Manager,US West (Oregon),0.0,0.0388888889,0,0.0,0,1.0
2024-09-04,AWS,AWS Lambda,US East (Ohio),0.0,108.720426264,4,0.0,0,1.0
2024-09-04,AWS,Amazon Virtual Private Cloud,EU (London),0.0,2.0,2,0.0,0,1.0
2024-09-04,AWS,AWS Step Functions,Asia Pacific (Tokyo),0.0,1.49e-07,0,0.0,0,1.0
2024-09-04,AWS,Amazon Virtual Private Cloud,EU (Paris),0.0,2.0,2,0.0,0,1.0
2024-09-04,Microsoft,Storage Accounts,Central US,3.018e-05,0.05217,9,3.018e-05,0,1.0
2024-09-04,AWS,Amazon Elastic Container Service,External,0.0,0.4067503337,27,0.0,0,1.0
2024-09-04,AWS,AWS Lambda,US East (N. Virginia),0.0,485.4707751552,4,0.0,0,1.0
2024-09-04,Microsoft,Storage Accounts,East Asia,0.00010368,0.288006,1,0.00010368,0,1.0
2024-09-04,Microsoft,Key Vault,Global,-1.2e-05,-0.0006000000000000001,4,-1.2e-05,0,1.0
2024-09-04,AWS,Amazon Virtual Private Cloud,EU (Stockholm),0.0,1.0,1,0.0,0,1.0
2024-09-04,AWS,AWS Lambda,External,0.0,0.0188501906,0,0.0,0,1.0
2024-09-04,AWS,AWS Step Functions,Asia Pacific (Mumbai),0.0,2.98e-07,0,0.0,0,1.0
2024-09-04,AWS,Amazon Elastic Container Service,EU (Ireland),0.0,0.5000000745,3,0.0,0,1.0
2024-09-04,AWS,Amazon Virtual Private Cloud,Asia Pacific (Singapore),0.0,1.0,1,0.0,0,1.0
2024-09-04,Microsoft,Key Vault,East US,0.0,0.0,1,0.0,0,1.0
2024-09-04,Microsoft,Storage Accounts,East US,0.0014155853095200184,0.078542,91,0.000679872,1,2.0821350335357516
2024-09-04,AWS,Amazon Elastic File System,EU (Frankfurt),0.0,0.3523963928,1,0.0,0,1.0
2024-09-04,AWS,AWS Key Management Service,US West (Oregon),0.0,40.0027777778,5,0.0,0,1.0
2024-09-04,Microsoft,Load Balancer,East US,-0.56866672145,-17.733344290405512,3,-0.56866672145,0,1.0
2024-09-04,AWS,Amazon Virtual Private Cloud,US West (Oregon),0.0,65.3977927189,78,0.0,0,1.0
2024-09-04,AWS,AWS Key Management Service,US East (Ohio),0.0,16.0083333334,6,0.0,0,1.0
2024-09-04,Microsoft,Storage Accounts,UK West,4.32e-07,0.0012,2,4.32e-07,0,1.0
2024-09-04,AWS,Amazon API Gateway,US West (Oregon),0.0,4127.0000002012,2,0.0,0,1.0
2024-09-04,AWS,AWS WAF,Any,0.0,0.0013888889,1,0.0,0,1.0
2024-09-04,AWS,Amazon Elastic Compute Cloud,US East (N. Virginia),0.0,22.8714079796,127,0.0,0,1.0
2024-09-04,AWS,Amazon Simple Storage Service,US East (Ohio),0.0,26.0,0,0.0,0,1.0
2024-09-04,Microsoft,Azure Kubernetes Service,East US,-2.2584,-240.0,1,-2.2584,0,1.0
2024-09-04,Microsoft,Azure ExpressRoute,South Central US,4.19,0.032258064516129,1,4.19,0,1.0
2024-09-04,Microsoft,Azure Data Factory v2,West US,-0.050416666670000006,-0.283333333333334,1,-0.050416666670000006,0,1.0
2024-09-04,Microsoft,Azure Data Factory,West US 2,-1e-05,-2e-05,1,-1e-05,0,1.0
2024-09-04,AWS,AWS Glue,US West (Oregon),0.0,0.0138888889,0,0.0,0,1.0
2024-09-04,AWS,AmazonCloudWatch,Africa (Cape Town),0.0,258.0,0,0.0,0,1.0
2024-09-04,Microsoft,Azure File Sync,Central US,0.0,0.033333333333333,1,0.0,0,1.0
2024-09-04,AWS,AWS Glue,US East (N. Virginia),0.0,0.8888888888,0,0.0,0,1.0
2024-09-05,AWS,Amazon Simple Notification Service,US East (Ohio),0.0,2.98e-07,0,0.0,0,1.0
2024-09-05,AWS,Amazon Virtual Private Cloud,EU (Stockholm),0.0,2.0,2,0.0,0,1.0
2024-09-05,AWS,Amazon DynamoDB,US West (N. California),0.0,10.0,1,0.0,0,1.0
2024-09-05,AWS,Amazon Elastic Compute Cloud,Asia Pacific (Seoul),0.0,0.6333333334,5,0.0,0,1.0
2024-09-05,AWS,AWS Lambda,External,0.0,0.0004972573,0,0.0,0,1.0
2024-09-05,AWS,AmazonCloudWatch,Asia Pacific (Mumbai),0.0,3.0,0,0.0,0,1.0
2024-09-05,AWS,AWS CloudTrail,Asia Pacific (Sydney),0.0,201.0,0,0.0,0,1.0
2024-09-05,AWS,AmazonCloudWatch,EU (Stockholm),0.0,6.0111111111,1,0.0,0,1.0
2024-09-05,AWS,Elastic Load Balancing,Asia Pacific (Tokyo),0.0,7.44061e-05,2,0.0,0,1.0
2024-09-05,AWS,AWS Security Hub,Asia Pacific (Sydney),0.0,116.0,1,0.0,0,1.0
2024-09-05,Microsoft,Key Vault,Global,4e-06,0.0002,2,4e-06,0,1.0
2024-09-05,Microsoft,Storage Accounts,Central US,3.099330262889402,0.584462,11,1.3145871040000001,1,2.3576454184426576
2024-09-05,AWS,Amazon Elastic File System,Asia Pacific (Singapore),0.0,0.039112597,1,0.0,0,1.0
2024-09-05,Microsoft,Virtual Network,East US,-0.12,-24.0,1,-0.12,0,1.0
2024-09-05,AWS,Amazon Simple Storage Service,US East (N. Virginia),0.0,1763.0993072733,0,0.0,0,1.0
2024-09-05,AWS,AWS Security Hub,Canada (Central),0.0,116.0,1,0.0,0,1.0
2024-09-05,AWS,Amazon DynamoDB,US West (Oregon),0.0,193.0000000368,5,0.0,0,1.0
2024-09-05,AWS,Amazon Elastic Compute Cloud,Asia Pacific (Osaka),0.0,0.3333333334,2,0.0,0,1.0
2024-09-05,Microsoft,Storage Accounts,West Europe,8.644589819856287e-06,0.002758,1,2.16e-07,1,2.0103697255479736
2024-09-05,AWS,AWS Lambda,US East (N. Virginia),0.0,43.5561501552,4,0.0,0,1.0
2024-09-05,AWS,Amazon Virtual Private Cloud,Asia Pacific (Sydney),0.0,1.0,1,0.0,0,1.0
2024-09-05,AWS,Amazon Simple Email Service,US West (Oregon),0.0,180.0,0,0.0,0,1.0
2024-09-05,AWS,AWS CloudTrail,Asia Pacific (Singapore),0.0,18.0,0,0.0,0,1.0
2024-09-05,AWS,Elastic Load Balancing,Asia Pacific (Sydney),0.0,5.588e-07,1,0.0,0,1.0
2024-09-05,AWS,Amazon Simple Notification Service,US West (Oregon),0.0,13.0000306452,3,0.0,0,1.0
2024-09-05,Microsoft,Storage Accounts,West US,0.000315532,-0.007388000000000001,10,0.000315532,0,1.0
2024-09-05,AWS,Amazon DynamoDB,US East (Ohio),0.0,15.0,1,0.0,0,1.0
2024-09-05,AWS,Amazon Virtual Private Cloud,Asia Pacific (Mumbai),0.0,4.0,4,0.0,0,1.0
2024-09-05,Microsoft,Virtual Machines,West US,0.72539136,0.033336,1,0.72539136,0,1.0
2024-09-05,AWS,Amazon Relational Database Service,US West (Oregon),2.536949713780314,28909.6967290036,22,1.0,1,2.536949713780314
2024-09-05,Microsoft,Azure App Service,South Central US,0.0,0.032256,1,0.0,0,1.0
2024-09-05,AWS,Amazon Elastic Compute Cloud,Asia Pacific (Sydney),0.0,1.4027525982,26,0.0,0,1.0
2024-09-05,AWS,Amazon Virtual Private Cloud,External,0.0,0.0006647157,9,0.0,0,1.0
2024-09-05,AWS,AWS X-Ray,US West (Oregon),0.0,497.0,0,0.0,0,1.0
2024-09-05,AWS,AWS CloudTrail,Canada (Central),0.0,6.0,0,0.0,0,1.0
2024-09-05,AWS,AmazonCloudWatch,Asia Pacific (Seoul),0.0,6.0,0,0.0,0,1.0
2024-09-05,AWS,AWS Key Management Service,US West (Oregon),0.0,3041.0027777777996,3,0.0,0,1.0
2024-09-05,AWS,Elastic Load Balancing,EU (Ireland),0.0,4.1e-08,1,0.0,0,1.0
2024-09-05,AWS,Amazon Elastic File System,EU (Frankfurt),0.0,4.7820643742,2,0.0,0,1.0
2024-09-05,Microsoft,Storage Accounts,East US,0.0014996869712858333,0.005823999999999995,83,0.000465598,1,2.884704459462209
2024-09-05,AWS,AmazonCloudWatch,EU (Paris),0.0,236.0,0,0.0,0,1.0
2024-09-05,Microsoft,Event Grid,West US,2.52e-05,0.00042,1,2.52e-05,0,1.0
2024-09-05,AWS,AmazonCloudWatch,EU (London),0.0,15.0,0,0.0,0,1.0
2024-09-05,Microsoft,Virtual Machines,West US 2,20.96254206361808,0.043247778382957,2,0.16050838892000002,1,2.1835981316268835
2024-09-05,AWS,Amazon API Gateway,US East (Ohio),0.0,53.0,1,0.0,0,1.0
2024-09-05,AWS,AWS Step Functions,Asia Pacific (Seoul),0.0,1.15177e-05,0,0.0,0,1.0
2024-09-05,Microsoft,Azure Container Instances,East US 2,1.94396277966,47.99908097916671,1,1.94396277966,0,1.0
2024-09-05,AWS,Amazon Virtual Private Cloud,Asia Pacific (Singapore),0.0,3.963333,4,0.0,0,1.0
2024-09-05,AWS,Amazon Elastic Compute Cloud,Asia Pacific (Singapore),0.0,4.4171255671,27,0.0,0,1.0
2024-09-05,AWS,AWS Lambda,EU (Ireland),0.0,0.0002147388,0,0.0,0,1.0
2024-09-05,AWS,Amazon Route 53,unknown,0.0,209.0,8,0.0,0,1.0
2024-09-05,AWS,Elastic Load Balancing,EU (Frankfurt),0.0,3.0011825010999997,5,0.0,0,1.0
2024-09-05,AWS,Amazon Elastic Compute Cloud,External,0.0,13.4217131385,257,0.0,0,1.0
2024-09-05,AWS,AmazonCloudWatch,Any,0.0,0.0013888889,0,0.0,0,1.0
2024-09-05,AWS,Amazon Elastic Container Service,EU (Ireland),0.0,0.2500000373,2,0.0,0,1.0
2024-09-05,AWS,Amazon DynamoDB,US East (N. Virginia),0.0,1.0,1,0.0,0,1.0
2024-09-05,Microsoft,Virtual Network,Central US,-4.56,-24.0,1,-4.56,0,1.0
2024-09-05,AWS,Amazon Virtual Private Cloud,EU (Paris),0.0,3.0,2,0.0,0,1.0
2024-09-05,AWS,Amazon Elastic Compute Cloud,Asia Pacific (Mumbai),0.0,4.8574079547,55,0.0,0,1.0
2024-09-05,AWS,Amazon EC2 Container Registry (ECR),EU (Stockholm),0.0,0.0006743892,4,0.0,0,1.0
2024-09-05,AWS,Amazon Elastic Container Service for Kubernetes,EU (London),0.0,1.0,1,0.0,0,1.0
2024-09-05,AWS,Amazon ElastiCache,US West (Oregon),0.0,1.0,1,0.0,0,1.0
2024-09-05,AWS,Amazon Simple Notification Service,External,0.0,1.3523e-06,1,0.0,0,1.0
2024-09-05,AWS,AWS CloudTrail,Asia Pacific (Jakarta),0.0,48.0,0,0.0,0,1.0
2024-09-05,Microsoft,Storage Accounts,Canada Central,3.240188178467222e-05,0.0006,1,1.2e-05,1,2.7001568153893514
2024-09-05,AWS,AmazonCloudWatch,Africa (Cape Town),0.0,123.0,0,0.0,0,1.0
2024-09-05,AWS,AWS CloudTrail,Asia Pacific (Hong Kong),0.0,55.0,0,0.0,0,1.0
2024-09-05,Microsoft,Azure DNS,Global,8e-07,2e-06,1,8e-07,0,1.0
2024-09-05,AWS,Amazon GuardDuty,South America (Sao Paulo),0.0,46.0,0,0.0,0,1.0
2024-09-05,AWS,Amazon Elastic Container Service,US West (Oregon),0.0,13.2364818023,144,0.0,0,1.0
2024-09-05,AWS,Amazon ElastiCache,US East (Ohio),0.0,1.0,1,0.0,0,1.0
2024-09-05,AWS,AmazonCloudWatch,US East (Ohio),0.0,1.4391275521,4,0.0,0,1.0
2024-09-05,AWS,AWS Lambda,US West (Oregon),0.0,2874.5317502276002,15,0.0,0,1.0
2024-09-05,Oracle,NETWORK,us-sanjose-1,0.0,0.008094605989,10,0.0,0,1.0
2024-09-05,Microsoft,Azure Data Factory,East US,1e-05,2e-05,1,1e-05,0,1.0
2024-09-05,AWS,Amazon EC2 Container Registry (ECR),US East (N. Virginia),0.0,0.0028517033000000002,4,0.0,0,1.0
2024-09-05,AWS,Amazon ElastiCache,Asia Pacific (Singapore),0.0,1.0,1,0.0,0,1.0
2024-09-05,AWS,Amazon Elastic Compute Cloud,South America (Sao Paulo),0.0,0.031954285900000004,7,0.0,0,1.0
2024-09-05,AWS,Amazon Simple Notification Service,EU (Paris),0.0,4.0,0,0.0,0,1.0
2024-09-05,Oracle,OBJECTSTORE,us-sanjose-1,0.0,1.493428e-06,1,0.0,0,1.0
2024-09-05,AWS,AmazonCloudWatch,US West (N. California),0.0,9.0000004447,1,0.0,0,1.0
2024-09-05,Oracle,ODSP,us-sanjose-1,0.0,2.0,1,0.0,0,1.0
2024-09-05,AWS,Amazon EC2 Container Registry (ECR),US West (Oregon),0.0,0.0015676205,4,0.0,0,1.0
2024-09-05,Microsoft,SQL Managed Instance,West US 2,0.0,8.0,1,0.0,0,1.0
2024-09-05,Oracle,OKE_CONTROL_PLANE,us-sanjose-1,0.0,1.0,1,0.0,0,1.0
2024-09-05,AWS,AmazonCloudWatch,US West (Oregon),0.0,14638.1221650325,160,0.0,0,1.0
2024-09-05,AWS,Amazon Simple Notification Service,EU (Frankfurt),0.0,4.0,0,0.0,0,1.0
2024-09-05,AWS,Amazon Virtual Private Cloud,EU (Frankfurt),0.0,3.611389,4,0.0,0,1.0
2024-09-05,AWS,Amazon API Gateway,US West (Oregon),0.0,2.0000889059,2,0.0,0,1.0
2024-09-05,Microsoft,Storage Accounts,Canada East,5.55e-06,0.000111,1,5.55e-06,0,1.0
2024-09-05,AWS,AWS CloudTrail,Asia Pacific (Mumbai),0.0,13.0,0,0.0,0,1.0
2024-09-05,AWS,Amazon Simple Notification Service,Asia Pacific (Sydney),0.0,4.0,0,0.0,0,1.0
2024-09-05,AWS,AmazonCloudWatch,EU (Ireland),0.0,0.0001581684,2,0.0,0,1.0
2024-09-05,AWS,AWS Data Transfer,US East (N. Virginia),0.0,0.0,0,0.0,0,1.0
2024-09-05,Microsoft,Virtual Network,West US,0.4481277440532009,24.0,1,0.12,1,3.7343978671100073
2024-09-05,AWS,Amazon Simple Storage Service,External,0.0,0.0681583574,0,0.0,0,1.0
2024-09-05,AWS,Amazon CloudFront,Asia Pacific,0.0,11.0,3,0.0,0,1.0
2024-09-05,AWS,Amazon EC2 Container Registry (ECR),EU (Frankfurt),0.0,0.0001753582,2,0.0,0,1.0
2024-09-05,AWS,AWS CloudTrail,Asia Pacific (Seoul),0.0,6.0,0,0.0,0,1.0
2024-09-05,AWS,AWS Lambda,US East (Ohio),0.0,37.7700281893,2,0.0,0,1.0
2024-09-05,AWS,AWS Secrets Manager,US West (Oregon),0.0,106.0319444444,3,0.0,0,1.0
2024-09-05,Microsoft,Storage Accounts,UK West,1.2004383193995488e-06,0.0014,2,5.04e-07,1,2.3818220623006923
2024-09-05,AWS,Elastic Load Balancing,Asia Pacific (Singapore),0.0,0.0074831741,1,0.0,0,1.0
2024-09-05,Oracle,BLOCK_STORAGE,us-sanjose-1,0.0,2.691883960578,6,0.0,0,1.0
2024-09-05,AWS,Amazon Virtual Private Cloud,Asia Pacific (Tokyo),0.0,4.966944,5,0.0,0,1.0
2024-09-05,AWS,Amazon Simple Notification Service,US East (N. Virginia),0.0,4.0,0,0.0,0,1.0
2024-09-05,Microsoft,Load Balancer,East US,0.84,48.0,3,0.84,0,1.0
2024-09-05,AWS,Amazon Elastic Container Service for Kubernetes,US East (Ohio),0.0,1.0,1,0.0,0,1.0
2024-09-05,AWS,AWS Data Transfer,US West (N. California),0.0,0.0,0,0.0,0,1.0
2024-09-05,Microsoft,Logic Apps,West US,0.00025,2.0,1,0.00025,0,1.0
2024-09-05,AWS,Amazon Elastic Container Service for Kubernetes,US East (N. Virginia),0.0,1.0,1,0.0,0,1.0
2024-09-05,Oracle,COMPUTE,us-sanjose-1,0.0,292.001372989623,8,0.0,0,1.0
2024-09-05,Microsoft,Microsoft Defender for Cloud,Global,0.001432,0.000358,1,0.001432,0,1.0
2024-09-05,AWS,Amazon EC2 Container Registry (ECR),EU (Ireland),0.0,9.944e-07,5,0.0,0,1.0
2024-09-05,AWS,Amazon Elastic Compute Cloud,Africa (Cape Town),0.0,0.019444444499999998,2,0.0,0,1.0
2024-09-05,AWS,Amazon Elastic Container Service,US East (N. Virginia),0.0,1.0,1,0.0,0,1.0
2024-09-05,AWS,CloudWatch Events,South America (Sao Paulo),0.0,33.0,0,0.0,0,1.0
2024-09-05,AWS,Amazon Elastic Container Service,US East (Ohio),0.0,0.5,1,0.0,0,1.0
2024-09-05,AWS,Amazon Simple Notification Service,South America (Sao Paulo),0.0,4.0,0,0.0,0,1.0
2024-09-05,AWS,AmazonCloudWatch,US East (N. Virginia),0.0,16602.0138752023,4,0.0,0,1.0
2024-09-05,AWS,CloudWatch Events,External,0.0,5.54649e-05,0,0.0,0,1.0
2024-09-05,AWS,AWS Secrets Manager,US East (Ohio),0.0,4.0055555556,1,0.0,0,1.0
2024-09-05,AWS,AWS CloudTrail,Asia Pacific (Osaka),0.0,12.0,0,0.0,0,1.0
2024-09-05,AWS,Amazon Simple Storage Service,EU (Paris),0.0,0.0061187744,0,0.0,0,1.0
2024-09-05,AWS,Amazon Elastic Container Service,External,0.0,0.5794694499999999,44,0.0,0,1.0
2024-09-05,Microsoft,Azure SQL Database,West US 2,8.50164516129,60.733870967741936,2,8.50164516129,0,1.0
2024-09-05,AWS,Amazon Virtual Private Cloud,US West (N. California),0.0,1.0,1,0.0,0,1.0
2024-09-05,AWS,Amazon Elastic Compute Cloud,US East (Ohio),0.0,7.5357297702,45,0.0,0,1.0
2024-09-05,AWS,AWS Step Functions,US West (Oregon),0.0,8.0000228836,2,0.0,0,1.0
2024-09-05,AWS,Amazon CloudFront,Canada,0.0,2.0396e-06,1,0.0,0,1.0
2024-09-05,Microsoft,Storage Accounts,North Central US,6.6e-05,0.0033,1,6.6e-05,0,1.0
2024-09-05,AWS,Amazon CloudFront,South America,0.0,18.0008669058,1,0.0,0,1.0
2024-09-05,AWS,Amazon Simple Queue Service,US West (Oregon),0.0,1321.0,50,0.0,0,1.0
2024-09-05,Microsoft,Virtual Machine Scale Sets,East US,0.0018875896400000001,0.037935345433654,3,0.0018875896400000001,0,1.0
2024-09-05,AWS,Amazon Elastic Compute Cloud,EU (Frankfurt),0.0,21.1117361545,86,0.0,0,1.0
2024-09-05,Microsoft,Storage Accounts,Southeast Asia,5.39024e-05,0.00338,1,5.39024e-05,0,1.0
2024-09-05,AWS,AmazonCloudWatch,Canada (Central),0.0,657.0,0,0.0,0,1.0
2024-09-05,AWS,Amazon Simple Storage Service,EU (Frankfurt),0.0,776.5338214562,0,0.0,0,1.0
2024-09-05,AWS,Amazon Simple Storage Service,US West (N. California),0.0,2.0,0,0.0,0,1.0
2024-09-05,AWS,AWS Systems Manager,US West (Oregon),0.0,3268.0,0,0.0,0,1.0
2024-09-05,Microsoft,Azure Private Link,Global,-0.01612903226,-0.032258064516129,1,-0.01612903226,0,1.0
2024-09-05,AWS,AWS CloudTrail,US East (N. Virginia),0.0,1310.0,0,0.0,0,1.0
2024-09-05,Microsoft,Storage Accounts,West US 2,9.5184e-05,0.029568,9,9.5184e-05,0,1.0
2024-09-05,AWS,Elastic Load Balancing,External,0.0,0.028463072699999998,91,0.0,0,1.0
2024-09-05,Microsoft,Virtual Machines,Central US,0.71205696,0.10000799999999999,2,0.71205696,0,1.0
2024-09-05,Microsoft,Virtual Machines,North Central US,0.00160216093,0.018415642902255,1,0.00160216093,0,1.0
2024-09-05,Microsoft,Azure App Service,Central US,0.48,23.967744,2,0.48,0,1.0
2024-09-05,AWS,Elastic Load Balancing,US West (Oregon),0.0,12.8308834232,73,0.0,0,1.0
2024-09-05,AWS,Amazon Relational Database Service,US East (N. Virginia),0.0,1.2815e-06,1,0.0,0,1.0
2024-09-05,AWS,Amazon CloudFront,India,0.0,7.0,2,0.0,0,1.0
2024-09-05,AWS,Amazon Virtual Private Cloud,US East (N. Virginia),0.0,12.964444,16,0.0,0,1.0
2024-09-05,AWS,Amazon Elastic Compute Cloud,EU (London),0.0,1.2514850156,38,0.0,0,1.0
2024-09-05,AWS,Amazon Virtual Private Cloud,US East (Ohio),0.0,7.0,7,0.0,0,1.0
2024-09-05,AWS,AWS Systems Manager,US East (N. Virginia),0.0,4.0,0,0.0,0,1.0
2024-09-05,Microsoft,Azure Kubernetes Service,East US,2.40375583322,24.037558332201392,1,2.40375583322,0,1.0
2024-09-05,AWS,Amazon CloudFront,Japan,0.0,50.0,2,0.0,0,1.0
2024-09-05,AWS,AWS Key Management Service,EU (London),0.0,0.0027777778,1,0.0,0,1.0
2024-09-05,AWS,AmazonCloudWatch,Asia Pacific (Tokyo),0.0,6.0,0,0.0,0,1.0
2024-09-05,AWS,Amazon Simple Queue Service,US East (N. Virginia),0.0,3117.0,1,0.0,0,1.0
2024-09-05,AWS,Amazon Elastic Compute Cloud,EU (Ireland),0.0,2.1000050664,2,0.0,0,1.0
2024-09-05,AWS,Amazon Elastic Compute Cloud,EU (Stockholm),0.0,1.3456053046,8,0.0,0,1.0
2024-09-05,AWS,Elastic Load Balancing,US East (Ohio),0.0,0.0001986801,7,0.0,0,1.0
2024-09-05,AWS,Amazon Elastic Compute Cloud,US West (N. California),0.0,0.1133820424,7,0.0,0,1.0
2024-09-05,Microsoft,Azure Monitor,East US,0.4752251559,0.206619633,1,0.4752251559,0,1.0
2024-09-05,AWS,Amazon Relational Database Service,External,0.0,3.25877e-05,11,0.0,0,1.0
2024-09-05,AWS,AWS CloudTrail,EU (Stockholm),0.0,143.0,0,0.0,0,1.0
2024-09-05,Microsoft,Azure Private Link,Central US,0.24,24.0,1,0.24,0,1.0
2024-09-05,AWS,Amazon CloudFront,Middle East,0.0,60.0,1,0.0,0,1.0
2024-09-05,AWS,Amazon Simple Storage Service,US West (Oregon),2.0,749.1612675968,0,2.0,0,1.0
2024-09-05,Microsoft,Storage Accounts,North Europe,-2.16e-07,-0.0006,1,-2.16e-07,0,1.0
2024-09-05,AWS,Elastic Load Balancing,US East (N. Virginia),0.0,1.0063290191,13,0.0,0,1.0
2024-09-05,AWS,Amazon DynamoDB,Asia Pacific (Singapore),0.0,5.0,1,0.0,0,1.0
2024-09-05,Microsoft,Virtual Machines,East US,0.72290784258,8.07370812910372,12,0.72290784258,0,1.0
2024-09-05,AWS,Amazon Elastic File System,US West (Oregon),0.0,0.079573626,5,0.0,0,1.0
2024-09-05,AWS,Amazon Virtual Private Cloud,US West (Oregon),0.0,55.3839070874,81,0.0,0,1.0
2024-09-05,AWS,AWS CloudTrail,EU (London),0.0,79.0,0,0.0,0,1.0
2024-09-05,AWS,AmazonCloudWatch,Asia Pacific (Singapore),0.0,12.0,0,0.0,0,1.0
2024-09-05,Microsoft,Azure Private Link,West US 2,0.24,24.0,1,0.24,0,1.0
2024-09-05,AWS,Amazon CloudFront,US West (Oregon),0.0,20666.0,1,0.0,0,1.0
2024-09-05,AWS,Amazon Simple Queue Service,EU (Frankfurt),0.0,10.0,1,0.0,0,1.0
2024-09-05,Microsoft,Virtual Machine Scale Sets,Central US,3.504,24.0,1,3.504,0,1.0
2024-09-05,AWS,Amazon Elastic Compute Cloud,US West (Oregon),0.0,12839.1756175582,252,0.0,0,1.0
2024-09-05,AWS,AWS Key Management Service,EU (Frankfurt),0.0,0.0013888889,1,0.0,0,1.0
2024-09-05,AWS,Amazon Elastic Compute Cloud,Asia Pacific (Tokyo),0.0,3.7581831350000003,42,0.0,0,1.0
2024-09-05,AWS,AWS Key Management Service,US East (Ohio),0.0,0.0055555556,4,0.0,0,1.0
2024-09-05,AWS,AWS Glue,US East (N. Virginia),0.0,0.9444444444,0,0.0,0,1.0
2024-09-05,AWS,Amazon Simple Storage Service,US East (Ohio),0.0,51.0000001276,0,0.0,0,1.0
2024-09-05,Microsoft,Virtual Machines,South Central US,1.1720002175000002,20.008738132193685,2,1.1720002175000002,0,1.0
2024-09-05,AWS,Amazon Relational Database Service,US West (N. California),0.0,0.0069444444,1,0.0,0,1.0
2024-09-05,AWS,AWS CloudTrail,US West (Oregon),0.0,666.0,0,0.0,0,1.0
2024-09-05,AWS,Amazon CloudFront,Australia,0.0,0.0025719879,1,0.0,0,1.0
2024-09-05,AWS,AWS CloudTrail,US East (Ohio),0.0,629.0,0,0.0,0,1.0
2024-09-05,Microsoft,Storage Accounts,East US 2,0.0231516168,1.447312,6,0.0231516168,0,1.0
2024-09-05,AWS,Amazon CloudFront,EU (London),0.0,0.041875,1,0.0,0,1.0
2024-09-05,AWS,Amazon Relational Database Service,Asia Pacific (Singapore),0.0,1.0,1,0.0,0,1.0
2024-09-05,AWS,Amazon Simple Queue Service,Asia Pacific (Sydney),0.0,4.0,0,0.0,0,1.0
2024-09-05,AWS,Amazon DynamoDB,Asia Pacific (Mumbai),0.0,1.0,1,0.0,0,1.0
2024-09-05,AWS,Elastic Load Balancing,EU (Paris),0.0,0.6678611383999999,1,0.0,0,1.0
2024-09-05,AWS,Amazon CloudFront,United States,0.0,254.09654550529999,13,0.0,0,1.0
2024-09-05,AWS,AWS Step Functions,EU (Paris),0.0,1.49e-07,0,0.0,0,1.0
2024-09-05,AWS,Amazon Elastic Compute Cloud,US East (N. Virginia),7.0,28.7477265737,175,7.0,0,1.0
2024-09-05,AWS,Amazon Relational Database Service,Asia Pacific (Tokyo),0.0,1.1716100000000001e-05,2,0.0,0,1.0
2024-09-05,Microsoft,Azure Machine Learning,East US 2,4.2771586663963,20.00970240193862,2,1.10806252807,1,3.8600336696216635
2024-09-05,AWS,Amazon QuickSight,Any,0.0,0.0041666667,2,0.0,0,1.0
2024-09-05,AWS,Amazon Elastic Compute Cloud,Canada (Central),0.0,0.1,1,0.0,0,1.0
2024-09-05,Microsoft,Azure SQL Database,East US,5.27907096774,48.03225806451613,2,5.27907096774,0,1.0
2024-09-05,AWS,AWS Step Functions,EU (Stockholm),0.0,1.49e-07,0,0.0,0,1.0
2024-09-05,AWS,Amazon Relational Database Service,US East (Ohio),0.0,6376.0277786384,6,0.0,0,1.0
2024-09-05,Microsoft,Application Gateway,East US,-0.00092118928,-0.046059464104474,1,-0.00092118928,0,1.0
2024-09-05,AWS,AmazonCloudWatch,EU (Frankfurt),0.0,12.0,0,0.0,0,1.0
2024-09-05,AWS,AWS CloudTrail,US West (N. California),0.0,12.0,0,0.0,0,1.0
2024-09-05,AWS,Amazon Elastic Compute Cloud,EU (Paris),0.0,0.005598574,3,0.0,0,1.0
2024-09-05,AWS,Elastic Load Balancing,EU (Stockholm),0.0,1.0020900342,5,0.0,0,1.0
2024-09-05,AWS,Amazon CloudFront,Europe,0.0,4.0001057461,4,0.0,0,1.0
2024-09-06,AWS,AmazonCloudWatch,US West (N. California),0.0,6.0,0,0.0,0,1.0
2024-09-06,AWS,Amazon Elastic Container Service for Kubernetes,EU (Frankfurt),0.0,1.0,1,0.0,0,1.0
2024-09-06,AWS,AmazonCloudWatch,Asia Pacific (Singapore),0.0,0.0111111111,1,0.0,0,1.0
2024-09-06,AWS,AmazonCloudWatch,Asia Pacific (Seoul),0.0,232.0,0,0.0,0,1.0
2024-09-06,AWS,Amazon Elastic Container Service,US West (Oregon),0.0,18.8135007711,104,0.0,0,1.0
2024-09-06,AWS,Amazon Simple Queue Service,US West (Oregon),0.0,4774.0000010654,21,0.0,0,1.0
2024-09-06,AWS,Amazon Virtual Private Cloud,EU (Frankfurt),0.0,3.0,3,0.0,0,1.0
2024-09-06,AWS,Amazon Simple Notification Service,EU (London),0.0,12.0,0,0.0,0,1.0
2024-09-06,AWS,Amazon Elastic Compute Cloud,Africa (Cape Town),0.0,1.0222233938,4,0.0,0,1.0
2024-09-06,AWS,AmazonCloudWatch,US East (Ohio),0.0,0.07004836789999999,7,0.0,0,1.0
2024-09-06,AWS,Amazon Virtual Private Cloud,US East (Ohio),0.0,9.0,9,0.0,0,1.0
2024-09-06,AWS,Amazon Simple Queue Service,US East (N. Virginia),0.0,4395.0,1,0.0,0,1.0
2024-09-06,AWS,Amazon Elastic Compute Cloud,South America (Sao Paulo),0.0,4.1587901748,16,0.0,0,1.0
2024-09-06,AWS,Amazon GuardDuty,Asia Pacific (Tokyo),0.0,47.0,0,0.0,0,1.0
2024-09-06,AWS,Amazon Elastic Compute Cloud,US East (Ohio),0.0,8.7595364473,45,0.0,0,1.0
2024-09-06,AWS,Amazon Simple Notification Service,Canada (Central),0.0,4.0,0,0.0,0,1.0
2024-09-06,AWS,Amazon Elastic Container Service,US East (N. Virginia),0.0,7.45e-08,1,0.0,0,1.0
2024-09-06,AWS,Amazon GuardDuty,Middle East (Bahrain),0.0,46.0,0,0.0,0,1.0
2024-09-06,AWS,Amazon Elastic Compute Cloud,US East (N. Virginia),4.0,22.3934866642,156,4.0,0,1.0
2024-09-06,AWS,Amazon Simple Storage Service,US West (N. California),0.0,0.1412501782,0,0.0,0,1.0
2024-09-06,AWS,Amazon Relational Database Service,EU (Ireland),0.0,0.00028716859999999996,1,0.0,0,1.0
2024-09-06,AWS,Amazon EC2 Container Registry (ECR),US West (Oregon),0.0,0.0016226998,8,0.0,0,1.0
2024-09-06,AWS,Amazon Elastic Compute Cloud,EU (London),0.0,0.3815898688,23,0.0,0,1.0
2024-09-06,AWS,AmazonCloudWatch,US East (N. Virginia),0.0,904.0514442215,4,0.0,0,1.0
2024-09-06,AWS,Amazon Elastic Compute Cloud,EU (Paris),0.0,1.0000712090000001,3,0.0,0,1.0
2024-09-06,AWS,Amazon Simple Queue Service,US East (Ohio),0.0,2.719e-07,0,0.0,0,1.0
2024-09-06,AWS,Amazon Virtual Private Cloud,US West (N. California),0.0,3.0,2,0.0,0,1.0
2024-09-06,AWS,Amazon QuickSight,Any,0.0,0.0013888889,1,0.0,0,1.0
2024-09-06,AWS,AmazonCloudWatch,South America (Sao Paulo),0.0,3.0,0,0.0,0,1.0
2024-09-06,AWS,Amazon Simple Notification Service,US East (N. Virginia),0.0,12.0,0,0.0,0,1.0
2024-09-06,AWS,AmazonCloudWatch,Asia Pacific (Osaka),0.0,226.0,0,0.0,0,1.0
2024-09-06,AWS,Amazon Elastic Compute Cloud,External,0.0,27.5685408289,274,0.0,0,1.0
2024-09-06,AWS,Amazon Elastic Container Service,EU (Ireland),0.0,0.0001056474,4,0.0,0,1.0
2024-09-06,AWS,Amazon Route 53,unknown,0.0,149.0,13,0.0,0,1.0
2024-09-06,AWS,Amazon Elastic Compute Cloud,Canada (Central),0.0,0.2,2,0.0,0,1.0
2024-09-06,AWS,Amazon Lightsail,EU (Frankfurt),0.0,1.0,1,0.0,0,1.0
2024-09-06,AWS,AmazonCloudWatch,EU (Frankfurt),0.0,66.3116289584,6,0.0,0,1.0
2024-09-06,AWS,Amazon Elastic Compute Cloud,Asia Pacific (Singapore),5.0,3.4964580209,30,5.0,0,1.0
2024-09-06,AWS,Amazon Relational Database Service,US East (Ohio),0.0,6.58173e-05,5,0.0,0,1.0
2024-09-06,AWS,Amazon Simple Queue Service,Asia Pacific (Osaka),0.0,4.0,0,0.0,0,1.0
2024-09-06,AWS,AmazonCloudWatch,EU (London),0.0,9.0,0,0.0,0,1.0
2024-09-06,AWS,Amazon Simple Queue Service,EU (Frankfurt),0.0,27.0,1,0.0,0,1.0
2024-09-06,AWS,Amazon Elastic Compute Cloud,Asia Pacific (Tokyo),0.0,3.8933246952,59,0.0,0,1.0
2024-09-06,AWS,Amazon Virtual Private Cloud,US West (Oregon),0.0,58.2838581576,93,0.0,0,1.0
2024-09-06,AWS,Amazon Elastic Compute Cloud,US West (Oregon),0.0,79.0293798261,302,0.0,0,1.0
2024-09-06,AWS,Amazon Simple Queue Service,Canada (Central),0.0,4.0,0,0.0,0,1.0
2024-09-06,AWS,Amazon GuardDuty,EU (Milan),0.0,60.0,0,0.0,0,1.0
2024-09-06,AWS,Amazon Simple Queue Service,Asia Pacific (Singapore),0.0,4.0,0,0.0,0,1.0
2024-09-06,AWS,Amazon Relational Database Service,US West (Oregon),0.0,4.6252352835,24,0.0,0,1.0
2024-09-06,AWS,Amazon Elastic File System,EU (Frankfurt),1.0,18.8730926514,1,1.0,0,1.0
2024-09-06,AWS,Amazon Elastic Compute Cloud,Asia Pacific (Sydney),0.0,1.1588954812,20,0.0,0,1.0
2024-09-06,AWS,Amazon GuardDuty,US East (Ohio),0.0,81.0,0,0.0,0,1.0
2024-09-06,AWS,Amazon Virtual Private Cloud,External,0.0,1.16806e-05,8,0.0,0,1.0
2024-09-06,AWS,Amazon Virtual Private Cloud,Asia Pacific (Mumbai),0.0,4.0000004471,5,0.0,0,1.0
2024-09-06,AWS,AmazonCloudWatch,EU (Ireland),0.0,60.0000010217,1,0.0,0,1.0
2024-09-06,AWS,Amazon Virtual Private Cloud,Asia Pacific (Singapore),0.0,2.7266801428,4,0.0,0,1.0
2024-09-06,AWS,Amazon Simple Notification Service,US West (Oregon),0.0,46.000019213099996,6,0.0,0,1.0
2024-09-06,AWS,Amazon Virtual Private Cloud,EU (Stockholm),0.0,5.0,5,0.0,0,1.0
2024-09-06,AWS,AmazonCloudWatch,EU (Paris),0.0,3.0,0,0.0,0,1.0
2024-09-06,AWS,Amazon Elastic Compute Cloud,EU (Ireland),0.0,0.027778336600000002,2,0.0,0,1.0
2024-09-06,AWS,Amazon GuardDuty,EU (Stockholm),0.0,39.0,0,0.0,0,1.0
2024-09-06,AWS,Amazon Elastic Compute Cloud,EU (Stockholm),0.0,0.8265582924,5,0.0,0,1.0
2024-09-06,AWS,Amazon Elastic Compute Cloud,US West (N. California),0.0,1762.034833791,5,0.0,0,1.0
2024-09-06,AWS,Amazon Relational Database Service,External,0.0,3.08036e-05,17,0.0,0,1.0
2024-09-06,AWS,Amazon Virtual Private Cloud,EU (London),0.0,7.0,5,0.0,0,1.0
2024-09-06,AWS,AmazonCloudWatch,Asia Pacific (Tokyo),0.0,129.0004746951,1,0.0,0,1.0
2024-09-06,AWS,Amazon Simple Storage Service,US West (Oregon),0.0,1335.0449286022001,0,0.0,0,1.0
2024-09-06,AWS,Amazon Elastic File System,US West (Oregon),0.0,0.0389249723,6,0.0,0,1.0
2024-09-06,AWS,Amazon Elastic Compute Cloud,Asia Pacific (Mumbai),0.0,7.3181454874,50,0.0,0,1.0
2024-09-06,AWS,Amazon Elastic Container Service,External,0.0,0.4017896617,31,0.0,0,1.0
2024-09-06,AWS,Amazon Virtual Private Cloud,US East (N. Virginia),0.0,12.394445,18,0.0,0,1.0
2024-09-06,AWS,Amazon Virtual Private Cloud,Asia Pacific (Tokyo),0.0,5.0,5,0.0,0,1.0
2024-09-06,AWS,Amazon Simple Queue Service,South America (Sao Paulo),0.0,4.0,0,0.0,0,1.0
2024-09-06,AWS,Amazon Virtual Private Cloud,Asia Pacific (Sydney),0.0,1.0,1,0.0,0,1.0
2024-09-06,AWS,AmazonCloudWatch,EU (Stockholm),0.0,3.0,0,0.0,0,1.0
2024-09-06,AWS,Amazon Simple Email Service,US West (Oregon),0.0,0.0001663807,0,0.0,0,1.0
2024-09-06,AWS,Amazon Virtual Private Cloud,EU (Paris),0.0,1.0,1,0.0,0,1.0
2024-09-06,AWS,Amazon Elastic Compute Cloud,EU (Frankfurt),0.0,23.312716967700002,72,0.0,0,1.0
2024-09-06,AWS,Amazon Elastic Compute Cloud,Asia Pacific (Osaka),0.0,0.1666666667,1,0.0,0,1.0
2024-09-06,AWS,Amazon Relational Database Service,US East (N. Virginia),0.0,0.0069817643,3,0.0,0,1.0
2024-09-06,AWS,AmazonCloudWatch,Canada (Central),0.0,352.0,0,0.0,0,1.0
2024-09-06,AWS,Amazon Simple Storage Service,US East (N. Virginia),0.0,3143.6052384717,0,0.0,0,1.0
2024-09-06,AWS,Amazon Elastic File System,Asia Pacific (Singapore),0.0,0.549246788,1,0.0,0,1.0
2024-09-06,AWS,Amazon Simple Storage Service,EU (Frankfurt),0.0,79.0,0,0.0,0,1.0
2024-09-06,AWS,AmazonCloudWatch,Asia Pacific (Mumbai),0.0,233.0,0,0.0,0,1.0
2024-09-06,AWS,Amazon Simple Queue Service,EU (Paris),0.0,4.0,0,0.0,0,1.0
2024-09-06,AWS,Amazon Simple Storage Service,US East (Ohio),0.0,1.0000002831,0,0.0,0,1.0
2024-09-06,Oracle,ORALB,us-sanjose-1,0.0,1.0,1,0.0,0,1.0
2024-09-06,AWS,Amazon API Gateway,US West (N. California),0.0,180.0,1,0.0,0,1.0
2024-09-06,Microsoft,Virtual Machines,South Central US,0.00110834914,0.012739645317197,1,0.00110834914,0,1.0
2024-09-06,AWS,Elastic Load Balancing,External,0.0,0.0247524665,92,0.0,0,1.0
2024-09-06,AWS,Elastic Load Balancing,EU (Frankfurt),0.0,2.0019627028,7,0.0,0,1.0
2024-09-06,AWS,Amazon DynamoDB,US East (Ohio),0.0,2.0,2,0.0,0,1.0
2024-09-06,Microsoft,Load Balancer,East US 2,0.00029425874999999997,0.05885174963623302,1,0.00029425874999999997,0,1.0
2024-09-06,AWS,Amazon Simple Notification Service,EU (Ireland),0.0,4.0,0,0.0,0,1.0
2024-09-06,Oracle,BLOCK_STORAGE,us-sanjose-1,0.0,0.7574947729989999,3,0.0,0,1.0
2024-09-06,AWS,AWS Secrets Manager,US West (Oregon),0.0,152.0083333333,1,0.0,0,1.0
2024-09-06,Microsoft,Azure App Service,Central US,-1.44,-24.0,1,-1.44,0,1.0
2024-09-06,Microsoft,Virtual Network,East US,0.7204991442793244,24.0,1,0.12,1,3.0020797678305184
2024-09-06,AWS,AWS Key Management Service,US East (N. Virginia),0.0,1.0,1,0.0,0,1.0
2024-09-06,AWS,AWS CloudTrail,South America (Sao Paulo),0.0,6.0,0,0.0,0,1.0
2024-09-06,AWS,AWS CloudTrail,Asia Pacific (Osaka),0.0,23.0,0,0.0,0,1.0
2024-09-06,AWS,AWS CloudTrail,Asia Pacific (Sydney),0.0,6.0,0,0.0,0,1.0
2024-09-06,AWS,AWS WAF,Any,0.0,286.0125,3,0.0,0,1.0
2024-09-06,Oracle,COMPUTE,us-sanjose-1,0.0,35.002688172044,7,0.0,0,1.0
2024-09-06,AWS,Amazon CloudFront,Canada,0.0,1.0118887797,2,0.0,0,1.0
2024-09-06,Microsoft,Azure Kubernetes Service,East US,4.992057009388672,48.0,1,0.45168,1,3.342287033648101
2024-09-06,AWS,Elastic Load Balancing,Asia Pacific (Tokyo),0.0,2.0021277778,3,0.0,0,1.0
2024-09-06,Microsoft,Load Balancer,East US,0.6171018118780172,5.480114372447133,1,0.02740057186,1,2.3885479070240843
2024-09-06,AWS,Amazon DynamoDB,US West (Oregon),0.0,219.00000006399998,5,0.0,0,1.0
2024-09-06,AWS,AWS CloudTrail,EU (London),0.0,6.0,0,0.0,0,1.0
2024-09-06,Microsoft,Azure Machine Learning,East US 2,1.0649560356688872,4.15354423826772,2,0.27387300009,1,3.888503194250335
2024-09-06,AWS,AWS Lambda,US West (Oregon),0.0,349.4301160756,16,0.0,0,1.0
2024-09-06,AWS,AWS Systems Manager,US West (Oregon),0.0,3322.0,0,0.0,0,1.0
2024-09-06,Microsoft,Azure Container Instances,East US 2,1.94406542354,48.0016153960556,1,1.94406542354,0,1.0
2024-09-06,AWS,Elastic Load Balancing,US East (N. Virginia),0.0,4.0065675529,14,0.0,0,1.0
2024-09-06,AWS,AWS Key Management Service,EU (London),0.0,0.0013888889,1,0.0,0,1.0
2024-09-06,AWS,AWS Security Hub,EU (Frankfurt),0.0,6.0,1,0.0,0,1.0
2024-09-06,AWS,Amazon API Gateway,US East (Ohio),0.0,5.16316e-05,1,0.0,0,1.0
2024-09-06,AWS,Amazon CloudFront,India,0.0,250.0,3,0.0,0,1.0
2024-09-06,AWS,Amazon API Gateway,US West (Oregon),0.0,297.0,3,0.0,0,1.0
2024-09-06,Microsoft,Storage Accounts,West US 2,0.0002272430557014843,0.003,5,5.6432e-05,1,2.3506605397786773
2024-09-06,Microsoft,SQL Database,East US,4.44107741935,44.65806451612903,1,4.44107741935,0,1.0
2024-09-06,AWS,Amazon CloudFront,Australia,0.0,42.0001834976,3,0.0,0,1.0
2024-09-06,AWS,Elastic Load Balancing,EU (Stockholm),0.0,4.271799999999999e-05,4,0.0,0,1.0
2024-09-06,Microsoft,Azure Container Registry,East US 2,0.16633466067,1.000008,1,0.16633466067,0,1.0
2024-09-06,AWS,AWS CloudTrail,Asia Pacific (Singapore),0.0,1726.0,0,0.0,0,1.0
2024-09-06,Microsoft,Storage Accounts,East US 2,0.1520369104,3.5059269999999985,3,0.1520369104,0,1.0
2024-09-06,AWS,AWS CloudTrail,EU (Frankfurt),0.0,9.0,0,0.0,0,1.0
2024-09-06,AWS,Elastic Load Balancing,EU (Paris),0.0,6.9225e-06,1,0.0,0,1.0
2024-09-06,AWS,Amazon DocumentDB (with MongoDB compatibility),US West (Oregon),0.0,1.0,1,0.0,0,1.0
2024-09-06,Microsoft,Virtual Machines,West US,3.0187927986417598,47.99986099638045,2,0.95999721993,1,3.1445849383416764
2024-09-06,AWS,AWS Secrets Manager,EU (Ireland),0.0,2.0,0,0.0,0,1.0
2024-09-06,AWS,AWS Key Management Service,US West (Oregon),0.0,0.0055555556,3,0.0,0,1.0
2024-09-06,AWS,AWS Secrets Manager,US East (N. Virginia),0.0,0.0041666667,0,0.0,0,1.0
2024-09-06,AWS,AWS CloudTrail,US East (N. Virginia),0.0,5.0,0,0.0,0,1.0
2024-09-06,AWS,Elastic Load Balancing,Asia Pacific (Sydney),0.0,5.588e-07,1,0.0,0,1.0
2024-09-06,Microsoft,Microsoft.Fabric,West US 2,0.07840364583,0.435575810185185,1,0.07840364583,0,1.0
2024-09-06,Microsoft,Virtual Machine Scale Sets,East US,1.163667962,7.9472006388291705,3,1.163667962,0,1.0
2024-09-06,AWS,Amazon CloudFront,Asia Pacific,0.0,20.1866212049,2,0.0,0,1.0
2024-09-06,AWS,Amazon DynamoDB,EU (Stockholm),0.0,3.0,3,0.0,0,1.0
2024-09-06,AWS,AWS Key Management Service,US East (Ohio),0.0,0.0055555556,4,0.0,0,1.0
2024-09-06,AWS,AWS CloudTrail,EU (Ireland),0.0,130.0,0,0.0,0,1.0
2024-09-06,Microsoft,Storage Accounts,West US,0.0010911773160634341,0.138563,9,0.000282186,1,3.866872616158966
2024-09-06,AWS,AWS CloudTrail,US West (Oregon),0.0,2452.0,0,0.0,0,1.0
2024-09-06,AWS,Elastic Load Balancing,EU (Ireland),0.0,4.57792e-05,2,0.0,0,1.0
2024-09-06,AWS,Amazon DynamoDB,US East (N. Virginia),0.0,1.0,1,0.0,0,1.0
2024-09-06,Microsoft,Storage Accounts,East US,0.017532178443263484,0.399542,77,0.0061059098,1,2.871345797355782
2024-09-06,AWS,Amazon CloudFront,US West (Oregon),0.0,1836.0009514997,1,0.0,0,1.0
2024-09-06,Microsoft,Service Bus,West US,2.05e-06,4.1e-05,1,2.05e-06,0,1.0
2024-09-06,AWS,AWS CloudTrail,Asia Pacific (Seoul),0.0,162.0,0,0.0,0,1.0
2024-09-06,AWS,Amazon CloudFront,US East (N. Virginia),0.0,0.002625,1,0.0,0,1.0
2024-09-06,AWS,Amazon DynamoDB,Asia Pacific (Sydney),0.0,15.0,3,0.0,0,1.0
2024-09-06,AWS,Amazon EC2 Container Registry (ECR),Asia Pacific (Singapore),0.0,0.0003106757,1,0.0,0,1.0
2024-09-06,Microsoft,Storage Accounts,West Europe,1.5999479717480407e-05,0.003157,1,4.3e-06,1,3.7208092366233503
2024-09-06,AWS,AWS Data Transfer,US West (Oregon),0.0,0.0,0,0.0,0,1.0
2024-09-06,AWS,AWS CloudTrail,Europe (Spain),0.0,42.0,0,0.0,0,1.0
2024-09-06,AWS,Amazon EC2 Container Registry (ECR),EU (Stockholm),0.0,0.0002971974,2,0.0,0,1.0
2024-09-06,Microsoft,Application Gateway,East US,0.00089462474,0.044731236994267,1,0.00089462474,0,1.0
2024-09-06,Microsoft,Storage Accounts,East Asia,0.000927396,2.5761,1,0.000927396,0,1.0
2024-09-06,Microsoft,Virtual Machines,West US 2,4.2563404799999995,0.066672,2,4.2563404799999995,0,1.0
2024-09-06,AWS,AWS Step Functions,US West (Oregon),0.0,374.0,3,0.0,0,1.0
2024-09-06,AWS,AWS Step Functions,Asia Pacific (Mumbai),0.0,1.49e-07,0,0.0,0,1.0
2024-09-06,AWS,Amazon CloudFront,Japan,0.0,23.0,2,0.0,0,1.0
2024-09-06,AWS,CloudWatch Events,Asia Pacific (Singapore),0.0,26.0,0,0.0,0,1.0
2024-09-06,Microsoft,Storage Accounts,South Central US,5.472e-06,0.0152,1,5.472e-06,0,1.0
2024-09-06,AWS,AWS Lambda,US East (N. Virginia),0.0,134250.013518917,8,0.0,0,1.0
2024-09-06,Microsoft,Azure SQL Database,East US,-0.48387096774,-0.032258064516129,1,-0.48387096774,0,1.0
2024-09-06,AWS,Amazon EC2 Container Registry (ECR),US East (N. Virginia),0.0,0.0025646141000000003,4,0.0,0,1.0
2024-09-06,Oracle,OBJECTSTORE,us-sanjose-1,0.0,0.0,1,0.0,0,1.0
2024-09-06,AWS,Elastic Load Balancing,US West (Oregon),0.0,12.473841050899999,73,0.0,0,1.0
2024-09-06,Microsoft,Key Vault,East US 2,-9e-06,-0.0003,1,-9e-06,0,1.0
2024-09-06,Microsoft,Virtual Machines,East US,-1.07157692,17.230364,9,-1.07157692,0,1.0
2024-09-06,Microsoft,Virtual Machines,East Asia,0.24,12.0,1,0.24,0,1.0
2024-09-06,AWS,Elastic Load Balancing,US West (N. California),0.0,0.0004419483,2,0.0,0,1.0
2024-09-06,Microsoft,Event Grid,East US 2,6.72e-05,0.00112,1,6.72e-05,0,1.0
2024-09-06,AWS,AWS Glue,US West (Oregon),0.0,0.006944444500000001,0,0.0,0,1.0
2024-09-06,Microsoft,Storage Accounts,Central US,-0.009547344,-6.384800000000001,7,-0.009547344,0,1.0
2024-09-06,Microsoft,Storage Accounts,Southeast Asia,0.0565523832,2.699044,2,0.0565523832,0,1.0
2024-09-06,AWS,AWS CloudTrail,US East (Ohio),0.0,6.0,0,0.0,0,1.0
2024-09-06,Microsoft,Virtual Network,Central US,-0.096,-24.0,1,-0.096,0,1.0
2024-09-06,AWS,AmazonCloudWatch,US West (Oregon),0.0,1584.6674891584998,162,0.0,0,1.0
2024-09-06,AWS,AWS CloudTrail,EU (Stockholm),0.0,59.0,0,0.0,0,1.0
2024-09-06,AWS,Amazon CloudFront,Europe,0.0,17.1081774935,10,0.0,0,1.0
2024-09-06,AWS,CloudWatch Events,External,0.0,0.0054514715,1,0.0,0,1.0
2024-09-06,Microsoft,Virtual Machines,Central US,-0.65705094922,-0.033317485307216996,2,-0.65705094922,0,1.0
2024-09-06,AWS,Amazon CloudFront,United States,0.0,6631.2599033742,9,0.0,0,1.0
2024-09-06,Microsoft,Storage Accounts,Canada East,0.0002146661914447939,0.0002,1,1.1e-05,1,2.717293562592328
2024-09-06,AWS,Elastic Load Balancing,Asia Pacific (Singapore),0.0,1.70832e-05,1,0.0,0,1.0
2024-09-06,AWS,AWS CloudTrail,Canada (Central),0.0,12.0,0,0.0,0,1.0
2024-09-06,AWS,CloudWatch Events,US West (Oregon),0.0,77.0,1,0.0,0,1.0
2024-09-06,AWS,AWS Systems Manager,US East (N. Virginia),0.0,10.0,0,0.0,0,1.0
2024-09-06,Microsoft,Virtual Network,East Asia,0.096,24.0,1,0.096,0,1.0
2024-09-06,AWS,Amazon EC2 Container Registry (ECR),EU (Frankfurt),0.0,0.0005488193,2,0.0,0,1.0
2024-09-06,Oracle,IDENTITY_AND_ACCESS_MANAGEMENT,us-sanjose-1,0.0,0.00940860215,1,0.0,0,1.0
2024-09-06,AWS,AWS CloudTrail,Asia Pacific (Mumbai),0.0,148.0,0,0.0,0,1.0
2024-09-06,Microsoft,Storage Accounts,UK West,9.36e-07,0.0026,3,9.36e-07,0,1.0
2024-09-06,Microsoft,Key Vault,Global,2e-05,0.001,5,2e-05,0,1.0
2024-09-06,AWS,Amazon EC2 Container Registry (ECR),EU (Ireland),0.0,5.828e-07,3,0.0,0,1.0
2024-09-06,AWS,AWS CloudTrail,EU (Paris),0.0,12.0,0,0.0,0,1.0
2024-09-06,AWS,AWS CloudTrail,Asia Pacific (Hyderabad),0.0,49.0,0,0.0,0,1.0
2024-09-06,AWS,AWS Security Hub,US East (N. Virginia),0.0,16.0,1,0.0,0,1.0
2024-09-06,AWS,Elastic Load Balancing,US East (Ohio),0.0,1.00790432,7,0.0,0,1.0
2024-09-06,Microsoft,Virtual Machines,North Central US,7.885965e-05,0.003942982293665,1,7.885965e-05,0,1.0
2024-09-06,AWS,AWS Lambda,External,0.0,0.6182966586,0,0.0,0,1.0
2024-09-06,Oracle,NETWORK,us-sanjose-1,0.0,0.00026695989,3,0.0,0,1.0
2024-09-06,Microsoft,Storage Accounts,North Europe,-5.256e-06,-0.0146,1,-5.256e-06,0,1.0
2024-09-06,AWS,AWS CloudTrail,Asia Pacific (Melbourne),0.0,49.0,0,0.0,0,1.0
2024-09-07,AWS,Amazon Elastic Container Service for Kubernetes,EU (Stockholm),0.0,1.0,1,0.0,0,1.0
2024-09-07,AWS,AWS Lambda,US East (Ohio),0.0,32.451811457,2,0.0,0,1.0
2024-09-07,AWS,Amazon Relational Database Service,Asia Pacific (Tokyo),0.0,0.0006387348999999999,3,0.0,0,1.0
2024-09-07,AWS,AWS CloudTrail,Asia Pacific (Tokyo),0.0,12.0,0,0.0,0,1.0
2024-09-07,Microsoft,Application Gateway,East US,3.84,480.0,1,3.84,0,1.0
2024-09-07,AWS,AWS Lambda,US West (N. California),0.0,0.0003530672,0,0.0,0,1.0
2024-09-07,AWS,AmazonCloudWatch,Asia Pacific (Mumbai),0.0,3.0,0,0.0,0,1.0
2024-09-07,AWS,Amazon Route 53,unknown,0.0,163.0,12,0.0,0,1.0
2024-09-07,AWS,Amazon CloudFront,External,0.0,0.9116092259,1,0.0,0,1.0
2024-09-07,AWS,AWS CloudTrail,Canada (Central),0.0,18.0,0,0.0,0,1.0
2024-09-07,AWS,Amazon Virtual Private Cloud,Asia Pacific (Tokyo),0.0,12.423888999999999,13,0.0,0,1.0
2024-09-07,AWS,AmazonCloudWatch,Asia Pacific (Seoul),0.0,3.0,0,0.0,0,1.0
2024-09-07,AWS,Amazon Elastic Compute Cloud,EU (Paris),0.0,0.35555570470000003,6,0.0,0,1.0
2024-09-07,Microsoft,Azure App Service,Central US,0.0,0.0,2,0.0,0,1.0
2024-09-07,AWS,Amazon Relational Database Service,US West (Oregon),0.0,7.8570313308,23,0.0,0,1.0
2024-09-07,AWS,Amazon CloudFront,Europe,0.0,2625.4338829535,11,0.0,0,1.0
2024-09-07,AWS,AmazonCloudWatch,Asia Pacific (Osaka),0.0,3.0,0,0.0,0,1.0
2024-09-07,AWS,Amazon Simple Queue Service,Asia Pacific (Seoul),0.0,4.0,0,0.0,0,1.0
2024-09-07,AWS,AmazonCloudWatch,Asia Pacific (Singapore),0.0,569.0138888889,1,0.0,0,1.0
2024-09-07,Microsoft,Virtual Machine Scale Sets,Central US,3.724552e-05,0.000428109429777,1,3.724552e-05,0,1.0
2024-09-07,AWS,AWS Lambda,US West (Oregon),0.0,7420.3119209223005,13,0.0,0,1.0
2024-09-07,AWS,Amazon Elastic Compute Cloud,EU (Stockholm),0.0,0.2943762696,3,0.0,0,1.0
2024-09-07,AWS,Amazon Virtual Private Cloud,EU (Frankfurt),0.0,3.961111,4,0.0,0,1.0
2024-09-07,AWS,AWS CloudTrail,US East (N. Virginia),0.0,1567.0,0,0.0,0,1.0
2024-09-07,AWS,Amazon CloudFront,Canada,0.0,1.0,1,0.0,0,1.0
2024-09-07,AWS,Amazon CloudFront,Australia,0.0,0.0638744459,1,0.0,0,1.0
2024-09-07,AWS,Elastic Load Balancing,US West (Oregon),0.0,11.9065635568,65,0.0,0,1.0
2024-09-07,Microsoft,SQL Managed Instance,West US 2,0.0,5.0,1,0.0,0,1.0
2024-09-07,AWS,Amazon GuardDuty,EU (London),0.0,49.0,0,0.0,0,1.0
2024-09-07,Microsoft,Azure Container Instances,East US 2,-0.48061180872,-108.00265364512504,1,-0.48061180872,0,1.0
2024-09-07,AWS,AWS Security Hub,US East (N. Virginia),0.0,1.0,1,0.0,0,1.0
2024-09-07,AWS,Amazon Virtual Private Cloud,US East (Ohio),0.0,6.0,6,0.0,0,1.0
2024-09-07,Microsoft,Virtual Machines,France Central,5.25608712,0.033336,1,5.25608712,0,1.0
2024-09-07,AWS,Amazon Virtual Private Cloud,EU (Paris),0.0,2.0,2,0.0,0,1.0
2024-09-07,AWS,AWS Systems Manager,US East (N. Virginia),0.0,3.0,0,0.0,0,1.0
2024-09-07,AWS,Amazon Relational Database Service,US East (N. Virginia),0.0,5.006944668,3,0.0,0,1.0
2024-09-07,Microsoft,Key Vault,Global,-0.00010800000000000001,-0.0054,2,-0.00010800000000000001,0,1.0
2024-09-07,AWS,Amazon Elastic Compute Cloud,US West (N. California),0.0,1.2616425917,5,0.0,0,1.0
2024-09-07,AWS,Amazon Simple Queue Service,US East (N. Virginia),0.0,7.0,1,0.0,0,1.0
2024-09-07,AWS,AWS CloudTrail,EU (Paris),0.0,576.0,0,0.0,0,1.0
2024-09-07,AWS,AWS CloudTrail,Europe (Zurich),0.0,42.0,0,0.0,0,1.0
2024-09-07,AWS,Amazon Virtual Private Cloud,EU (Stockholm),0.0,1.0,1,0.0,0,1.0
2024-09-07,AWS,Amazon Virtual Private Cloud,US East (N. Virginia),0.0,7.609722,9,0.0,0,1.0
2024-09-07,AWS,Amazon Simple Queue Service,EU (London),0.0,4.0,0,0.0,0,1.0
2024-09-07,AWS,AWS Step Functions,US West (Oregon),0.0,5.0,2,0.0,0,1.0
2024-09-07,Microsoft,Azure Private Link,West US 2,0.24,24.0,1,0.24,0,1.0
2024-09-07,AWS,Amazon Simple Queue Service,EU (Stockholm),0.0,4.0,0,0.0,0,1.0
2024-09-07,Microsoft,Virtual Machines,East US,1.50888044,4.680244000000001,8,1.50888044,0,1.0
2024-09-07,AWS,Amazon Elastic Compute Cloud,US West (Oregon),0.0,2380.0136723316,237,0.0,0,1.0
2024-09-07,Microsoft,Azure SQL Database,East US,14.592,96.0,1,14.592,0,1.0
2024-09-07,AWS,Amazon Virtual Private Cloud,South America (Sao Paulo),0.0,1.0,1,0.0,0,1.0
2024-09-07,Microsoft,Event Grid,East US 2,5.04e-05,0.00084,1,5.04e-05,0,1.0
2024-09-07,Microsoft,Virtual Machines,East Asia,-0.1933488,-0.033336,1,-0.1933488,0,1.0
2024-09-07,Microsoft,Event Grid,Canada East,-4.2e-06,-7e-05,1,-4.2e-06,0,1.0
2024-09-07,AWS,Amazon Virtual Private Cloud,External,0.0,6.3832999999999995e-06,14,0.0,0,1.0
2024-09-07,Microsoft,Azure Synapse Analytics,East US 2,1.0068633843538608,0.233333333333333,1,5.833333e-05,1,2.500502721031728
2024-09-07,AWS,Amazon Relational Database Service,External,0.0,4.44984e-05,19,0.0,0,1.0
2024-09-07,AWS,AWS CloudTrail,EU (Stockholm),0.0,12.0,0,0.0,0,1.0
2024-09-07,AWS,Amazon Elastic Container Service,EU (Ireland),0.0,7.45e-08,1,0.0,0,1.0
2024-09-07,Microsoft,Virtual Machines,North Central US,0.05100408,0.033336,1,0.05100408,0,1.0
2024-09-07,AWS,Amazon Elastic Compute Cloud,US East (Ohio),0.0,7.9228165643,49,0.0,0,1.0
2024-09-07,Microsoft,Azure Machine Learning,East US 2,0.008416652530000006,-0.8484784614357971,2,0.008416652530000006,0,1.0
2024-09-07,AWS,Amazon Elastic Compute Cloud,External,0.0,19.8379224534,258,0.0,0,1.0
2024-09-07,AWS,Amazon Virtual Private Cloud,EU (Ireland),0.0,1.0,1,0.0,0,1.0
2024-09-07,AWS,Amazon Simple Queue Service,US West (Oregon),0.0,81176.0,20,0.0,0,1.0
2024-09-07,Microsoft,Azure DB for MySQL,Central US,1.84416,24.0,1,1.84416,0,1.0
2024-09-07,AWS,Amazon Elastic Container Service,US West (Oregon),0.0,3.1875695342,108,0.0,0,1.0
2024-09-07,Microsoft,Azure DB for MySQL,East US,-8.208,-96.0,1,-8.208,0,1.0
2024-09-07,AWS,AWS Secrets Manager,EU (Paris),0.0,0.0013888889,0,0.0,0,1.0
2024-09-07,AWS,Amazon CloudFront,Asia Pacific,0.0,9.0001114681,3,0.0,0,1.0
2024-09-07,Microsoft,Virtual Machines,UK West,-0.79473024,-0.033336,1,-0.79473024,0,1.0
2024-09-07,Microsoft,Azure Data Factory,East US,2e-05,4e-05,2,2e-05,0,1.0
2024-09-07,AWS,AWS Secrets Manager,US East (Ohio),0.0,4.0208333333,1,0.0,0,1.0
2024-09-07,Microsoft,Virtual Machine Scale Sets,East US,-1.5878137843600004,-7.995408228598535,4,-1.5878137843600004,0,1.0
2024-09-07,AWS,Amazon API Gateway,US West (Oregon),0.0,0.0001092879,2,0.0,0,1.0
2024-09-07,AWS,Amazon Elastic Compute Cloud,South America (Sao Paulo),0.0,1.3258509079999998,13,0.0,0,1.0
2024-09-07,AWS,AWS CloudTrail,EU (Ireland),0.0,349.0,0,0.0,0,1.0
2024-09-07,AWS,Amazon Elastic Container Service,US East (N. Virginia),0.0,3.73e-08,1,0.0,0,1.0
2024-09-07,AWS,AmazonCloudWatch,Africa (Cape Town),0.0,225.0,0,0.0,0,1.0
2024-09-07,AWS,Amazon Virtual Private Cloud,US West (Oregon),0.0,53.1883703587,78,0.0,0,1.0
2024-09-07,Microsoft,Azure Data Factory,West US 2,2e-05,4e-05,2,2e-05,0,1.0
2024-09-07,AWS,Amazon API Gateway,US East (N. Virginia),0.0,349.0,1,0.0,0,1.0
2024-09-07,AWS,AWS WAF,Any,0.0,129.0,1,0.0,0,1.0
2024-09-07,AWS,Amazon Elastic Compute Cloud,US East (N. Virginia),0.0,24.9132864703,108,0.0,0,1.0
2024-09-07,AWS,Amazon Relational Database Service,EU (Frankfurt),0.0,0.0277777778,1,0.0,0,1.0
2024-09-07,AWS,AWS Transfer Family,Asia Pacific (Sydney),0.0,1.0,1,0.0,0,1.0
2024-09-07,AWS,Amazon Virtual Private Cloud,EU (London),0.0,4.0,4,0.0,0,1.0
2024-09-07,AWS,Amazon Relational Database Service,US East (Ohio),0.0,4852.0010197796,7,0.0,0,1.0
2024-09-07,AWS,Amazon Virtual Private Cloud,US West (N. California),0.0,4.0,4,0.0,0,1.0
2024-09-07,AWS,Amazon Elastic Container Service,External,0.0,0.29348390010000003,21,0.0,0,1.0
2024-09-07,AWS,Amazon Relational Database Service,EU (Ireland),0.0,0.0003394196,1,0.0,0,1.0
2024-09-07,AWS,AWS CloudTrail,EU (Frankfurt),0.0,24.0,0,0.0,0,1.0
2024-09-07,Microsoft,Storage Accounts,Central US,0.4744702226254697,11.205648,7,0.129787808,1,3.6557380075751773
2024-09-07,Microsoft,Storage Accounts,West US 2,0.00037966246821721013,0.005582999999999999,5,9.398e-05,1,3.957785716550018
2024-09-07,AWS,Amazon CloudFront,India,0.0,2.0040269587,2,0.0,0,1.0
2024-09-07,AWS,AWS Key Management Service,EU (London),0.0,0.0027777778,2,0.0,0,1.0
2024-09-07,AWS,AmazonCloudWatch,EU (Stockholm),0.0,3.0111111111,1,0.0,0,1.0
2024-09-07,AWS,Amazon Elastic File System,US West (Oregon),0.0,0.2422552772,8,0.0,0,1.0
2024-09-07,AWS,Amazon DynamoDB,US West (Oregon),0.0,251.0000001008,10,0.0,0,1.0
2024-09-07,AWS,Amazon Elastic Compute Cloud,Asia Pacific (Osaka),0.0,0.1,1,0.0,0,1.0
2024-09-07,AWS,Amazon Simple Notification Service,Asia Pacific (Singapore),0.0,8.0,0,0.0,0,1.0
2024-09-07,AWS,Elastic Load Balancing,Asia Pacific (Tokyo),0.0,3.41516e-05,2,0.0,0,1.0
2024-09-07,Microsoft,Storage Accounts,North Central US,-0.00012099999999999999,-0.0007,1,-0.00012099999999999999,0,1.0
2024-09-07,Oracle,COMPUTE,us-sanjose-1,0.0,12.0,3,0.0,0,1.0
2024-09-07,AWS,Amazon DynamoDB,US West (N. California),0.0,10.0,1,0.0,0,1.0
2024-09-07,AWS,AWS CloudTrail,Asia Pacific (Osaka),0.0,12.0,0,0.0,0,1.0
2024-09-07,AWS,AmazonCloudWatch,EU (Paris),0.0,241.0,0,0.0,0,1.0
2024-09-07,Oracle,BLOCK_STORAGE,us-sanjose-1,0.0,0.8212365591399999,4,0.0,0,1.0
2024-09-07,AWS,Amazon DynamoDB,US East (Ohio),0.0,1.0,1,0.0,0,1.0
2024-09-07,AWS,Elastic Load Balancing,EU (Frankfurt),0.0,8.8941e-06,4,0.0,0,1.0
2024-09-07,AWS,Amazon Simple Storage Service,US West (Oregon),0.0,162.5188569024,0,0.0,0,1.0
2024-09-07,AWS,Amazon Simple Notification Service,US East (N. Virginia),0.0,4.0,0,0.0,0,1.0
2024-09-07,Microsoft,Virtual Network,South Central US,0.12,24.0,1,0.12,0,1.0
2024-09-07,AWS,Amazon DynamoDB,Asia Pacific (Sydney),0.0,5.0,1,0.0,0,1.0
2024-09-07,AWS,Amazon Simple Notification Service,Africa (Cape Town),0.0,4.0,0,0.0,0,1.0
2024-09-07,AWS,Amazon Elastic Compute Cloud,Asia Pacific (Sydney),0.0,1.2098795575,20,0.0,0,1.0
2024-09-07,AWS,AWS Key Management Service,US East (Ohio),0.0,16.004166666699998,4,0.0,0,1.0
2024-09-07,Microsoft,Storage Accounts,West US,-0.321782744,-23.986594,5,-0.321782744,0,1.0
2024-09-07,AWS,Elastic Load Balancing,Asia Pacific (Sydney),0.0,1.0000029057,1,0.0,0,1.0
2024-09-07,AWS,Amazon DynamoDB,US East (N. Virginia),0.0,1.0,1,0.0,0,1.0
2024-09-07,AWS,Amazon Simple Storage Service,EU (Paris),0.0,116.0,0,0.0,0,1.0
2024-09-07,Microsoft,Storage Accounts,France Central,-3.6e-05,-0.0018,1,-3.6e-05,0,1.0
2024-09-07,AWS,AWS CloudTrail,US West (Oregon),0.0,1427.0,0,0.0,0,1.0
2024-09-07,AWS,Amazon Elastic Compute Cloud,EU (London),0.0,5.2568180265,31,0.0,0,1.0
2024-09-07,AWS,Amazon Elastic File System,US East (Ohio),0.0,0.0006645838,1,0.0,0,1.0
2024-09-07,AWS,Amazon Elastic Compute Cloud,Asia Pacific (Singapore),0.0,2.4994126503,34,0.0,0,1.0
2024-09-07,AWS,AmazonCloudWatch,EU (London),0.0,399.0,0,0.0,0,1.0
2024-09-07,AWS,Amazon EC2 Container Registry (ECR),Asia Pacific (Singapore),0.0,0.0001583317,2,0.0,0,1.0
2024-09-07,AWS,Amazon Elastic Compute Cloud,Asia Pacific (Mumbai),0.0,8.6792196709,60,0.0,0,1.0
2024-09-07,AWS,Amazon EC2 Container Registry (ECR),EU (Frankfurt),0.0,0.000671768,3,0.0,0,1.0
2024-09-07,AWS,Amazon GuardDuty,Asia Pacific (Singapore),0.0,78.0,0,0.0,0,1.0
2024-09-07,Microsoft,Storage Accounts,South Central US,2.52e-07,0.0007,1,2.52e-07,0,1.0
2024-09-07,AWS,Amazon EC2 Container Registry (ECR),US East (N. Virginia),0.0,0.0013522451999999998,4,0.0,0,1.0
2024-09-07,AWS,Amazon Simple Storage Service,US East (Ohio),0.0,51.0,0,0.0,0,1.0
2024-09-07,AWS,AWS Backup,US West (Oregon),0.0,1.4954000000000001e-05,2,0.0,0,1.0
2024-09-07,Oracle,OKE_CONTROL_PLANE,us-sanjose-1,0.0,1.0,1,0.0,0,1.0
2024-09-07,AWS,AmazonCloudWatch,US East (Ohio),0.0,157.0726318093,3,0.0,0,1.0
2024-09-07,AWS,Amazon GuardDuty,EU (Paris),0.0,44.0,0,0.0,0,1.0
2024-09-07,AWS,Amazon Simple Storage Service,US East (N. Virginia),0.0,586.9063791196,0,0.0,0,1.0
2024-09-07,AWS,AWS Glue,US East (Ohio),0.0,0.0027777778,0,0.0,0,1.0
2024-09-07,AWS,Amazon EC2 Container Registry (ECR),US West (Oregon),0.0,0.001472215,5,0.0,0,1.0
2024-09-07,Microsoft,Storage Accounts,Southeast Asia,8.1e-05,0.0024,1,8.1e-05,0,1.0
2024-09-07,AWS,AmazonCloudWatch,US West (Oregon),0.0,5716.3677132873,140,0.0,0,1.0
2024-09-07,AWS,Amazon EC2 Container Registry (ECR),US West (N. California),0.0,0.000144456,1,0.0,0,1.0
2024-09-07,AWS,AmazonCloudWatch,US West (N. California),0.0,6.0,0,0.0,0,1.0
2024-09-07,AWS,Amazon Elastic File System,US East (N. Virginia),0.0,1.8949041367,1,0.0,0,1.0
2024-09-07,Oracle,NETWORK,us-sanjose-1,0.0,0.025281990879,2,0.0,0,1.0
2024-09-07,AWS,Amazon Simple Notification Service,EU (Paris),0.0,8.0,0,0.0,0,1.0
2024-09-07,Microsoft,Storage Accounts,North Europe,3.6e-07,0.001006,1,3.6e-07,0,1.0
2024-09-07,AWS,AmazonCloudWatch,South America (Sao Paulo),0.0,229.0,0,0.0,0,1.0
2024-09-07,Oracle,ORACLE_STREAMING_SERVICE,us-sanjose-1,0.0,0.0,1,0.0,0,1.0
2024-09-07,AWS,CloudWatch Events,US East (N. Virginia),0.0,465.0,0,0.0,0,1.0
2024-09-07,AWS,CloudWatch Events,South America (Sao Paulo),0.0,44.0,0,0.0,0,1.0
2024-09-07,Microsoft,Storage Accounts,UK West,-9.9792e-06,-0.000216,1,-9.9792e-06,0,1.0
2024-09-07,AWS,CloudWatch Events,Canada (Central),0.0,25.0,0,0.0,0,1.0
2024-09-07,AWS,Amazon Elastic Compute Cloud,Africa (Cape Town),0.0,0.0973057907,4,0.0,0,1.0
2024-09-07,AWS,AmazonCloudWatch,US East (N. Virginia),0.0,669.0278794479,5,0.0,0,1.0
2024-09-07,AWS,Amazon Simple Notification Service,Asia Pacific (Tokyo),0.0,4.0,0,0.0,0,1.0
2024-09-07,AWS,AWS Key Management Service,EU (Frankfurt),0.0,1.0,1,0.0,0,1.0
2024-09-07,AWS,Amazon ElastiCache,US West (Oregon),0.0,1.0,1,0.0,0,1.0
2024-09-07,AWS,Amazon EC2 Container Registry (ECR),EU (Stockholm),0.0,0.0006622157,4,0.0,0,1.0
2024-09-07,AWS,Amazon GuardDuty,Asia Pacific (Seoul),0.0,83.0,0,0.0,0,1.0
2024-09-07,AWS,CloudWatch Events,External,0.0,0.0001039021,0,0.0,0,1.0
2024-09-07,AWS,AmazonCloudWatch,EU (Ireland),0.0,3.0,0,0.0,0,1.0
2024-09-07,AWS,Amazon Simple Notification Service,Asia Pacific (Osaka),0.0,4.0,0,0.0,0,1.0
2024-09-07,AWS,Amazon Elastic Compute Cloud,EU (Ireland),0.0,0.0555555556,1,0.0,0,1.0
2024-09-07,AWS,Amazon Elastic Compute Cloud,EU (Frankfurt),0.0,46.7241010606,83,0.0,0,1.0
2024-09-07,AWS,Elastic Load Balancing,EU (Stockholm),0.0,2.0000465018,5,0.0,0,1.0
2024-09-07,Microsoft,Storage Accounts,East US,-0.2827906012,-21.898298,83,-0.2827906012,0,1.0
2024-09-07,AWS,Amazon Simple Email Service,US West (Oregon),0.0,22.000003634,0,0.0,0,1.0
2024-09-07,AWS,Amazon Simple Notification Service,US East (Ohio),0.0,2.98e-07,0,0.0,0,1.0
2024-09-07,AWS,AWS Key Management Service,US West (Oregon),0.0,0.0111111112,8,0.0,0,1.0
2024-09-07,AWS,Amazon Elastic Container Registry Public,US East (N. Virginia),0.0,0.0008086781,2,0.0,0,1.0
2024-09-07,AWS,Amazon CloudFront,South America,0.0,3.0063625807,2,0.0,0,1.0
2024-09-07,AWS,Elastic Load Balancing,US East (N. Virginia),0.0,4.0086624743999995,14,0.0,0,1.0
2024-09-07,AWS,Amazon Elastic Compute Cloud,Canada (Central),0.0,0.0111111111,1,0.0,0,1.0
2024-09-07,Microsoft,Storage Accounts,East Asia,0.32256768,26.720736,1,0.32256768,0,1.0
2024-09-07,AWS,AWS Lambda,External,0.0,0.0839812569,0,0.0,0,1.0
2024-09-07,AWS,AWS CloudTrail,US West (N. California),0.0,6.0,0,0.0,0,1.0
2024-09-07,Microsoft,Virtual Network,East US,0.12,24.0,1,0.12,0,1.0
2024-09-07,AWS,Amazon CloudFront,Middle East,0.0,5.004e-06,1,0.0,0,1.0
2024-09-07,AWS,AmazonCloudWatch,Canada (Central),0.0,350.0,0,0.0,0,1.0
2024-09-07,AWS,AWS Lambda,EU (London),0.0,0.0001201639,0,0.0,0,1.0
2024-09-07,AWS,Elastic Load Balancing,US East (Ohio),0.0,1.012948666,10,0.0,0,1.0
2024-09-07,AWS,Amazon Simple Notification Service,US West (Oregon),0.0,40.000013371899996,4,0.0,0,1.0
2024-09-07,AWS,Elastic Load Balancing,External,0.0,0.0618945719,84,0.0,0,1.0
2024-09-07,AWS,AmazonCloudWatch,Asia Pacific (Tokyo),0.0,9.0,0,0.0,0,1.0
2024-09-07,AWS,AmazonCloudWatch,EU (Frankfurt),0.0,12.000000026,1,0.0,0,1.0
2024-09-07,AWS,Amazon Virtual Private Cloud,Asia Pacific (Singapore),0.0,4.0,4,0.0,0,1.0
2024-09-07,AWS,Elastic Load Balancing,EU (Paris),0.0,1.3148866119,1,0.0,0,1.0
2024-09-07,AWS,Amazon CloudFront,South Africa,0.0,5.74896e-05,1,0.0,0,1.0
2024-09-07,AWS,AWS CloudTrail,US East (Ohio),0.0,12.0,0,0.0,0,1.0
2024-09-07,Microsoft,Storage Accounts,East US 2,3.4e-05,0.0017,1,3.4e-05,0,1.0
2024-09-07,AWS,Elastic Load Balancing,US West (N. California),0.0,4.5793e-06,1,0.0,0,1.0
2024-09-07,AWS,AWS CloudTrail,Asia Pacific (Sydney),0.0,12.0,0,0.0,0,1.0
2024-09-07,AWS,Amazon Simple Notification Service,US West (N. California),0.0,4.0,0,0.0,0,1.0
2024-09-07,AWS,Amazon Elastic File System,Asia Pacific (Singapore),0.0,0.0408135811,1,0.0,0,1.0
2024-09-07,AWS,Amazon Virtual Private Cloud,Asia Pacific (Mumbai),0.0,4.2961110745,5,0.0,0,1.0
2024-09-07,AWS,Amazon Elastic Compute Cloud,Asia Pacific (Tokyo),0.0,7.4545274424,58,0.0,0,1.0
2024-09-07,AWS,Amazon Virtual Private Cloud,Asia Pacific (Sydney),0.0,1.0,1,0.0,0,1.0
2024-09-07,AWS,Amazon CloudFront,United States,0.0,108.8933052263,5,0.0,0,1.0
2024-09-07,AWS,Amazon Simple Email Service,External,0.0,0.0001134388,0,0.0,0,1.0
2024-09-07,AWS,Amazon Simple Storage Service,EU (Frankfurt),0.0,86.0,0,0.0,0,1.0
2024-09-07,AWS,AWS Lambda,US East (N. Virginia),0.0,1000.8740125499,2,0.0,0,1.0
2024-09-07,AWS,Amazon CloudFront,Japan,0.0,578.000002658,2,0.0,0,1.0
2024-09-07,AWS,Amazon Elastic File System,EU (Frankfurt),0.0,0.386242591,1,0.0,0,1.0
2024-09-08,Microsoft,Storage Accounts,Norway East,1.1484e-05,0.029,1,1.1484e-05,0,1.0
2024-09-08,AWS,Amazon GuardDuty,Asia Pacific (Mumbai),0.0,82.0,0,0.0,0,1.0
2024-09-08,Microsoft,Key Vault,East US 2,9e-06,0.0003,1,9e-06,0,1.0
2024-09-08,AWS,AWS Security Hub,US East (Ohio),0.0,1.0,1,0.0,0,1.0
2024-09-08,AWS,AWS Key Management Service,EU (Frankfurt),0.0,0.0027777778,2,0.0,0,1.0
2024-09-08,Microsoft,Virtual Machine Scale Sets,Central US,-3.504,-24.0,1,-3.504,0,1.0
2024-09-08,Microsoft,Storage Accounts,East US 2,0.010674948594000625,-0.032,4,2.712e-05,1,3.10552993367098
2024-09-08,AWS,Amazon Elastic Container Service,EU (Ireland),0.0,6.707e-07,3,0.0,0,1.0
2024-09-08,AWS,Amazon Simple Storage Service,US East (N. Virginia),0.0,852.8112425723,0,0.0,0,1.0
2024-09-08,Microsoft,Storage Accounts,Central US,-1.314119556,-0.079317,8,-1.314119556,0,1.0
2024-09-08,AWS,Amazon Relational Database Service,Asia Pacific (Singapore),0.0,4.954e-07,1,0.0,0,1.0
2024-09-08,Microsoft,Azure Synapse Analytics,East US 2,38.77273707062997,48.0,1,10.512,1,3.6884262814526227
2024-09-08,AWS,AWS Lambda,US East (Ohio),0.0,34.255,5,0.0,0,1.0
2024-09-08,AWS,AWS Lambda,US East (N. Virginia),0.0,503.961125,4,0.0,0,1.0
2024-09-08,AWS,AWS Step Functions,Asia Pacific (Singapore),0.0,1.49e-07,0,0.0,0,1.0
2024-09-08,AWS,Amazon Virtual Private Cloud,Asia Pacific (Tokyo),0.0,6.0,6,0.0,0,1.0
2024-09-08,Microsoft,Storage Accounts,West US 2,-4.775239999999998e-05,0.014084000000000001,8,-4.775239999999998e-05,0,1.0
2024-09-08,AWS,Amazon Simple Storage Service,US East (Ohio),0.0,4.0000001276,0,0.0,0,1.0
2024-09-08,AWS,Amazon Simple Storage Service,Asia Pacific (Singapore),0.0,1.0,0,0.0,0,1.0
2024-09-08,AWS,Amazon Simple Queue Service,US West (Oregon),0.0,883.0000010654,10,0.0,0,1.0
2024-09-08,Microsoft,Virtual Machines,Central US,0.19601568,0.033336,1,0.19601568,0,1.0
2024-09-08,AWS,AWS Glue,EU (Frankfurt),0.0,0.0041666667,0,0.0,0,1.0
2024-09-08,Microsoft,Storage Accounts,Canada East,0.0,6.7e-05,1,0.0,0,1.0
2024-09-08,AWS,AWS Glue,Asia Pacific (Sydney),0.0,1.0,0,0.0,0,1.0
2024-09-08,AWS,Amazon Elastic Container Service for Kubernetes,US East (Ohio),0.0,2.0,2,0.0,0,1.0
2024-09-08,AWS,Amazon Elastic File System,Asia Pacific (Singapore),0.0,0.3000968509,1,0.0,0,1.0
2024-09-08,AWS,Amazon Simple Queue Service,US East (N. Virginia),0.0,177.0,2,0.0,0,1.0
2024-09-08,AWS,AWS Lambda,US West (N. California),0.0,0.0002270006,0,0.0,0,1.0
2024-09-08,AWS,AWS Key Management Service,US West (Oregon),0.0,8.0013888889,2,0.0,0,1.0
2024-09-08,Microsoft,Load Balancer,East US 2,-0.47867329767,-47.734659533947706,1,-0.47867329767,0,1.0
2024-09-08,AWS,AWS CloudTrail,South America (Sao Paulo),0.0,310.0,0,0.0,0,1.0
2024-09-08,Microsoft,Microsoft Defender for Cloud,Global,0.14979169920567773,0.017323,1,0.069292,1,2.1617459332343953
2024-09-08,AWS,Amazon Simple Storage Service,US West (Oregon),0.0,665.0004038388,0,0.0,0,1.0
2024-09-08,AWS,AWS CloudTrail,US West (Oregon),0.0,2368.0,0,0.0,0,1.0
2024-09-08,AWS,Amazon Relational Database Service,Asia Pacific (Tokyo),0.0,0.0069563355,3,0.0,0,1.0
2024-09-08,Microsoft,Storage Accounts,East US,1.2749876314347426,24.049328,66,0.321912664,1,3.9606631674320916
2024-09-08,Microsoft,Virtual Machine Scale Sets,East US,-5.4815691,-29.98335,3,-5.4815691,0,1.0
2024-09-08,AWS,Amazon Simple Storage Service,EU (Frankfurt),0.0,11.0,0,0.0,0,1.0
2024-09-08,AWS,Amazon Virtual Private Cloud,Asia Pacific (Mumbai),0.0,8.0,6,0.0,0,1.0
2024-09-08,AWS,Amazon Elastic Container Service,US East (Ohio),0.0,0.5,1,0.0,0,1.0
2024-09-08,AWS,AWS Key Management Service,US East (Ohio),0.0,0.0083333334,5,0.0,0,1.0
2024-09-08,Microsoft,Storage Accounts,West US,0.028934614999999997,0.43818399999999996,9,0.028934614999999997,0,1.0
2024-09-08,AWS,Amazon Virtual Private Cloud,EU (Ireland),0.0,2.0,2,0.0,0,1.0
2024-09-08,AWS,Amazon Elastic Container Service,US West (Oregon),0.0,19.7903792755,140,0.0,0,1.0
2024-09-08,AWS,Amazon Elastic File System,US East (N. Virginia),0.0,0.0061995559,2,0.0,0,1.0
2024-09-08,AWS,AWS Secrets Manager,US West (Oregon),0.0,0.0013888889,0,0.0,0,1.0
2024-09-08,AWS,Amazon Virtual Private Cloud,Asia Pacific (Singapore),0.0,5.0,4,0.0,0,1.0
2024-09-08,AWS,Amazon Virtual Private Cloud,EU (Frankfurt),0.0,10.0,9,0.0,0,1.0
2024-09-08,AWS,AWS CloudTrail,US West (N. California),0.0,497.0,0,0.0,0,1.0
2024-09-08,Microsoft,Storage Accounts,UK West,-0.000220416,-0.007872,1,-0.000220416,0,1.0
2024-09-08,Microsoft,Storage Accounts,North Europe,0.3216,24.0,1,0.3216,0,1.0
2024-09-08,Microsoft,Storage Accounts,Canada Central,4.830259841747215e-05,0.0018,2,2.1216e-05,1,2.2767061848356027
2024-09-08,Microsoft,Key Vault,Global,-1.4e-05,-0.0007,2,-1.4e-05,0,1.0
2024-09-08,AWS,Amazon Simple Storage Service,US West (N. California),0.0,1.0,0,0.0,0,1.0
2024-09-08,AWS,AWS Lambda,US West (Oregon),0.0,9638.6164415337,18,0.0,0,1.0
2024-09-08,Microsoft,Key Vault,West US,1.5e-05,0.0005,1,1.5e-05,0,1.0
2024-09-08,AWS,AWS Key Management Service,EU (London),0.0,0.0013888889,1,0.0,0,1.0
2024-09-08,Microsoft,Storage Accounts,West Europe,0.0,0.002158,1,0.0,0,1.0
2024-09-08,AWS,Amazon Elastic File System,US West (Oregon),0.0,2.1396531953,4,0.0,0,1.0
2024-09-08,Microsoft,Storage Accounts,East Asia,0.8984107542533597,23.9994,1,0.321599784,1,2.7935676544277768
2024-09-08,AWS,Amazon Elastic Container Service for Kubernetes,Asia Pacific (Singapore),0.0,1.0,1,0.0,0,1.0
2024-09-08,AWS,Amazon Elastic Container Service,External,0.0,1.0338189715,31,0.0,0,1.0
2024-09-08,Microsoft,Storage Accounts,North Central US,7.716e-06,0.0010999999999999998,2,7.716e-06,0,1.0
2024-09-08,AWS,Amazon Virtual Private Cloud,EU (London),0.0,4.0,4,0.0,0,1.0
2024-09-08,AWS,AWS CloudTrail,US East (N. Virginia),0.0,7277.0,0,0.0,0,1.0
2024-09-08,Microsoft,Storage Accounts,Korea Central,7.5e-06,0.0005,1,7.5e-06,0,1.0
2024-09-08,AWS,AWS Key Management Service,US East (N. Virginia),0.0,4.0013888889,2,0.0,0,1.0
2024-09-08,AWS,AWS Step Functions,Asia Pacific (Tokyo),0.0,1.49e-07,0,0.0,0,1.0
2024-09-08,AWS,Amazon DynamoDB,US East (Ohio),0.0,3.0,2,0.0,0,1.0
2024-09-08,AWS,Amazon Elastic Compute Cloud,South America (Sao Paulo),0.0,1.2511505793,15,0.0,0,1.0
2024-09-08,AWS,Amazon CloudFront,External,0.0,0.3293612888,1,0.0,0,1.0
2024-09-08,AWS,Amazon Elastic Compute Cloud,EU (London),0.0,0.4501560808,18,0.0,0,1.0
2024-09-08,AWS,Amazon CloudFront,India,0.0,2.017350981,2,0.0,0,1.0
2024-09-08,AWS,Amazon Route 53,unknown,0.0,312.0,10,0.0,0,1.0
2024-09-08,AWS,Elastic Load Balancing,US West (N. California),0.0,1.31633e-05,1,0.0,0,1.0
2024-09-08,AWS,AmazonCloudWatch,Asia Pacific (Sydney),0.0,9.0,0,0.0,0,1.0
2024-09-08,AWS,AmazonCloudWatch,Asia Pacific (Singapore),0.0,390.81618932,2,0.0,0,1.0
2024-09-08,AWS,AWS CloudTrail,EU (Stockholm),0.0,6.0,0,0.0,0,1.0
2024-09-08,AWS,Amazon Simple Queue Service,Asia Pacific (Mumbai),0.0,4.0,0,0.0,0,1.0
2024-09-08,AWS,Amazon CloudFront,Japan,0.0,4.1422225824,3,0.0,0,1.0
2024-09-08,AWS,Amazon Simple Notification Service,South America (Sao Paulo),0.0,4.0,0,0.0,0,1.0
2024-09-08,AWS,Amazon Elastic Compute Cloud,EU (Ireland),0.0,0.1002656207,2,0.0,0,1.0
2024-09-08,AWS,Amazon Simple Notification Service,US West (Oregon),0.0,52.0000063944,3,0.0,0,1.0
2024-09-08,AWS,Elastic Load Balancing,US East (Ohio),0.0,1.0001065135,8,0.0,0,1.0
2024-09-08,AWS,Amazon Elastic Compute Cloud,Asia Pacific (Mumbai),0.0,5.5076187523,74,0.0,0,1.0
2024-09-08,AWS,Elastic Load Balancing,US West (Oregon),0.0,12.4497776453,72,0.0,0,1.0
2024-09-08,AWS,AWS CloudTrail,Asia Pacific (Mumbai),0.0,6.0,0,0.0,0,1.0
2024-09-08,Microsoft,Virtual Machines,West US 2,0.48,24.0,1,0.48,0,1.0
2024-09-08,AWS,Amazon EC2 Container Registry (ECR),EU (Ireland),0.0,5.7483e-06,24,0.0,0,1.0
2024-09-08,AWS,Amazon Elastic Compute Cloud,EU (Stockholm),0.0,0.280557042,4,0.0,0,1.0
2024-09-08,AWS,Elastic Load Balancing,EU (Frankfurt),0.0,1.0000064905000001,6,0.0,0,1.0
2024-09-08,AWS,Amazon Simple Queue Service,Asia Pacific (Singapore),0.0,4.0,0,0.0,0,1.0
2024-09-08,Microsoft,Application Gateway,East US,-0.00091262244,-0.045631121844053,1,-0.00091262244,0,1.0
2024-09-08,AWS,Amazon Elastic Compute Cloud,Africa (Cape Town),0.0,0.1319701257,3,0.0,0,1.0
2024-09-08,AWS,Amazon CloudFront,EU (Frankfurt),0.0,0.025125,1,0.0,0,1.0
2024-09-08,AWS,AWS CloudTrail,Canada (Central),0.0,12.0,0,0.0,0,1.0
2024-09-08,AWS,AmazonCloudWatch,Asia Pacific (Seoul),0.0,296.0,0,0.0,0,1.0
2024-09-08,AWS,AmazonCloudWatch,South America (Sao Paulo),0.0,12.0000780311,1,0.0,0,1.0
2024-09-08,AWS,Amazon CloudFront,EU (London),0.0,2.0,1,0.0,0,1.0
2024-09-08,AWS,Amazon Simple Queue Service,Asia Pacific (Osaka),0.0,4.0,0,0.0,0,1.0
2024-09-08,AWS,Amazon Elastic Compute Cloud,EU (Paris),0.0,0.2805594224,5,0.0,0,1.0
2024-09-08,AWS,Amazon CloudFront,Europe,0.0,1629.0000131364,11,0.0,0,1.0
2024-09-08,AWS,Amazon EC2 Container Registry (ECR),EU (Frankfurt),0.0,0.0004879833,1,0.0,0,1.0
2024-09-08,AWS,AmazonCloudWatch,Asia Pacific (Tokyo),0.0,3.0,0,0.0,0,1.0
2024-09-08,AWS,Amazon Relational Database Service,US West (Oregon),0.0,14.5583158089,20,0.0,0,1.0
2024-09-08,Oracle,COMPUTE,us-sanjose-1,0.0,70.0,4,0.0,0,1.0
2024-09-08,AWS,Elastic Load Balancing,US East (N. Virginia),0.0,4.5239936473,11,0.0,0,1.0
2024-09-08,AWS,Amazon Simple Notification Service,US East (Ohio),0.0,4.0,0,0.0,0,1.0
2024-09-08,AWS,Amazon DynamoDB,US West (N. California),0.0,10.0,1,0.0,0,1.0
2024-09-08,AWS,AmazonCloudWatch,EU (Ireland),0.0,6.0,0,0.0,0,1.0
2024-09-08,Microsoft,Virtual Network,West US,0.12,24.0,1,0.12,0,1.0
2024-09-08,AWS,Amazon Elastic Compute Cloud,Asia Pacific (Sydney),0.0,0.35097203250000003,22,0.0,0,1.0
2024-09-08,AWS,Elastic Load Balancing,EU (London),0.0,0.0023173504,1,0.0,0,1.0
2024-09-08,AWS,Elastic Load Balancing,EU (Paris),0.0,5.737e-07,1,0.0,0,1.0
2024-09-08,AWS,Amazon DynamoDB,EU (Stockholm),0.0,1.0,1,0.0,0,1.0
2024-09-08,AWS,AWS CloudTrail,Asia Pacific (Seoul),0.0,18.0,0,0.0,0,1.0
2024-09-08,AWS,Elastic Load Balancing,EU (Ireland),0.0,4.722e-07,2,0.0,0,1.0
2024-09-08,AWS,AmazonCloudWatch,EU (London),0.0,126.0,0,0.0,0,1.0
2024-09-08,AWS,AmazonCloudWatch,EU (Paris),0.0,280.0,0,0.0,0,1.0
2024-09-08,AWS,Amazon DynamoDB,US East (N. Virginia),0.0,6.0,2,0.0,0,1.0
2024-09-08,AWS,Amazon Simple Notification Service,US East (N. Virginia),0.0,12.0,0,0.0,0,1.0
2024-09-08,AWS,Amazon Simple Notification Service,Asia Pacific (Hong Kong),0.0,1.0,0,0.0,0,1.0
2024-09-08,AWS,Elastic Load Balancing,Asia Pacific (Tokyo),0.0,7.132100000000001e-06,3,0.0,0,1.0
2024-09-08,AWS,Amazon Elastic Compute Cloud,Asia Pacific (Osaka),0.0,0.1666666667,1,0.0,0,1.0
2024-09-08,AWS,Amazon DynamoDB,US West (Oregon),0.0,16.0000122623,8,0.0,0,1.0
2024-09-08,AWS,Amazon Elastic Compute Cloud,EU (Frankfurt),0.0,23.0941558568,81,0.0,0,1.0
2024-09-08,AWS,Amazon CloudFront,South America,0.0,0.0082920985,1,0.0,0,1.0
2024-09-08,AWS,Elastic Load Balancing,External,0.0,0.0151979322,93,0.0,0,1.0
2024-09-08,Microsoft,Virtual Network,East US,0.9149274181049059,48.0,5,0.24,1,3.812197575437108
2024-09-08,AWS,Amazon CloudFront,US East (Ohio),0.0,2.0,1,0.0,0,1.0
2024-09-08,AWS,Amazon Elastic Compute Cloud,Canada (Central),0.0,0.0111111111,1,0.0,0,1.0
2024-09-08,AWS,Amazon CloudFront,US West (Oregon),0.0,0.007003580000000001,2,0.0,0,1.0
2024-09-08,AWS,AmazonCloudWatch,EU (Stockholm),0.0,0.0111111111,1,0.0,0,1.0
2024-09-08,AWS,Elastic Load Balancing,EU (Stockholm),0.0,1.0000078417,5,0.0,0,1.0
2024-09-08,AWS,AmazonCloudWatch,EU (Frankfurt),0.0,9.0007481556,1,0.0,0,1.0
2024-09-08,AWS,Amazon Simple Email Service,US West (Oregon),0.0,2.0,0,0.0,0,1.0
2024-09-08,AWS,Amazon Simple Notification Service,Asia Pacific (Singapore),0.0,4.0,0,0.0,0,1.0
2024-09-08,AWS,Amazon CloudFront,United States,0.0,189.0000008028,6,0.0,0,1.0
2024-09-08,AWS,AWS CloudTrail,Asia Pacific (Singapore),0.0,523.0,0,0.0,0,1.0
2024-09-08,AWS,Amazon Elastic Compute Cloud,Asia Pacific (Tokyo),0.0,13.3820856696,76,0.0,0,1.0
2024-09-08,AWS,AWS CloudTrail,Asia Pacific (Sydney),0.0,6.0,0,0.0,0,1.0
2024-09-08,AWS,AmazonCloudWatch,Asia Pacific (Osaka),0.0,12.0,0,0.0,0,1.0
2024-09-08,AWS,Amazon CloudFront,Canada,0.0,2.0028371811,2,0.0,0,1.0
2024-09-08,AWS,Amazon EC2 Container Registry (ECR),US East (N. Virginia),0.0,0.7439313433,4,0.0,0,1.0
2024-09-08,Microsoft,Azure Monitor,West US,0.0,-0.002460941,1,0.0,0,1.0
2024-09-08,Microsoft,Virtual Machines,East US,3.12476317662,58.423434830976966,11,3.12476317662,0,1.0
2024-09-08,AWS,Amazon Relational Database Service,US East (N. Virginia),0.0,2.0000002123,1,0.0,0,1.0
2024-09-08,AWS,Amazon Virtual Private Cloud,US East (Ohio),0.0,5.0,5,0.0,0,1.0
2024-09-08,AWS,Amazon Simple Queue Service,EU (London),0.0,4.0,0,0.0,0,1.0
2024-09-08,AWS,AmazonCloudWatch,US West (N. California),0.0,3.0,0,0.0,0,1.0
2024-09-08,AWS,Amazon Simple Notification Service,EU (Frankfurt),0.0,4.0,0,0.0,0,1.0
2024-09-08,AWS,Amazon Elastic Compute Cloud,US East (Ohio),0.0,12.2147484613,35,0.0,0,1.0
2024-09-08,Microsoft,Azure Machine Learning,East US 2,0.5501637254694023,0.69892563288802,2,0.26246793608999996,1,2.0961178483940675
2024-09-08,AWS,AWS Systems Manager,US West (Oregon),0.0,4635.0,0,0.0,0,1.0
2024-09-08,AWS,AWS CloudTrail,EU (London),0.0,7.0,0,0.0,0,1.0
2024-09-08,AWS,Amazon Virtual Private Cloud,US West (N. California),0.0,1.0,1,0.0,0,1.0
2024-09-08,AWS,AWS Backup,US West (Oregon),0.0,0.0510289328,1,0.0,0,1.0
2024-09-08,Microsoft,Azure App Service,Central US,0.0,0.064512,1,0.0,0,1.0
2024-09-08,AWS,AmazonCloudWatch,US East (Ohio),0.0,12.0262359033,2,0.0,0,1.0
2024-09-08,AWS,Amazon Elastic Compute Cloud,US West (N. California),0.0,0.036156104,8,0.0,0,1.0
2024-09-08,AWS,Amazon Relational Database Service,US East (Ohio),0.0,2.0004710763,10,0.0,0,1.0
2024-09-08,Microsoft,Azure Private Link,Central US,0.24,24.0,1,0.24,0,1.0
2024-09-08,AWS,AWS Step Functions,US West (Oregon),0.0,1660.0,2,0.0,0,1.0
2024-09-08,AWS,Amazon Elastic Container Registry Public,US East (N. Virginia),0.0,0.0054844884,1,0.0,0,1.0
2024-09-08,Microsoft,Azure SQL Database,West US 2,0.0,1.0,1,0.0,0,1.0
2024-09-08,AWS,Amazon Virtual Private Cloud,External,0.0,0.0002086621,8,0.0,0,1.0
2024-09-08,AWS,Amazon Relational Database Service,External,0.0,3.2081e-05,14,0.0,0,1.0
2024-09-08,AWS,Amazon Simple Notification Service,EU (Ireland),0.0,4.0,0,0.0,0,1.0
2024-09-08,Microsoft,Virtual Machines,East Asia,-0.1933488,-0.033336,1,-0.1933488,0,1.0
2024-09-08,AWS,AmazonCloudWatch,US West (Oregon),0.0,2997.0752582145,162,0.0,0,1.0
2024-09-08,Microsoft,Azure SQL Database,East US 2,0.48387096774,0.032258064516129,1,0.48387096774,0,1.0
2024-09-08,AWS,Amazon Simple Queue Service,South America (Sao Paulo),0.0,4.0,0,0.0,0,1.0
2024-09-08,AWS,Amazon Elastic Compute Cloud,US West (Oregon),0.0,354.8244513972,247,0.0,0,1.0
2024-09-08,AWS,AWS Step Functions,EU (Paris),0.0,2.2521299999999997e-05,0,0.0,0,1.0
2024-09-08,Microsoft,Azure Private Link,West US 2,0.24,24.0,1,0.24,0,1.0
2024-09-08,AWS,Amazon Virtual Private Cloud,US East (N. Virginia),0.0,12.0,12,0.0,0,1.0
2024-09-08,AWS,Amazon Simple Queue Service,EU (Paris),0.0,8.0,0,0.0,0,1.0
2024-09-08,AWS,Amazon EC2 Container Registry (ECR),US West (Oregon),0.0,0.0004157172,3,0.0,0,1.0
2024-09-08,AWS,AWS CloudTrail,EU (Paris),0.0,311.0,0,0.0,0,1.0
2024-09-08,Microsoft,Azure Kubernetes Service,East US,-4.78327962246,-47.83279622456445,2,-4.78327962246,0,1.0
2024-09-08,AWS,Amazon Elastic Compute Cloud,Asia Pacific (Singapore),0.0,2.859510817,38,0.0,0,1.0
2024-09-08,AWS,Amazon Elastic Compute Cloud,US East (N. Virginia),0.0,18.6070678527,95,0.0,0,1.0
2024-09-08,AWS,Amazon Simple Notification Service,EU (London),0.0,4.0,0,0.0,0,1.0
2024-09-08,Microsoft,Virtual Machines,UK West,2.95323624,0.033336,1,2.95323624,0,1.0
2024-09-08,AWS,Amazon CloudFront,Asia Pacific,0.0,1.0087370938,3,0.0,0,1.0
2024-09-08,AWS,Amazon Relational Database Service,US West (N. California),0.0,1.0000018403,2,0.0,0,1.0
2024-09-08,AWS,AmazonCloudWatch,Any,0.0,0.0027777778,0,0.0,0,1.0
2024-09-08,AWS,Amazon Simple Queue Service,Asia Pacific (Tokyo),0.0,4.0,0,0.0,0,1.0
2024-09-08,AWS,AmazonCloudWatch,US East (N. Virginia),0.0,503.10030262860005,7,0.0,0,1.0
2024-09-08,Microsoft,Azure DB for MySQL,East US,0.0,0.032258064516129,1,0.0,0,1.0
2024-09-08,AWS,CloudWatch Events,External,0.0,6.56843e-05,0,0.0,0,1.0
2024-09-08,Microsoft,Azure DB for MySQL,Central US,3.68832,48.0,1,3.68832,0,1.0
2024-09-08,AWS,AWS CloudTrail,EU (Frankfurt),0.0,1916.0,0,0.0,0,1.0
2024-09-08,AWS,Amazon Elastic Compute Cloud,External,0.0,1.2144297071,252,0.0,0,1.0
2024-09-08,AWS,Amazon CloudFront,Asia Pacific (Seoul),0.0,0.033375,1,0.0,0,1.0
2024-09-08,Microsoft,Azure App Service,South Central US,0.0,-0.032256,1,0.0,0,1.0
2024-09-08,AWS,AmazonCloudWatch,Asia Pacific (Mumbai),0.0,235.0,0,0.0,0,1.0
2024-09-08,Microsoft,Virtual Machines,West US,11.97516314686417,12.444829649667502,3,4.513304917519999,1,2.653302483592082
2024-09-08,AWS,Amazon Elastic Compute Cloud,Europe (Zurich),0.0,0.1666666667,1,0.0,0,1.0
2024-09-08,AWS,Amazon Simple Notification Service,Asia Pacific (Tokyo),0.0,4.0,0,0.0,0,1.0
2024-09-08,AWS,Amazon API Gateway,US West (Oregon),0.0,21.0,2,0.0,0,1.0
2024-09-08,Microsoft,Virtual Machines,Southeast Asia,0.65705256,0.033336,1,0.65705256,0,1.0
2024-09-08,AWS,Amazon Simple Queue Service,EU (Frankfurt),0.0,4.0,0,0.0,0,1.0
2024-09-08,AWS,Amazon EC2 Container Registry (ECR),EU (Stockholm),0.0,0.0005300067,5,0.0,0,1.0
2024-09-08,AWS,AWS CloudTrail,EU (Ireland),0.0,1271.0,0,0.0,0,1.0
2024-09-08,Microsoft,Virtual Machines,South Central US,0.34556884305201985,0.00162263866514,1,3.245277e-05,1,2.4795747183148062
2024-09-08,AWS,Amazon Simple Queue Service,EU (Ireland),0.0,4.0,0,0.0,0,1.0
2024-09-08,AWS,Amazon Virtual Private Cloud,US West (Oregon),0.0,65.2294590242,95,0.0,0,1.0
2024-09-08,AWS,CloudWatch Events,EU (Frankfurt),0.0,35.0,0,0.0,0,1.0
2024-09-08,Microsoft,Azure Data Factory v2,West US,-0.03333333333,-0.133333333333333,1,-0.03333333333,0,1.0
2024-09-09,AWS,AWS CloudTrail,Africa (Cape Town),0.0,46.0,0,0.0,0,1.0
2024-09-09,Microsoft,Storage Accounts,West Europe,9.719706489627496e-05,0.0010999999999999998,1,4.02e-05,1,2.4178374352307204
2024-09-09,Oracle,COMPUTE,us-sanjose-1,0.0,1119.0,26,0.0,0,1.0
2024-09-09,AWS,AWS Backup,US West (Oregon),0.0,2.6e-09,1,0.0,0,1.0
2024-09-09,Microsoft,Storage Accounts,UK West,1.655702139350573e-05,0.0161,2,5.796e-06,1,2.8566289498802155
2024-09-09,AWS,Amazon GuardDuty,EU (Paris),0.0,72.0,0,0.0,0,1.0
2024-09-09,AWS,AWS CloudTrail,Asia Pacific (Mumbai),0.0,6.0,0,0.0,0,1.0
2024-09-09,AWS,Amazon Simple Notification Service,Asia Pacific (Singapore),0.0,4.0,0,0.0,0,1.0
2024-09-09,AWS,AWS CloudTrail,Asia Pacific (Osaka),0.0,6.0,0,0.0,0,1.0
2024-09-09,AWS,Amazon Simple Notification Service,External,0.0,2.6939399999999998e-05,3,0.0,0,1.0
2024-09-09,AWS,Amazon Simple Notification Service,EU (Ireland),0.0,8.0,0,0.0,0,1.0
2024-09-09,AWS,Amazon GuardDuty,US East (N. Virginia),0.0,0.1210225197,0,0.0,0,1.0
2024-09-09,AWS,Amazon Simple Notification Service,EU (Stockholm),0.0,4.0,0,0.0,0,1.0
2024-09-09,AWS,AWS Data Transfer,US East (N. Virginia),0.0,0.0,0,0.0,0,1.0
2024-09-09,AWS,AWS Data Transfer,US West (Oregon),0.0,0.0,0,0.0,0,1.0
2024-09-09,AWS,Amazon Simple Notification Service,EU (Frankfurt),0.0,4.0,0,0.0,0,1.0
2024-09-09,AWS,Amazon GuardDuty,EU (Stockholm),0.0,54.0,0,0.0,0,1.0
2024-09-09,AWS,AWS CloudTrail,EU (Stockholm),0.0,163.0,0,0.0,0,1.0
2024-09-09,AWS,Amazon Simple Notification Service,US East (N. Virginia),0.0,8.0,0,0.0,0,1.0
2024-09-09,Microsoft,Virtual Machines,West US,2.1548183759638513,15.033336,2,0.3200016,1,2.970559748552631
2024-09-09,AWS,AWS CloudTrail,EU (Frankfurt),0.0,12.0,0,0.0,0,1.0
2024-09-09,Microsoft,Virtual Machines,UK West,3.16591992,0.066672,2,3.16591992,0,1.0
2024-09-09,Microsoft,Virtual Machines,South Central US,0.0030290490044585163,0.00171700771898,2,3.8434939999999996e-05,1,2.7329375691657196
2024-09-09,AWS,Amazon Simple Storage Service,US East (N. Virginia),0.0,1251.567773621,0,0.0,0,1.0
2024-09-09,AWS,AWS CloudTrail,South America (Sao Paulo),0.0,413.0,0,0.0,0,1.0
2024-09-09,AWS,Amazon Simple Queue Service,EU (Frankfurt),0.0,4.0,0,0.0,0,1.0
2024-09-09,AWS,Amazon Relational Database Service,US East (Ohio),0.0,2.5555561926,4,0.0,0,1.0
2024-09-09,AWS,Amazon Simple Queue Service,US West (N. California),0.0,4.0,0,0.0,0,1.0
2024-09-09,AWS,AWS CloudTrail,Canada (Central),0.0,474.0,0,0.0,0,1.0
2024-09-09,Microsoft,Virtual Machine Scale Sets,East US,0.00210036441,0.039183495566250004,4,0.00210036441,0,1.0
2024-09-09,Microsoft,Virtual Machines,North Central US,0.0062582708135694295,0.003949179314077,1,7.898359e-05,1,3.9061436940479064
2024-09-09,AWS,AWS CloudTrail,Middle East (UAE),0.0,50.0,0,0.0,0,1.0
2024-09-09,AWS,AWS CloudTrail,EU (London),0.0,65.0,0,0.0,0,1.0
2024-09-09,Microsoft,Virtual Machines,France Central,0.79473024,0.033336,1,0.79473024,0,1.0
2024-09-09,Microsoft,Virtual Machines,East US,-0.6422689600000001,-2.609000000000001,6,-0.6422689600000001,0,1.0
2024-09-09,AWS,AWS CloudTrail,EU (Paris),0.0,12.0,0,0.0,0,1.0
2024-09-09,AWS,Amazon Simple Queue Service,EU (Paris),0.0,4.0,0,0.0,0,1.0
2024-09-09,Microsoft,Virtual Machines,East Asia,0.0037586762,0.046983452513814,1,0.0037586762,0,1.0
2024-09-09,AWS,Amazon Relational Database Service,External,0.0,2.61058e-05,10,0.0,0,1.0
2024-09-09,AWS,Amazon Simple Queue Service,US East (N. Virginia),0.0,136.0,3,0.0,0,1.0
2024-09-09,AWS,Amazon Relational Database Service,US West (Oregon),6.0,7.340281246,13,6.0,0,1.0
2024-09-09,AWS,AWS CloudTrail,US East (N. Virginia),0.0,2006.0,0,0.0,0,1.0
2024-09-09,Microsoft,Virtual Machine Scale Sets,Central US,-3.504,-24.0,1,-3.504,0,1.0
2024-09-09,Microsoft,Virtual Network,West US,0.3878042794535793,24.0,1,0.12,1,3.2317023287798277
2024-09-09,AWS,AWS CloudTrail,Asia Pacific (Seoul),0.0,8.0,0,0.0,0,1.0
2024-09-09,AWS,Amazon Simple Storage Service,EU (Frankfurt),0.0,1.0024957499,0,0.0,0,1.0
2024-09-09,AWS,Amazon Simple Notification Service,US East (Ohio),0.0,4.0,0,0.0,0,1.0
2024-09-09,Microsoft,Storage Accounts,West US,0.024527829997856503,0.166292,8,0.009969161,1,2.4603705364831105
2024-09-09,AWS,Amazon Lightsail,EU (Frankfurt),0.0,1.0,1,0.0,0,1.0
2024-09-09,AWS,Amazon Simple Email Service,US West (Oregon),0.0,1.0,0,0.0,0,1.0
2024-09-09,AWS,AWS CloudTrail,US West (N. California),0.0,590.0,0,0.0,0,1.0
2024-09-09,AWS,AWS CloudTrail,Asia Pacific (Singapore),0.0,26.0,0,0.0,0,1.0
2024-09-09,Microsoft,Virtual Network,East US 2,-0.12,-24.0,1,-0.12,0,1.0
2024-09-09,Microsoft,Virtual Network,East US,0.24,48.0,4,0.24,0,1.0
2024-09-09,AWS,AWS CloudTrail,Asia Pacific (Sydney),0.0,12.0,0,0.0,0,1.0
2024-09-09,AWS,Amazon Simple Notification Service,US West (Oregon),0.0,30.0001127868,6,0.0,0,1.0
2024-09-09,AWS,Amazon Simple Queue Service,Africa (Cape Town),0.0,4.0,0,0.0,0,1.0
2024-09-09,Microsoft,Virtual Network,Central US,4.56,24.0,1,4.56,0,1.0
2024-09-09,AWS,Amazon Route 53,unknown,0.0,1490.0,13,0.0,0,1.0
2024-09-09,Microsoft,Storage Accounts,West US 2,-0.000106462,-0.0002000000000000001,5,-0.000106462,0,1.0
2024-09-09,Microsoft,Virtual Machines,West US 2,36.00049229353,24.00982508715242,2,36.00049229353,0,1.0
2024-09-09,AWS,AWS CloudTrail,Asia Pacific (Tokyo),0.0,12.0,0,0.0,0,1.0
2024-09-09,AWS,Amazon Simple Queue Service,US West (Oregon),0.0,38859.0,43,0.0,0,1.0
2024-09-09,AWS,Amazon Simple Queue Service,Asia Pacific (Seoul),0.0,8.0,0,0.0,0,1.0
2024-09-09,AWS,AWS CloudTrail,US West (Oregon),0.0,1498.0,0,0.0,0,1.0
2024-09-09,AWS,AWS CloudTrail,US East (Ohio),0.0,88.0,0,0.0,0,1.0
2024-09-09,AWS,AmazonCloudWatch,US West (N. California),0.0,808.0,0,0.0,0,1.0
2024-09-09,Microsoft,Azure SQL Database,East US 2,-0.48387096774,-0.032258064516129,1,-0.48387096774,0,1.0
2024-09-09,AWS,Elastic Load Balancing,EU (Frankfurt),0.0,6.55325e-05,3,0.0,0,1.0
2024-09-09,AWS,Amazon Virtual Private Cloud,US East (Ohio),0.0,6.0,6,0.0,0,1.0
2024-09-09,AWS,Amazon Elastic Compute Cloud,Asia Pacific (Singapore),0.0,3.8615780162999997,30,0.0,0,1.0
2024-09-09,Microsoft,Azure Monitor,East US,0.0,0.002399016,1,0.0,0,1.0
2024-09-09,Microsoft,Azure Machine Learning,East US 2,1.2543484058286887,10.004562235437335,2,0.54129903405,1,2.3172928952849823
2024-09-09,AWS,Amazon Elastic Compute Cloud,US East (Ohio),0.0,4.8261725179,37,0.0,0,1.0
2024-09-09,AWS,AWS Systems Manager,US West (Oregon),0.0,2310.0,0,0.0,0,1.0
2024-09-09,AWS,Amazon DynamoDB,US East (N. Virginia),0.0,2.0,2,0.0,0,1.0
2024-09-09,AWS,Amazon Virtual Private Cloud,US West (N. California),0.0,5.0,4,0.0,0,1.0
2024-09-09,AWS,AmazonCloudWatch,EU (London),0.0,288.0,0,0.0,0,1.0
2024-09-09,AWS,Amazon Elastic Compute Cloud,US East (N. Virginia),14.0,31.8248403911,183,14.0,0,1.0
2024-09-09,Microsoft,Azure Data Factory v2,West US,0.001,0.001,1,0.001,0,1.0
2024-09-09,AWS,AWS X-Ray,US East (Ohio),0.0,4.0,0,0.0,0,1.0
2024-09-09,Microsoft,Azure Data Factory,West US 2,-1e-05,-2e-05,1,-1e-05,0,1.0
2024-09-09,AWS,Amazon Virtual Private Cloud,US West (Oregon),0.0,55.859478979500004,81,0.0,0,1.0
2024-09-09,AWS,AWS Glue,South America (Sao Paulo),0.0,1.0,0,0.0,0,1.0
2024-09-09,AWS,Elastic Load Balancing,EU (Ireland),0.0,0.3494387735,1,0.0,0,1.0
2024-09-09,AWS,Amazon DynamoDB,US East (Ohio),0.0,13.5,1,0.0,0,1.0
2024-09-09,AWS,AWS Systems Manager,US East (N. Virginia),0.0,5.0,0,0.0,0,1.0
2024-09-09,Microsoft,Azure Monitor,Southeast Asia,0.0,0.002625004,1,0.0,0,1.0
2024-09-09,AWS,AmazonCloudWatch,EU (Paris),0.0,229.0,0,0.0,0,1.0
2024-09-09,AWS,Amazon DynamoDB,US West (Oregon),0.0,8.0,3,0.0,0,1.0
2024-09-09,AWS,AWS Step Functions,EU (Frankfurt),0.0,1.13044e-05,0,0.0,0,1.0
2024-09-09,Microsoft,Azure SQL Database,West US 2,1.20564516129,10.483870967741938,1,1.20564516129,0,1.0
2024-09-09,AWS,Amazon Virtual Private Cloud,External,0.0,7.414e-07,7,0.0,0,1.0
2024-09-09,AWS,Amazon Elastic Compute Cloud,Asia Pacific (Osaka),0.0,0.3333333334,2,0.0,0,1.0
2024-09-09,AWS,AWS Step Functions,EU (Ireland),0.0,3.37838e-05,0,0.0,0,1.0
2024-09-09,AWS,Elastic Load Balancing,External,0.0,0.0268448253,85,0.0,0,1.0
2024-09-09,Microsoft,Azure SQL Database,East US,14.37786419044673,1.000000000000001,1,0.161,1,2.9983867597695046
2024-09-09,AWS,Amazon Elastic Compute Cloud,South America (Sao Paulo),0.0,3.5678839771,18,0.0,0,1.0
2024-09-09,AWS,Amazon Elastic Compute Cloud,US West (Oregon),0.0,52.952323185,245,0.0,0,1.0
2024-09-09,AWS,Elastic Load Balancing,Asia Pacific (Tokyo),0.0,0.0002886941,1,0.0,0,1.0
2024-09-09,AWS,AWS Step Functions,EU (Stockholm),0.0,1.49e-07,0,0.0,0,1.0
2024-09-09,AWS,AWS Step Functions,US East (Ohio),0.0,1.49e-07,0,0.0,0,1.0
2024-09-09,AWS,Amazon Virtual Private Cloud,US East (N. Virginia),0.0,10.459168,15,0.0,0,1.0
2024-09-09,AWS,Amazon DynamoDB,US West (N. California),0.0,13.0,2,0.0,0,1.0
2024-09-09,AWS,AWS Step Functions,US West (Oregon),0.0,4.010119088,1,0.0,0,1.0
2024-09-09,AWS,Amazon Elastic Compute Cloud,US West (N. California),0.0,1.1939238812000001,11,0.0,0,1.0
2024-09-09,AWS,Amazon Elastic Compute Cloud,Asia Pacific (Seoul),0.0,0.1666666667,1,0.0,0,1.0
2024-09-09,AWS,AWS Step Functions,EU (Paris),0.0,1.49e-07,0,0.0,0,1.0
2024-09-09,AWS,Amazon Elastic Container Registry Public,US East (N. Virginia),0.0,0.0010751503,1,0.0,0,1.0
2024-09-09,AWS,Amazon API Gateway,US West (Oregon),0.0,52183.0000036098,2,0.0,0,1.0
2024-09-09,AWS,Amazon Elastic Compute Cloud,Asia Pacific (Sydney),0.0,1.8022279822,27,0.0,0,1.0
2024-09-09,AWS,Elastic Load Balancing,US West (Oregon),0.0,10.8572710984,75,0.0,0,1.0
2024-09-09,AWS,AmazonCloudWatch,Asia Pacific (Singapore),0.0,3.0111111111,1,0.0,0,1.0
2024-09-09,AWS,Amazon Elastic Compute Cloud,Asia Pacific (Tokyo),0.0,6.2183244985,62,0.0,0,1.0
2024-09-09,AWS,AmazonCloudWatch,EU (Frankfurt),0.0,0.0111134804,2,0.0,0,1.0
2024-09-09,AWS,Amazon Elastic Compute Cloud,EU (London),0.0,4.004847198,22,0.0,0,1.0
2024-09-09,AWS,Amazon CloudFront,India,0.0,0.0023248773,1,0.0,0,1.0
2024-09-09,AWS,AmazonCloudWatch,Asia Pacific (Sydney),0.0,9.0,0,0.0,0,1.0
2024-09-09,AWS,Elastic Load Balancing,EU (Stockholm),0.0,2.96552e-05,4,0.0,0,1.0
2024-09-09,AWS,Elastic Load Balancing,US East (Ohio),0.0,1.0081785355,10,0.0,0,1.0
2024-09-09,AWS,Amazon CloudFront,US West (Oregon),0.0,0.0002175029,1,0.0,0,1.0
2024-09-09,AWS,Amazon Elastic Compute Cloud,EU (Ireland),0.0,2.8490174623,2,0.0,0,1.0
2024-09-09,AWS,Amazon CloudFront,Japan,0.0,4.0831100326000005,3,0.0,0,1.0
2024-09-09,AWS,Elastic Load Balancing,US East (N. Virginia),0.0,1.0031532484,11,0.0,0,1.0
2024-09-09,AWS,AmazonCloudWatch,Asia Pacific (Tokyo),0.0,157.0,0,0.0,0,1.0
2024-09-09,AWS,Amazon Elastic Compute Cloud,Canada (Central),0.0,0.1666666667,1,0.0,0,1.0
2024-09-09,AWS,Amazon Elastic Compute Cloud,EU (Frankfurt),6.0,23.7388564994,69,6.0,0,1.0
2024-09-09,AWS,Amazon CloudFront,South America,0.0,2.2965109907,2,0.0,0,1.0
2024-09-09,AWS,Amazon CloudFront,United States,0.0,115.62649805939999,10,0.0,0,1.0
2024-09-09,AWS,Amazon CloudFront,Europe,0.0,61.0514950817,9,0.0,0,1.0
2024-09-09,AWS,Amazon Elastic Compute Cloud,EU (Paris),0.0,1.1666666667,2,0.0,0,1.0
2024-09-09,AWS,Red Hat OpenShift Service on AWS,unknown,0.0,2.0,2,0.0,0,1.0
2024-09-09,Microsoft,Azure DB for MySQL,East US,-0.37096774194,-3.225806451612901,1,-0.37096774194,0,1.0
2024-09-09,AWS,Amazon Elastic Compute Cloud,Middle East (UAE),0.0,0.1666666667,1,0.0,0,1.0
2024-09-09,AWS,Amazon CloudFront,Asia Pacific,0.0,3.0,1,0.0,0,1.0
2024-09-09,AWS,AmazonCloudWatch,Any,0.0,0.0013888889,0,0.0,0,1.0
2024-09-09,AWS,Amazon DynamoDB,Asia Pacific (Sydney),0.0,10.0,2,0.0,0,1.0
2024-09-09,Microsoft,Azure DB for MySQL,Central US,-1.84416,-24.0,1,-1.84416,0,1.0
2024-09-09,AWS,Amazon Elastic Compute Cloud,External,0.0,9.098071742,287,0.0,0,1.0
2024-09-09,AWS,AmazonCloudWatch,Asia Pacific (Mumbai),0.0,227.0,0,0.0,0,1.0
2024-09-09,Microsoft,Azure Data Factory,West US,-1e-05,-2e-05,1,-1e-05,0,1.0
2024-09-09,AWS,Amazon CloudFront,Australia,0.0,7.944e-07,1,0.0,0,1.0
2024-09-09,Microsoft,Azure App Service,Central US,1.03323612,84.0,1,1.03323612,0,1.0
2024-09-09,AWS,AmazonCloudWatch,Asia Pacific (Osaka),0.0,12.0,0,0.0,0,1.0
2024-09-09,AWS,Amazon Elastic Compute Cloud,EU (Stockholm),0.0,1.7462775115,3,0.0,0,1.0
2024-09-09,AWS,Elastic Load Balancing,EU (London),0.0,4.1e-08,1,0.0,0,1.0
2024-09-09,AWS,Amazon CloudFront,Canada,0.0,3931.0006148284,3,0.0,0,1.0
2024-09-09,AWS,Amazon CloudFront,EU (Frankfurt),0.0,0.006375,1,0.0,0,1.0
2024-09-09,AWS,AmazonCloudWatch,Asia Pacific (Seoul),0.0,21.0,0,0.0,0,1.0
2024-09-09,AWS,Elastic Load Balancing,EU (Paris),0.0,6.4345e-06,1,0.0,0,1.0
2024-09-09,AWS,AmazonCloudWatch,EU (Ireland),0.0,3.0,0,0.0,0,1.0
2024-09-09,Microsoft,Azure Site Recovery,Southeast Asia,0.16129032258,0.016129032258048,1,0.16129032258,0,1.0
2024-09-09,AWS,AmazonCloudWatch,Canada (Central),0.0,236.0,0,0.0,0,1.0
2024-09-09,AWS,AmazonCloudWatch,EU (Stockholm),0.0,6.0,0,0.0,0,1.0
2024-09-09,Microsoft,Storage Accounts,France Central,5.256e-06,0.0146,1,5.256e-06,0,1.0
2024-09-09,AWS,AmazonCloudWatch,US East (Ohio),0.0,6.0762291212,8,0.0,0,1.0
2024-09-09,Microsoft,Storage Accounts,East US 2,0.0009627700000000002,0.11116499999999999,5,0.0009627700000000002,0,1.0
2024-09-09,AWS,Amazon Virtual Private Cloud,Africa (Cape Town),0.0,0.696111,1,0.0,0,1.0
2024-09-09,AWS,Amazon Elastic File System,US East (N. Virginia),0.0,0.0095019844,1,0.0,0,1.0
2024-09-09,AWS,AWS Key Management Service,US East (Ohio),0.0,0.0125000001,7,0.0,0,1.0
2024-09-09,Microsoft,Storage Accounts,East US,0.002224993459582562,0.105188,83,0.000358918,1,3.2726652363717905
2024-09-09,AWS,Amazon EC2 Container Registry (ECR),US East (N. Virginia),0.0,0.0020565318999999998,5,0.0,0,1.0
2024-09-09,AWS,Amazon Virtual Private Cloud,Asia Pacific (Mumbai),0.0,7.468333,6,0.0,0,1.0
2024-09-09,AWS,AWS Key Management Service,US West (Oregon),0.0,1.0013888889,2,0.0,0,1.0
2024-09-09,AWS,Amazon EC2 Container Registry (ECR),EU (Stockholm),0.0,0.0005288394,5,0.0,0,1.0
2024-09-09,AWS,Amazon Virtual Private Cloud,Asia Pacific (Singapore),0.0,2.000000149,3,0.0,0,1.0
2024-09-09,AWS,Amazon Virtual Private Cloud,Asia Pacific (Sydney),0.0,1.0,1,0.0,0,1.0
2024-09-09,AWS,AWS Lambda,US East (N. Virginia),0.0,11763.639427909002,9,0.0,0,1.0
2024-09-09,AWS,AmazonCloudWatch,US East (N. Virginia),0.0,3120.0184013283,4,0.0,0,1.0
2024-09-09,Microsoft,Storage Accounts,Central US,0.000111718,0.006100000000000001,7,0.000111718,0,1.0
2024-09-09,AWS,Amazon Elastic File System,EU (Frankfurt),0.0,2.1017246246,1,0.0,0,1.0
2024-09-09,AWS,CloudWatch Events,External,0.0,0.0004043458,0,0.0,0,1.0
2024-09-09,AWS,Amazon Simple Storage Service,US West (Oregon),0.0,689.0075486918,0,0.0,0,1.0
2024-09-09,AWS,Amazon Elastic File System,US West (Oregon),0.0,0.019166326600000002,4,0.0,0,1.0
2024-09-09,AWS,AWS Glue,US East (N. Virginia),0.0,0.0180555556,0,0.0,0,1.0
2024-09-09,Microsoft,Storage Accounts,Southeast Asia,0.0001396022426919655,0.0146,1,5.256e-06,1,3.1056399538158157
2024-09-09,AWS,Amazon EC2 Container Registry (ECR),US West (N. California),0.0,0.0004228619,1,0.0,0,1.0
2024-09-09,AWS,AmazonCloudWatch,US West (Oregon),0.0,1443.0961610678,192,0.0,0,1.0
2024-09-09,AWS,AWS Key Management Service,Asia Pacific (Singapore),0.0,1.0,1,0.0,0,1.0
2024-09-09,Microsoft,Storage Accounts,South Central US,1.9689719221463253e-05,0.0006,1,9e-06,1,2.1877465801625835
2024-09-09,AWS,Amazon Simple Storage Service,US East (Ohio),0.0,6.0,0,0.0,0,1.0
2024-09-09,AWS,AWS Key Management Service,US East (N. Virginia),0.0,0.0027777778,2,0.0,0,1.0
2024-09-09,AWS,Amazon EC2 Container Registry (ECR),US West (Oregon),0.0,0.0007585591,4,0.0,0,1.0
2024-09-09,AWS,Amazon GuardDuty,Asia Pacific (Mumbai),0.0,118.0,0,0.0,0,1.0
2024-09-09,Microsoft,Storage Accounts,North Europe,0.006338210771205232,0.120312,1,0.0026949888,1,2.3518505053546908
2024-09-09,AWS,AWS Key Management Service,EU (Ireland),0.0,0.0013888889,1,0.0,0,1.0
2024-09-09,AWS,Amazon Simple Storage Service,US West (N. California),0.0,2.552e-07,0,0.0,0,1.0
2024-09-09,AWS,AWS Key Management Service,EU (London),0.0,0.0013888889,1,0.0,0,1.0
2024-09-09,AWS,CloudWatch Events,Asia Pacific (Osaka),0.0,12.0,0,0.0,0,1.0
2024-09-09,Microsoft,Storage Accounts,North Central US,0.00018561622006232133,0.0033,1,7.4e-05,1,2.5083272981394775
2024-09-09,AWS,AWS Key Management Service,EU (Frankfurt),0.0,0.0013888889,1,0.0,0,1.0
2024-09-09,AWS,Amazon Elastic Container Service for Kubernetes,US East (Ohio),0.0,1.0,1,0.0,0,1.0
2024-09-09,Microsoft,Storage Accounts,East Asia,0.0019506214825767917,2.5783,1,0.000928188,1,2.101537062078794
2024-09-09,AWS,Amazon Elastic Container Service,External,0.0,0.4587836862,28,0.0,0,1.0
2024-09-09,AWS,AmazonCloudWatch,South America (Sao Paulo),0.0,18.0,0,0.0,0,1.0
2024-09-09,AWS,Amazon Virtual Private Cloud,EU (Ireland),0.0,1.343611,2,0.0,0,1.0
2024-09-09,AWS,AWS Lambda,US East (Ohio),0.0,167.25400000000002,6,0.0,0,1.0
2024-09-09,Microsoft,Microsoft.Fabric,West Central US,0.0,0.0,1,0.0,0,1.0
2024-09-09,AWS,AWS Secrets Manager,US East (N. Virginia),0.0,0.0041666667,0,0.0,0,1.0
2024-09-09,AWS,Amazon Virtual Private Cloud,EU (London),0.0,1.0,1,0.0,0,1.0
2024-09-09,AWS,Amazon EC2 Container Registry (ECR),Asia Pacific (Singapore),0.0,0.0003487799,2,0.0,0,1.0
2024-09-09,AWS,Amazon Elastic Compute Cloud,Asia Pacific (Mumbai),0.0,3.3030279046,61,0.0,0,1.0
2024-09-09,AWS,Amazon Elastic Container Service,US West (Oregon),0.0,30.8592976337,115,0.0,0,1.0
2024-09-09,AWS,Amazon EC2 Container Registry (ECR),EU (Frankfurt),0.0,0.0005033731,3,0.0,0,1.0
2024-09-09,Microsoft,Load Balancer,East US,-1.19601347984,-47.202695968560874,4,-1.19601347984,0,1.0
2024-09-09,Microsoft,Load Balancer,East US 2,-0.47854914801,-47.709829601459205,1,-0.47854914801,0,1.0
2024-09-09,AWS,Elastic Load Balancing,Asia Pacific (Sydney),0.0,5.588e-07,1,0.0,0,1.0
2024-09-09,AWS,Amazon Virtual Private Cloud,EU (Frankfurt),0.0,2.802222,3,0.0,0,1.0
2024-09-09,AWS,AWS Secrets Manager,US West (Oregon),0.0,0.0111111111,0,0.0,0,1.0
2024-09-09,Microsoft,Load Balancer,Central US,0.01009626126,2.019252252765,1,0.01009626126,0,1.0
2024-09-09,AWS,AWS Step Functions,Asia Pacific (Mumbai),0.0,1.49e-07,0,0.0,0,1.0
2024-09-09,AWS,Amazon Elastic Container Service,EU (Ireland),0.0,1.0,1,0.0,0,1.0
2024-09-09,AWS,Amazon EC2 Container Registry (ECR),EU (Ireland),0.0,0.0009290438999999999,21,0.0,0,1.0
2024-09-09,Microsoft,Storage Accounts,Canada East,0.0011766360600000002,-0.006841386243939001,1,0.0011766360600000002,0,1.0
2024-09-09,AWS,AWS Lambda,US West (Oregon),0.0,14925.2302401628,11,0.0,0,1.0
2024-09-09,AWS,Amazon Virtual Private Cloud,EU (Stockholm),0.0,2.0,2,0.0,0,1.0
2024-09-09,AWS,Amazon Elastic Compute Cloud,Africa (Cape Town),0.0,2.3934407553,4,0.0,0,1.0
2024-09-09,AWS,Amazon Virtual Private Cloud,Asia Pacific (Tokyo),0.0,6.0,6,0.0,0,1.0
2024-09-09,AWS,AWS Step Functions,Africa (Cape Town),0.0,1.12755e-05,0,0.0,0,1.0
2024-09-09,Microsoft,Storage Accounts,Canada Central,0.00015138615465931765,0.0016,2,5.688e-05,1,2.6615006093410276
2024-09-10,AWS,AmazonCloudWatch,US West (Oregon),0.0,6275.244105847701,148,0.0,0,1.0
2024-09-10,AWS,AmazonCloudWatch,Canada (Central),0.0,6.0,0,0.0,0,1.0
2024-09-10,AWS,AmazonCloudWatch,EU (Frankfurt),0.0,9.0,0,0.0,0,1.0
2024-09-10,AWS,Elastic Load Balancing,EU (Stockholm),0.0,1.0000029357000002,4,0.0,0,1.0
2024-09-10,Microsoft,Virtual Network,East US,1.5727397700896164,96.0,4,0.48,1,3.2765411876867008
2024-09-10,AWS,AmazonWorkMail,US West (Oregon),0.0,0.0055555556,1,0.0,0,1.0
2024-09-10,AWS,Amazon Simple Notification Service,EU (Ireland),0.0,4.0,0,0.0,0,1.0
2024-09-10,AWS,Elastic Load Balancing,Asia Pacific (Singapore),0.0,2.459e-07,1,0.0,0,1.0
2024-09-10,AWS,AmazonCloudWatch,EU (Stockholm),0.0,6.0,0,0.0,0,1.0
2024-09-10,AWS,Amazon Simple Notification Service,South America (Sao Paulo),0.0,4.0,0,0.0,0,1.0
2024-09-10,AWS,CloudWatch Events,External,0.0,1.65496e-05,0,0.0,0,1.0
2024-09-10,AWS,Elastic Load Balancing,EU (London),0.0,1.0000339495,1,0.0,0,1.0
2024-09-10,AWS,Elastic Load Balancing,EU (Paris),0.0,6.855e-07,1,0.0,0,1.0
2024-09-10,AWS,AmazonCloudWatch,EU (London),0.0,6.0,0,0.0,0,1.0
2024-09-10,Microsoft,Virtual Network,West US,0.312,72.0,2,0.312,0,1.0
2024-09-10,AWS,AmazonCloudWatch,US East (N. Virginia),0.0,603.0222435938,3,0.0,0,1.0
2024-09-10,AWS,Amazon Simple Notification Service,EU (Stockholm),0.0,12.0,0,0.0,0,1.0
2024-09-10,AWS,Elastic Load Balancing,EU (Ireland),0.0,0.0036445288,2,0.0,0,1.0
2024-09-10,AWS,Elastic Load Balancing,Asia Pacific (Sydney),0.0,6.965999999999999e-07,1,0.0,0,1.0
2024-09-10,AWS,Amazon Simple Notification Service,US East (N. Virginia),0.0,8.0,0,0.0,0,1.0
2024-09-10,AWS,Elastic Load Balancing,EU (Frankfurt),0.0,3.90561e-05,4,0.0,0,1.0
2024-09-10,AWS,Amazon Simple Notification Service,EU (Paris),0.0,12.0,0,0.0,0,1.0
2024-09-10,AWS,CloudWatch Events,EU (Paris),0.0,14.0,0,0.0,0,1.0
2024-09-10,AWS,AmazonCloudWatch,EU (Ireland),0.0,265.0,0,0.0,0,1.0
2024-09-10,AWS,CloudWatch Events,Asia Pacific (Singapore),0.0,30.0,0,0.0,0,1.0
2024-09-10,Microsoft,Virtual Network,South Central US,-0.192,-48.0,1,-0.192,0,1.0
2024-09-10,Oracle,COMPUTE,us-sanjose-1,6.0,1561.0,18,6.0,0,1.0
2024-09-10,AWS,CloudWatch Events,Asia Pacific (Seoul),0.0,9.0,0,0.0,0,1.0
2024-09-10,Microsoft,Virtual Network,East US 2,-0.12,-24.0,1,-0.12,0,1.0
2024-09-10,AWS,Elastic Load Balancing,Asia Pacific (Tokyo),0.0,1.0000481475,3,0.0,0,1.0
2024-09-10,AWS,AmazonCloudWatch,US East (Ohio),0.0,6.0527903954,1,0.0,0,1.0
2024-09-10,AWS,AmazonCloudWatch,EU (Paris),0.0,654.0,0,0.0,0,1.0
2024-09-10,AWS,AmazonCloudWatch,South America (Sao Paulo),0.0,18.0,0,0.0,0,1.0
2024-09-10,AWS,Amazon Simple Storage Service,US East (N. Virginia),0.0,34.1524710852,0,0.0,0,1.0
2024-09-10,AWS,Amazon Virtual Private Cloud,US West (Oregon),0.0,56.0514412834,74,0.0,0,1.0
2024-09-10,AWS,AmazonCloudWatch,Asia Pacific (Tokyo),0.0,341.0,0,0.0,0,1.0
2024-09-10,AWS,Amazon Simple Queue Service,US West (Oregon),0.0,74457.0,70,0.0,0,1.0
2024-09-10,Microsoft,Storage Accounts,Canada East,0.32164645199999997,24.001218,1,0.32164645199999997,0,1.0
2024-09-10,AWS,Amazon Virtual Private Cloud,Asia Pacific (Tokyo),0.0,2.0,2,0.0,0,1.0
2024-09-10,AWS,Amazon Virtual Private Cloud,EU (Frankfurt),0.0,8.0,8,0.0,0,1.0
2024-09-10,Microsoft,SQL Database,East US,4.7952,48.0,1,4.7952,0,1.0
2024-09-10,AWS,Amazon Virtual Private Cloud,EU (Ireland),0.0,2.0,2,0.0,0,1.0
2024-09-10,AWS,Amazon Virtual Private Cloud,Asia Pacific (Sydney),0.0,2.0,2,0.0,0,1.0
2024-09-10,Microsoft,Microsoft Defender for Cloud,Global,0.3312,48.0,2,0.3312,0,1.0
2024-09-10,AWS,AmazonCloudWatch,US West (N. California),0.0,75.0,0,0.0,0,1.0
2024-09-10,AWS,Amazon Simple Queue Service,US East (N. Virginia),0.0,12.0,0,0.0,0,1.0
2024-09-10,Microsoft,Virtual Machine Scale Sets,East US,29.97014413431897,65.05091449211389,4,9.491041386629998,1,3.157729791015117
2024-09-10,Microsoft,Key Vault,Global,-2e-06,-0.0001,3,-2e-06,0,1.0
2024-09-10,Microsoft,Key Vault,East US 2,9e-06,0.0003,1,9e-06,0,1.0
2024-09-10,Microsoft,Event Grid,West US,1.56e-05,0.00026,1,1.56e-05,0,1.0
2024-09-10,Microsoft,Load Balancer,East US,0.0,0.0,1,0.0,0,1.0
2024-09-10,Microsoft,Storage Accounts,Central US,0.00022685558526432245,0.003032,6,5.4980000000000006e-05,1,2.0306090805807697
2024-09-10,Microsoft,Storage Accounts,West US 2,0.00021291082956478863,0.022167,7,1.7708e-05,1,2.2654908444859396
2024-09-10,AWS,Amazon Virtual Private Cloud,Asia Pacific (Singapore),0.0,3.561111,4,0.0,0,1.0
2024-09-10,Microsoft,Storage Accounts,Southeast Asia,-1.2288e-05,-0.0014,2,-1.2288e-05,0,1.0
2024-09-10,Microsoft,Storage Accounts,South Central US,1.1974454079611124e-05,0.0006,1,2.16e-07,1,2.1883139765371205
2024-09-10,AWS,Amazon Simple Storage Service,US East (Ohio),0.0,6.0000002552,0,0.0,0,1.0
2024-09-10,Microsoft,Storage Accounts,North Europe,-5.256e-06,-0.014585,1,-5.256e-06,0,1.0
2024-09-10,AWS,Amazon Simple Storage Service,US West (N. California),0.0,2.0,0,0.0,0,1.0
2024-09-10,Microsoft,Storage Accounts,UK West,-0.00016641600000000001,-0.005172000000000001,2,-0.00016641600000000001,0,1.0
2024-09-10,Microsoft,Storage Accounts,North Central US,0.00011544199900878135,0.0012,2,1.2216e-05,1,3.1320744209881526
2024-09-10,AWS,Amazon Simple Storage Service,US West (Oregon),0.0,4216.001048642,0,0.0,0,1.0
2024-09-10,Microsoft,Storage Accounts,East US 2 EUAP,1.085e-05,0.00097,1,1.085e-05,0,1.0
2024-09-10,Microsoft,Storage Accounts,East US 2,0.219981768,5.29242,6,0.219981768,0,1.0
2024-09-10,AWS,Amazon Simple Storage Service,EU (Frankfurt),0.0,2.1216790006,0,0.0,0,1.0
2024-09-10,Microsoft,Storage Accounts,East US,0.000365527,0.135906,65,0.000365527,0,1.0
2024-09-10,Microsoft,Storage Accounts,West US,0.0026058967816533097,0.033119,6,0.0007073464,1,3.6840461500239625
2024-09-10,AWS,Amazon Virtual Private Cloud,Asia Pacific (Mumbai),0.0,5.9663891146,7,0.0,0,1.0
2024-09-10,Microsoft,Storage Accounts,East Asia,0.3216,24.0,1,0.3216,0,1.0
2024-09-10,AWS,Amazon Virtual Private Cloud,EU (Stockholm),0.0,1.0,1,0.0,0,1.0
2024-09-10,Microsoft,Azure SQL Database,West US 2,0.46451612902999995,6.6322580645161295,2,0.46451612902999995,0,1.0
2024-09-10,AWS,Amazon Virtual Private Cloud,External,0.0,0.0002293216,14,0.0,0,1.0
2024-09-10,AWS,Amazon Simple Queue Service,External,0.0,6.0489e-06,1,0.0,0,1.0
2024-09-10,AWS,AmazonCloudWatch,Asia Pacific (Mumbai),0.0,6.0,0,0.0,0,1.0
2024-09-10,Microsoft,Azure App Service,Central US,0.0,0.129024,2,0.0,0,1.0
2024-09-10,AWS,AmazonCloudWatch,Asia Pacific (Osaka),0.0,3.0,0,0.0,0,1.0
2024-09-10,AWS,Amazon Simple Queue Service,Asia Pacific (Singapore),0.0,4.0,0,0.0,0,1.0
2024-09-10,AWS,Savings Plans for AWS Compute usage,Any,0.0,0.0,0,0.0,0,1.0
2024-09-10,Microsoft,Virtual Machines,West US,1.36366e-06,6.818305701e-05,1,1.36366e-06,0,1.0
2024-09-10,AWS,Red Hat OpenShift Service on AWS,unknown,0.0,1.0,1,0.0,0,1.0
2024-09-10,AWS,Elastic Load Balancing,US West (Oregon),0.0,16.7999384712,71,0.0,0,1.0
2024-09-10,AWS,AmazonCloudWatch,Asia Pacific (Singapore),0.0,226.0,0,0.0,0,1.0
2024-09-10,Microsoft,Virtual Machines,West US 2,0.59738112,0.033336,1,0.59738112,0,1.0
2024-09-10,AWS,Elastic Load Balancing,US West (N. California),0.0,1.0,1,0.0,0,1.0
2024-09-10,AWS,AmazonCloudWatch,Asia Pacific (Sydney),0.0,12.0,0,0.0,0,1.0
2024-09-10,AWS,Elastic Load Balancing,US East (Ohio),0.0,2.0005907498999997,10,0.0,0,1.0
2024-09-10,AWS,Amazon Simple Notification Service,US West (Oregon),0.0,26.000005439,3,0.0,0,1.0
2024-09-10,AWS,Elastic Load Balancing,US East (N. Virginia),0.0,4.0585419378,16,0.0,0,1.0
2024-09-10,Microsoft,Azure App Service,South Central US,0.0,0.032256,1,0.0,0,1.0
2024-09-10,AWS,Elastic Load Balancing,External,0.0,0.014625841399999999,84,0.0,0,1.0
2024-09-10,AWS,AmazonCloudWatch,Any,0.0,0.0083333334,0,0.0,0,1.0
2024-09-10,Microsoft,Virtual Machines,South Central US,0.5039366106634334,2.012604666873813,2,0.13990860602,1,3.6018985893647995
2024-09-10,AWS,Amazon Virtual Private Cloud,US East (N. Virginia),0.0,10.066945,13,0.0,0,1.0
2024-09-10,Microsoft,Azure Monitor,West US 2,0.0,0.000380972,1,0.0,0,1.0
2024-09-10,Microsoft,Azure Monitor,UK South,4.6983970958,2.042781346,1,4.6983970958,0,1.0
2024-09-10,Microsoft,Azure Monitor,Southeast Asia,0.0,0.002625004,1,0.0,0,1.0
2024-09-10,Microsoft,Virtual Machines,East US,-0.04952975999999998,28.727663999999997,7,-0.04952975999999998,0,1.0
2024-09-10,Microsoft,Azure Monitor,East US,-2.60249095101,-26.024909510145303,1,-2.60249095101,0,1.0
2024-09-10,AWS,Amazon Simple Queue Service,EU (London),0.0,4.0,0,0.0,0,1.0
2024-09-10,AWS,Amazon Virtual Private Cloud,US East (Ohio),0.0,7.0,6,0.0,0,1.0
2024-09-10,Microsoft,Virtual Machines,France Central,0.79473024,0.033336,1,0.79473024,0,1.0
2024-09-10,Microsoft,Azure Machine Learning,East US 2,0.7716266055080419,0.71117015302336,2,0.22070309292999998,1,2.939889027981886
2024-09-10,Microsoft,Azure Load Testing,East US,10.0,1.0,1,10.0,0,1.0
2024-09-10,Microsoft,Virtual Machines,North Central US,0.002190977678097868,0.000244175083935,1,1.220875e-05,1,2.6065310293464456
2024-09-10,AWS,Amazon Virtual Private Cloud,US West (N. California),0.0,2.0,2,0.0,0,1.0
2024-09-10,Microsoft,Azure Kubernetes Service,East US,2.71008,288.0,1,2.71008,0,1.0
2024-09-10,AWS,AmazonCloudWatch,Africa (Cape Town),0.0,302.0,0,0.0,0,1.0
2024-09-10,Microsoft,Azure DNS,Global,4.48e-05,0.000112,1,4.48e-05,0,1.0
2024-09-10,AWS,Amazon Virtual Private Cloud,EU (London),0.0,3.0,3,0.0,0,1.0
2024-09-10,AWS,AWS App Runner,US West (Oregon),0.0,0.0145833333,1,0.0,0,1.0
2024-09-10,AWS,AWS Glue,US East (N. Virginia),0.0,0.4444444444,0,0.0,0,1.0
2024-09-10,AWS,Amazon Elastic Compute Cloud,US East (Ohio),0.0,6.4603840981000005,35,0.0,0,1.0
2024-09-10,AWS,Amazon Relational Database Service,US East (Ohio),0.0,1.0278581321,6,0.0,0,1.0
2024-09-10,AWS,Amazon Elastic Compute Cloud,US West (N. California),0.0,37.4528703152,9,0.0,0,1.0
2024-09-10,AWS,AWS CloudTrail,Asia Pacific (Seoul),0.0,160.0,0,0.0,0,1.0
2024-09-10,AWS,AWS CloudTrail,EU (Stockholm),0.0,6.0,0,0.0,0,1.0
2024-09-10,AWS,Amazon Elastic Compute Cloud,US West (Oregon),0.0,8487.8096684322,289,0.0,0,1.0
2024-09-10,AWS,Amazon Relational Database Service,US East (N. Virginia),0.0,2.2649e-06,2,0.0,0,1.0
2024-09-10,AWS,AWS Secrets Manager,US East (Ohio),0.0,4.0,1,0.0,0,1.0
2024-09-10,AWS,Amazon CloudFront,United States,0.0,449.8383816769,7,0.0,0,1.0
2024-09-10,AWS,AWS Systems Manager,US East (N. Virginia),0.0,10.0,0,0.0,0,1.0
2024-09-10,AWS,AWS CloudTrail,EU (Paris),0.0,6.0,0,0.0,0,1.0
2024-09-10,AWS,AWS Secrets Manager,US East (N. Virginia),0.0,6.0041666667,1,0.0,0,1.0
2024-09-10,AWS,AWS Key Management Service,US West (Oregon),0.0,262.0,2,0.0,0,1.0
2024-09-10,AWS,AWS CloudTrail,Asia Pacific (Singapore),0.0,7.0,0,0.0,0,1.0
2024-09-10,AWS,Amazon CloudFront,US West (Oregon),0.0,5.008375,2,0.0,0,1.0
2024-09-10,AWS,AWS Key Management Service,US East (Ohio),0.0,0.0055555556,4,0.0,0,1.0
2024-09-10,AWS,Amazon DynamoDB,US East (N. Virginia),0.0,1.0,1,0.0,0,1.0
2024-09-10,AWS,AWS Step Functions,US West (Oregon),0.0,332.0,1,0.0,0,1.0
2024-09-10,AWS,Amazon Elastic Compute Cloud,US East (N. Virginia),6.0,27.77114216,165,6.0,0,1.0
2024-09-10,AWS,Amazon EC2 Container Registry (ECR),EU (Frankfurt),0.0,3.81042e-05,1,0.0,0,1.0
2024-09-10,AWS,AWS Key Management Service,US East (N. Virginia),0.0,4.0,1,0.0,0,1.0
2024-09-10,AWS,AWS CloudTrail,US East (Ohio),0.0,619.0,0,0.0,0,1.0
2024-09-10,AWS,Amazon Elastic Compute Cloud,EU (Stockholm),0.0,2.0277777778,3,0.0,0,1.0
2024-09-10,AWS,Amazon Route 53,unknown,0.0,651.0,10,0.0,0,1.0
2024-09-10,AWS,Amazon EC2 Container Registry (ECR),Asia Pacific (Singapore),0.0,0.0003023842,4,0.0,0,1.0
2024-09-10,AWS,Amazon Elastic Compute Cloud,Europe (Zurich),0.0,0.1666666667,1,0.0,0,1.0
2024-09-10,AWS,Amazon Elastic Container Service,EU (Ireland),0.0,0.2500010432,2,0.0,0,1.0
2024-09-10,AWS,Amazon DynamoDB,US West (Oregon),0.0,74.00008411259999,13,0.0,0,1.0
2024-09-10,AWS,Amazon Elastic Compute Cloud,External,0.0,25.9335072742,265,0.0,0,1.0
2024-09-10,AWS,Amazon Relational Database Service,US West (Oregon),0.0,25016.1765273274,26,0.0,0,1.0
2024-09-10,AWS,Amazon DynamoDB,US East (Ohio),0.0,1.0,1,0.0,0,1.0
2024-09-10,AWS,AWS CloudTrail,US East (N. Virginia),0.0,3357.0,0,0.0,0,1.0
2024-09-10,AWS,Amazon Elastic Compute Cloud,South America (Sao Paulo),0.0,1.2083334749,6,0.0,0,1.0
2024-09-10,AWS,Amazon Relational Database Service,US West (N. California),0.0,1.7695e-06,1,0.0,0,1.0
2024-09-10,AWS,AWS CloudTrail,Middle East (UAE),0.0,48.0,0,0.0,0,1.0
2024-09-10,AWS,AWS Step Functions,EU (London),0.0,1.12616e-05,0,0.0,0,1.0
2024-09-10,AWS,AWS CloudTrail,Asia Pacific (Osaka),0.0,151.0,0,0.0,0,1.0
2024-09-10,AWS,Amazon CloudFront,US East (N. Virginia),0.0,0.03,1,0.0,0,1.0
2024-09-10,AWS,Amazon Relational Database Service,External,0.0,0.0002429428,20,0.0,0,1.0
2024-09-10,AWS,AWS Lambda,US West (Oregon),0.0,51.675314922599995,10,0.0,0,1.0
2024-09-10,AWS,Amazon CloudFront,EU (Frankfurt),0.0,3.067375,2,0.0,0,1.0
2024-09-10,AWS,AWS Lambda,US East (Ohio),0.0,44.3555,2,0.0,0,1.0
2024-09-10,AWS,AWS CloudTrail,EU (Frankfurt),0.0,5.0,0,0.0,0,1.0
2024-09-10,AWS,Amazon API Gateway,US East (N. Virginia),0.0,490.0,1,0.0,0,1.0
2024-09-10,AWS,Amazon Elastic File System,US West (Oregon),0.0,0.8821659556,8,0.0,0,1.0
2024-09-10,AWS,AWS CloudTrail,Canada (Central),0.0,12.0,0,0.0,0,1.0
2024-09-10,AWS,Amazon API Gateway,US West (Oregon),0.0,7.0,1,0.0,0,1.0
2024-09-10,AWS,Amazon GuardDuty,Asia Pacific (Mumbai),0.0,72.0,0,0.0,0,1.0
2024-09-10,AWS,Amazon CloudFront,Australia,0.0,109.0,1,0.0,0,1.0
2024-09-10,AWS,AWS CloudTrail,Asia Pacific (Tokyo),0.0,592.0,0,0.0,0,1.0
2024-09-10,AWS,Amazon GuardDuty,US East (N. Virginia),0.0,1580.0,0,0.0,0,1.0
2024-09-10,AWS,Amazon GuardDuty,EU (London),0.0,43.0,0,0.0,0,1.0
2024-09-10,AWS,Amazon GuardDuty,EU (Stockholm),0.0,40.0,0,0.0,0,1.0
2024-09-10,AWS,Amazon CloudFront,Asia Pacific,0.0,732.0,3,0.0,0,1.0
2024-09-10,AWS,Amazon Relational Database Service,Asia Pacific (Singapore),0.0,1.4863e-06,1,0.0,0,1.0
2024-09-10,AWS,Amazon Elastic File System,US East (N. Virginia),0.0,3.338e-07,1,0.0,0,1.0
2024-09-10,AWS,Amazon CloudFront,Europe,0.0,53.2200921077,10,0.0,0,1.0
2024-09-10,AWS,Amazon Elastic File System,EU (Frankfurt),1.0,8.2587995529,1,1.0,0,1.0
2024-09-10,AWS,Amazon CloudFront,Middle East,0.0,3.0,1,0.0,0,1.0
2024-09-10,AWS,Amazon Relational Database Service,EU (Ireland),0.0,1.639e-07,1,0.0,0,1.0
2024-09-10,AWS,Amazon Elastic Container Service,US East (Ohio),0.0,0.5,1,0.0,0,1.0
2024-09-10,AWS,Amazon Elastic Container Service,US West (Oregon),0.0,11.6949079459,102,0.0,0,1.0
2024-09-10,AWS,AWS Systems Manager,US West (Oregon),0.0,465.0,0,0.0,0,1.0
2024-09-10,AWS,AWS CloudTrail,EU (London),0.0,443.0,0,0.0,0,1.0
2024-09-10,AWS,Amazon CloudFront,Japan,0.0,0.0003787912,1,0.0,0,1.0
2024-09-10,AWS,Amazon Elastic Container Service,External,0.0,0.46754910359999996,18,0.0,0,1.0
2024-09-10,AWS,Amazon Elastic Container Service for Kubernetes,EU (Stockholm),0.0,1.0,1,0.0,0,1.0
2024-09-10,AWS,AWS CloudTrail,Asia Pacific (Sydney),0.0,465.0,0,0.0,0,1.0
2024-09-10,AWS,Amazon Elastic Container Service for Kubernetes,US East (N. Virginia),0.0,1.0,1,0.0,0,1.0
2024-09-10,AWS,AWS Lambda,US East (N. Virginia),0.0,108435.4850527334,5,0.0,0,1.0
2024-09-10,AWS,Amazon Relational Database Service,Asia Pacific (Tokyo),0.0,7.077999999999999e-07,2,0.0,0,1.0
2024-09-10,AWS,Amazon CloudFront,India,0.0,0.0090000155,2,0.0,0,1.0
2024-09-10,AWS,AWS CloudTrail,EU (Ireland),0.0,18.0,0,0.0,0,1.0
2024-09-10,AWS,Amazon Elastic File System,Asia Pacific (Singapore),0.0,0.1767301559,1,0.0,0,1.0
2024-09-10,AWS,Amazon Relational Database Service,EU (Frankfurt),0.0,6.37e-07,1,0.0,0,1.0
2024-09-10,AWS,AWS Secrets Manager,US West (Oregon),0.0,0.0013888889,0,0.0,0,1.0
2024-09-10,AWS,Amazon GuardDuty,South America (Sao Paulo),0.0,74.0,0,0.0,0,1.0
2024-09-10,AWS,Amazon Elastic Compute Cloud,EU (Paris),0.0,2.0,2,0.0,0,1.0
2024-09-10,AWS,Amazon Elastic Compute Cloud,EU (Frankfurt),0.0,12.7030000243,86,0.0,0,1.0
2024-09-10,AWS,AWS Step Functions,Asia Pacific (Singapore),0.0,1.49e-07,0,0.0,0,1.0
2024-09-10,AWS,Amazon EC2 Container Registry (ECR),US West (Oregon),0.0,0.009966251800000001,7,0.0,0,1.0
2024-09-10,AWS,AWS Data Transfer,US East (N. Virginia),0.0,0.0,0,0.0,0,1.0
2024-09-10,AWS,Amazon Elastic Compute Cloud,Asia Pacific (Singapore),0.0,3.0678413851,27,0.0,0,1.0
2024-09-10,AWS,Amazon Simple Email Service,US West (Oregon),0.0,1.0,0,0.0,0,1.0
2024-09-10,AWS,Amazon Elastic Compute Cloud,EU (Ireland),0.0,1.7026964610000002,4,0.0,0,1.0
2024-09-10,AWS,AWS Glue,US West (Oregon),0.0,0.0013888889,0,0.0,0,1.0
2024-09-10,AWS,Amazon Elastic Compute Cloud,Canada (Central),0.0,0.1,1,0.0,0,1.0
2024-09-10,AWS,Amazon Simple Notification Service,Asia Pacific (Tokyo),0.0,4.0,0,0.0,0,1.0
2024-09-10,AWS,AWS Security Hub,Asia Pacific (Sydney),0.0,2.0,1,0.0,0,1.0
2024-09-10,AWS,Amazon ElastiCache,US West (Oregon),0.0,1.0,1,0.0,0,1.0
2024-09-10,AWS,Amazon Elastic Compute Cloud,Asia Pacific (Osaka),0.0,0.5000000001,3,0.0,0,1.0
2024-09-10,AWS,AWS CloudTrail,US West (Oregon),0.0,13776.0,0,0.0,0,1.0
2024-09-10,AWS,Amazon EC2 Container Registry (ECR),EU (Stockholm),0.0,0.00019608290000000002,2,0.0,0,1.0
2024-09-10,AWS,Amazon Simple Notification Service,Asia Pacific (Osaka),0.0,1.0,0,0.0,0,1.0
2024-09-10,AWS,AWS Backup,US West (Oregon),0.0,0.0540665608,3,0.0,0,1.0
2024-09-10,AWS,AWS Key Management Service,Asia Pacific (Sydney),0.0,0.0013888889,1,0.0,0,1.0
2024-09-10,AWS,Amazon Elastic Compute Cloud,Asia Pacific (Seoul),0.0,0.1,1,0.0,0,1.0
2024-09-10,AWS,AWS Step Functions,Africa (Cape Town),0.0,1.49e-07,0,0.0,0,1.0
2024-09-10,AWS,AWS CloudTrail,US West (N. California),0.0,760.0,0,0.0,0,1.0
2024-09-10,AWS,Amazon Elastic Compute Cloud,Asia Pacific (Mumbai),0.0,2.7221784483,49,0.0,0,1.0
2024-09-10,AWS,Amazon EC2 Container Registry (ECR),EU (Ireland),0.0,9.315e-07,7,0.0,0,1.0
2024-09-10,AWS,Amazon Elastic Compute Cloud,Asia Pacific (Sydney),0.0,1.2238015046,38,0.0,0,1.0
2024-09-10,AWS,Amazon EC2 Container Registry (ECR),US East (N. Virginia),0.0,0.000181582,1,0.0,0,1.0
2024-09-10,AWS,Amazon Elastic Compute Cloud,Africa (Cape Town),0.0,0.0138888889,3,0.0,0,1.0
2024-09-10,AWS,Amazon ElastiCache,Asia Pacific (Singapore),0.0,1.0,1,0.0,0,1.0
2024-09-10,AWS,Amazon Elastic Compute Cloud,EU (London),0.0,2.3380980827,22,0.0,0,1.0
2024-09-10,AWS,Amazon EC2 Container Registry (ECR),US West (N. California),0.0,0.0001444568,2,0.0,0,1.0
2024-09-10,AWS,AWS Step Functions,Asia Pacific (Mumbai),0.0,1.12783e-05,0,0.0,0,1.0
2024-09-10,AWS,AWS Key Management Service,EU (London),0.0,0.0013888889,1,0.0,0,1.0
2024-09-10,AWS,Amazon Elastic Compute Cloud,Asia Pacific (Tokyo),0.0,5.052684574,52,0.0,0,1.0
2024-09-10,AWS,Amazon Simple Notification Service,Canada (Central),0.0,4.0,0,0.0,0,1.0
2024-09-11,AWS,AWS Lambda,US East (N. Virginia),0.0,777.2173082133,5,0.0,0,1.0
2024-09-11,Microsoft,Storage Accounts,South Central US,9e-06,0.0006,1,9e-06,0,1.0
2024-09-11,AWS,AWS Data Transfer,US West (N. California),0.0,0.0,0,0.0,0,1.0
2024-09-11,AWS,Amazon Elastic Compute Cloud,Asia Pacific (Singapore),0.0,3.5966793998,22,0.0,0,1.0
2024-09-11,AWS,Amazon Elastic Container Service for Kubernetes,US East (Ohio),0.0,2.0,2,0.0,0,1.0
2024-09-11,AWS,AmazonCloudWatch,EU (London),0.0,860.0000038295,1,0.0,0,1.0
2024-09-11,AWS,Elastic Load Balancing,US East (Ohio),0.0,0.017073208599999997,6,0.0,0,1.0
2024-09-11,Microsoft,Storage Accounts,UK West,1.0512e-05,0.0292,2,1.0512e-05,0,1.0
2024-09-11,AWS,AWS Key Management Service,Asia Pacific (Singapore),0.0,8.0,1,0.0,0,1.0
2024-09-11,AWS,Amazon CloudFront,India,0.0,0.0424963199,1,0.0,0,1.0
2024-09-11,Microsoft,Virtual Machines,North Central US,1.0918306203165038,14.00396341085434,1,0.28007926822,1,3.8982914631827716
2024-09-11,AWS,Amazon CloudFront,Japan,0.0,20.0003537844,6,0.0,0,1.0
2024-09-11,AWS,Amazon Virtual Private Cloud,EU (Frankfurt),0.0,12.060556,13,0.0,0,1.0
2024-09-11,Microsoft,Storage Accounts,East Asia,0.0036482463318934957,0.0009,1,3.24e-07,1,3.9305036607815396
2024-09-11,AWS,AWS CloudTrail,EU (London),0.0,12.0,0,0.0,0,1.0
2024-09-11,AWS,Amazon Elastic Container Service,US West (Oregon),0.0,11.3688513577,134,0.0,0,1.0
2024-09-11,AWS,Amazon EC2 Container Registry (ECR),US West (Oregon),0.0,0.0017455128,10,0.0,0,1.0
2024-09-11,AWS,Amazon Virtual Private Cloud,EU (Ireland),0.0,2.0,2,0.0,0,1.0
2024-09-11,AWS,Elastic Load Balancing,US East (N. Virginia),0.0,2.0255897017,7,0.0,0,1.0
2024-09-11,AWS,Amazon Elastic Compute Cloud,Asia Pacific (Sydney),0.0,1.2440700954,21,0.0,0,1.0
2024-09-11,AWS,Amazon Virtual Private Cloud,Asia Pacific (Tokyo),0.0,5.956389,5,0.0,0,1.0
2024-09-11,AWS,Amazon Virtual Private Cloud,Asia Pacific (Sydney),0.0,4.0,4,0.0,0,1.0
2024-09-11,AWS,AmazonCloudWatch,EU (Paris),0.0,603.0,0,0.0,0,1.0
2024-09-11,AWS,AWS Data Transfer,US West (Oregon),0.0,0.0,0,0.0,0,1.0
2024-09-11,AWS,Amazon Simple Storage Service,US West (N. California),0.0,1.0,0,0.0,0,1.0
2024-09-11,AWS,AmazonCloudWatch,US East (N. Virginia),0.0,436.00703651180004,9,0.0,0,1.0
2024-09-11,Microsoft,Virtual Machines,West US,4.68170784,0.066672,2,4.68170784,0,1.0
2024-09-11,AWS,Amazon CloudFront,Australia,0.0,1.0003463477,2,0.0,0,1.0
2024-09-11,Microsoft,Storage Accounts,Canada East,8.03e-05,0.0071,1,8.03e-05,0,1.0
2024-09-11,AWS,Amazon Simple Storage Service,US East (Ohio),0.0,31.0000001276,0,0.0,0,1.0
2024-09-11,AWS,AWS Lambda,US East (Ohio),0.0,49.183625000000006,3,0.0,0,1.0
2024-09-11,AWS,Amazon GuardDuty,Asia Pacific (Tokyo),0.0,62.0,0,0.0,0,1.0
2024-09-11,AWS,AWS Lambda,US West (N. California),0.0,0.0002314821,0,0.0,0,1.0
2024-09-11,AWS,Amazon Simple Storage Service,US East (N. Virginia),0.0,9641651.04307613,0,0.0,0,1.0
2024-09-11,AWS,Amazon Elastic Compute Cloud,Asia Pacific (Mumbai),0.0,6.1037806341000005,49,0.0,0,1.0
2024-09-11,Microsoft,Storage Accounts,Southeast Asia,0.00021056607755895002,0.0022760000000000002,1,5.3186399999999996e-05,1,3.9590210572430173
2024-09-11,AWS,Amazon Elastic Compute Cloud,Africa (Cape Town),0.0,0.9781575520999999,5,0.0,0,1.0
2024-09-11,AWS,AmazonCloudWatch,South America (Sao Paulo),0.0,6.0,0,0.0,0,1.0
2024-09-11,AWS,Amazon GuardDuty,Canada (Central),0.0,86.0,0,0.0,0,1.0
2024-09-11,AWS,AWS CloudTrail,EU (Ireland),0.0,86.0,0,0.0,0,1.0
2024-09-11,AWS,Amazon CloudFront,Canada,0.0,1.0,1,0.0,0,1.0
2024-09-11,AWS,AmazonCloudWatch,EU (Stockholm),0.0,236.0027777778,0,0.0,0,1.0
2024-09-11,AWS,Elastic Load Balancing,US West (N. California),0.0,7.2028e-06,1,0.0,0,1.0
2024-09-11,Microsoft,Virtual Machines,South Central US,0.34414040727973516,0.033355310042262,2,0.16001376550000002,1,2.1506925120122564
2024-09-11,AWS,Amazon Elastic File System,Asia Pacific (Singapore),0.0,0.3463203192,2,0.0,0,1.0
2024-09-11,AWS,Amazon CloudFront,Europe,0.0,1515.0697098263,8,0.0,0,1.0
2024-09-11,AWS,Elastic Load Balancing,US West (Oregon),3.0,40.915615754200005,78,3.0,0,1.0
2024-09-11,Microsoft,Storage Accounts,Central US,0.22670097142081996,6.4185,10,0.095826988,1,2.365731994214615
2024-09-11,AWS,Amazon Elastic File System,US West (Oregon),0.0,0.0027777778,2,0.0,0,1.0
2024-09-11,AWS,Amazon Virtual Private Cloud,Asia Pacific (Mumbai),0.0,4.8058330317,5,0.0,0,1.0
2024-09-11,AWS,Amazon Elastic File System,US East (N. Virginia),0.0,0.44425366450000003,2,0.0,0,1.0
2024-09-11,AWS,Savings Plans for AWS Compute usage,Any,0.0,0.0,0,0.0,0,1.0
2024-09-11,AWS,Amazon CloudFront,EU (Frankfurt),0.0,7.0545,1,0.0,0,1.0
2024-09-11,AWS,AWS Glue,US West (Oregon),0.0,0.0027777778,0,0.0,0,1.0
2024-09-11,AWS,Amazon Simple Storage Service,US West (Oregon),0.0,166.0546015699,0,0.0,0,1.0
2024-09-11,AWS,Amazon Elastic File System,US East (Ohio),0.0,7.9e-09,1,0.0,0,1.0
2024-09-11,AWS,AmazonCloudWatch,US East (Ohio),0.0,236.0224326344,7,0.0,0,1.0
2024-09-11,AWS,Amazon CloudFront,Middle East,0.0,3.0001473306,2,0.0,0,1.0
2024-09-11,AWS,Amazon Elastic Container Service,EU (Ireland),0.0,4.098e-07,1,0.0,0,1.0
2024-09-11,AWS,Amazon Virtual Private Cloud,EU (London),0.0,1.473056,2,0.0,0,1.0
2024-09-11,AWS,AWS CloudTrail,US East (N. Virginia),0.0,536.0,0,0.0,0,1.0
2024-09-11,AWS,Amazon DynamoDB,US East (Ohio),0.0,183.0,1,0.0,0,1.0
2024-09-11,Microsoft,Storage Accounts,North Central US,-7e-05,-0.0035,1,-7e-05,0,1.0
2024-09-11,AWS,AWS CloudTrail,South America (Sao Paulo),0.0,12.0,0,0.0,0,1.0
2024-09-11,AWS,Amazon Elastic Compute Cloud,South America (Sao Paulo),0.0,2.5528836153,12,0.0,0,1.0
2024-09-11,AWS,Amazon EC2 Container Registry (ECR),EU (Stockholm),0.0,0.0004083603,3,0.0,0,1.0
2024-09-11,AWS,Elastic Load Balancing,EU (Frankfurt),0.0,1.0000075466,5,0.0,0,1.0
2024-09-11,AWS,AmazonCloudWatch,Asia Pacific (Tokyo),0.0,230.0,0,0.0,0,1.0
2024-09-11,Microsoft,Virtual Machine Scale Sets,East US,-1.5874148921799995,7.03556458465755,4,-1.5874148921799995,0,1.0
2024-09-11,AWS,Amazon Virtual Private Cloud,US West (Oregon),0.0,56.8780750673,92,0.0,0,1.0
2024-09-11,Microsoft,Storage Accounts,East US 2,6.968e-05,0.01352,3,6.968e-05,0,1.0
2024-09-11,AWS,CloudWatch Events,EU (London),0.0,20.0,0,0.0,0,1.0
2024-09-11,AWS,Amazon Elastic Compute Cloud,US East (N. Virginia),46.960713586723486,61.1956032461,320,14.0,1,3.3543366847659635
2024-09-11,AWS,Amazon DynamoDB,US East (N. Virginia),0.0,1.0000000238,2,0.0,0,1.0
2024-09-11,AWS,AWS CloudTrail,US West (Oregon),0.0,705.0,0,0.0,0,1.0
2024-09-11,AWS,Elastic Load Balancing,Asia Pacific (Tokyo),0.0,1.0000479818,3,0.0,0,1.0
2024-09-11,Microsoft,Storage Accounts,West US,0.0011006025264615937,0.031156000000000003,7,8.62834e-05,1,3.4880852859982308
2024-09-11,AWS,Amazon DynamoDB,US West (N. California),0.0,20.0,2,0.0,0,1.0
2024-09-11,AWS,Amazon Elastic Compute Cloud,External,0.0,85.0717318312,347,0.0,0,1.0
2024-09-11,AWS,Amazon EC2 Container Registry (ECR),EU (Frankfurt),0.0,0.0011622727,3,0.0,0,1.0
2024-09-11,AWS,Datadog,unknown,2.88,298.08,0,2.88,0,1.0
2024-09-11,AWS,AmazonCloudWatch,Asia Pacific (Seoul),0.0,6.0,0,0.0,0,1.0
2024-09-11,AWS,AmazonCloudWatch,Asia Pacific (Singapore),0.0,6.0,0,0.0,0,1.0
2024-09-11,Microsoft,Storage Accounts,West US 2,-0.000107668,0.0025,7,-0.000107668,0,1.0
2024-09-11,AWS,Amazon Elastic Compute Cloud,EU (London),0.0,3.0616353507,29,0.0,0,1.0
2024-09-11,AWS,Amazon Elastic Compute Cloud,EU (Stockholm),0.0,0.3194455472,5,0.0,0,1.0
2024-09-11,AWS,Amazon Elastic Compute Cloud,EU (Frankfurt),0.0,9.2259600284,104,0.0,0,1.0
2024-09-11,AWS,Amazon EC2 Container Registry (ECR),Asia Pacific (Singapore),0.0,4.65135e-05,1,0.0,0,1.0
2024-09-11,AWS,AmazonCloudWatch,Asia Pacific (Osaka),0.0,223.0,0,0.0,0,1.0
2024-09-11,AWS,AmazonCloudWatch,Asia Pacific (Sydney),0.0,594.0,0,0.0,0,1.0
2024-09-11,AWS,Amazon Elastic Compute Cloud,Europe (Zurich),0.0,0.1666666667,1,0.0,0,1.0
2024-09-11,AWS,Amazon DynamoDB,US West (Oregon),0.0,2773.0000092309,8,0.0,0,1.0
2024-09-11,AWS,Amazon EC2 Container Registry (ECR),EU (Ireland),0.0,1.6015e-06,10,0.0,0,1.0
2024-09-11,AWS,Amazon Elastic Compute Cloud,EU (Ireland),0.0,0.1277959172,3,0.0,0,1.0
2024-09-11,AWS,AmazonCloudWatch,Asia Pacific (Mumbai),0.0,6.0,0,0.0,0,1.0
2024-09-11,AWS,CloudWatch Events,External,0.0,0.0004222384,1,0.0,0,1.0
2024-09-11,AWS,Amazon CloudFront,South Africa,0.0,2.0,2,0.0,0,1.0
2024-09-11,AWS,Amazon Virtual Private Cloud,US West (N. California),0.0,2.0,2,0.0,0,1.0
2024-09-11,AWS,AWS Key Management Service,US East (Ohio),0.0,0.009722222300000001,6,0.0,0,1.0
2024-09-11,AWS,Amazon Virtual Private Cloud,External,0.0,6.20548e-05,10,0.0,0,1.0
2024-09-11,AWS,AWS CloudTrail,EU (Paris),0.0,24.0,0,0.0,0,1.0
2024-09-11,AWS,Amazon Elastic Container Registry Public,US East (N. Virginia),0.0,0.0081548519,1,0.0,0,1.0
2024-09-11,AWS,AWS Key Management Service,US West (N. California),0.0,0.0027777778,2,0.0,0,1.0
2024-09-11,AWS,Amazon Elastic Compute Cloud,Asia Pacific (Tokyo),0.0,4.3006735092,64,0.0,0,1.0
2024-09-11,Microsoft,Virtual Machines,East US,7.344338286764926,34.87940725794911,13,2.73658602516,1,2.6837593334328034
2024-09-11,AWS,AWS Key Management Service,US West (Oregon),0.0,0.0013888889,1,0.0,0,1.0
2024-09-11,AWS,Amazon Virtual Private Cloud,EU (Stockholm),0.0,3.0,3,0.0,0,1.0
2024-09-11,AWS,Amazon Elastic Compute Cloud,EU (Paris),0.0,1.1001083166,4,0.0,0,1.0
2024-09-11,AWS,AmazonCloudWatch,EU (Ireland),0.0,232.0,0,0.0,0,1.0
2024-09-11,AWS,Amazon Virtual Private Cloud,EU (Paris),0.0,3.0,2,0.0,0,1.0
2024-09-11,AWS,Elastic Load Balancing,External,0.0,0.5380129494,87,0.0,0,1.0
2024-09-11,AWS,AmazonCloudWatch,US West (N. California),0.0,233.0,0,0.0,0,1.0
2024-09-11,AWS,AWS Key Management Service,EU (Frankfurt),0.0,1.0013888889,2,0.0,0,1.0
2024-09-11,AWS,Amazon Elastic Container Service,External,0.0,0.5759429469,31,0.0,0,1.0
2024-09-11,AWS,AmazonCloudWatch,US West (Oregon),0.0,1428.0817521726,156,0.0,0,1.0
2024-09-11,AWS,Elastic Load Balancing,EU (Stockholm),0.0,2.96534e-05,5,0.0,0,1.0
2024-09-11,AWS,Amazon CloudFront,US West (Oregon),0.0,1.0,1,0.0,0,1.0
2024-09-11,Microsoft,Storage Accounts,East US,-0.005351425900000002,-0.24281046598839828,84,-0.005351425900000002,0,1.0
2024-09-11,AWS,Amazon Elastic Compute Cloud,US East (Ohio),0.0,13.0991547777,49,0.0,0,1.0
2024-09-11,AWS,Amazon DynamoDB,EU (Stockholm),0.0,2.0,1,0.0,0,1.0
2024-09-11,AWS,Amazon Virtual Private Cloud,US East (Ohio),0.0,7.0,7,0.0,0,1.0
2024-09-11,AWS,Elastic Load Balancing,EU (London),0.0,3.1399600000000003e-05,1,0.0,0,1.0
2024-09-11,AWS,AmazonCloudWatch,Canada (Central),0.0,3.0,0,0.0,0,1.0
2024-09-11,AWS,AWS Key Management Service,EU (London),0.0,0.0027777778,2,0.0,0,1.0
2024-09-11,AWS,Amazon Elastic Compute Cloud,US West (N. California),0.0,0.2704865361,5,0.0,0,1.0
2024-09-11,Microsoft,Virtual Machines,West US 2,4.47632768,19.033336,2,4.47632768,0,1.0
2024-09-11,AWS,Elastic Load Balancing,EU (Paris),0.0,0.0002678158,1,0.0,0,1.0
2024-09-11,AWS,AWS CloudTrail,EU (Stockholm),0.0,6.0,0,0.0,0,1.0
2024-09-11,AWS,Amazon EC2 Container Registry (ECR),US East (N. Virginia),0.0,0.0017470083,3,0.0,0,1.0
2024-09-11,Microsoft,Virtual Machines,East Asia,0.00420967024,0.042797649279237,1,0.00420967024,0,1.0
2024-09-11,AWS,Amazon Elastic Compute Cloud,US West (Oregon),2.0,343.1255015741,287,2.0,0,1.0
2024-09-11,AWS,Amazon CloudFront,United States,1.0,7374.9601975167,5,1.0,0,1.0
2024-09-11,AWS,Amazon Elastic Compute Cloud,Canada (Central),0.0,0.5111111112,4,0.0,0,1.0
2024-09-11,AWS,AmazonCloudWatch,EU (Frankfurt),0.0,3.0,0,0.0,0,1.0
2024-09-11,AWS,Amazon Virtual Private Cloud,US East (N. Virginia),0.0,22.819167,30,0.0,0,1.0
2024-09-11,AWS,Elastic Load Balancing,EU (Ireland),0.0,0.0009722222,1,0.0,0,1.0
2024-09-11,Microsoft,Key Vault,West US,0.00816,24.0,1,0.00816,0,1.0
2024-09-11,Microsoft,Storage Accounts,Brazil South,1.044e-05,0.029,1,1.044e-05,0,1.0
2024-09-11,AWS,Amazon Relational Database Service,Asia Pacific (Singapore),0.0,6.26534e-05,2,0.0,0,1.0
2024-09-11,AWS,AWS Lambda,US West (Oregon),0.0,8791.1859890667,14,0.0,0,1.0
2024-09-11,AWS,Amazon Relational Database Service,US East (Ohio),0.0,4431.0005690733,5,0.0,0,1.0
2024-09-11,AWS,Amazon Simple Queue Service,EU (Frankfurt),0.0,4.0,0,0.0,0,1.0
2024-09-11,AWS,Amazon CloudFront,Asia Pacific,0.0,9.0977794416,2,0.0,0,1.0
2024-09-11,Microsoft,Azure Data Factory,West US 2,-1e-05,-2e-05,1,-1e-05,0,1.0
2024-09-11,AWS,Amazon Simple Queue Service,US East (Ohio),0.0,4.0,0,0.0,0,1.0
2024-09-11,AWS,AWS CloudTrail,Asia Pacific (Mumbai),0.0,18.0,0,0.0,0,1.0
2024-09-11,Oracle,COMPUTE,us-sanjose-1,4.0,2716.6477777777773,28,4.0,0,1.0
2024-09-11,AWS,Amazon GuardDuty,US West (Oregon),0.0,94.0,0,0.0,0,1.0
2024-09-11,AWS,Amazon Simple Storage Service,EU (Frankfurt),0.0,16.0000700475,0,0.0,0,1.0
2024-09-11,AWS,Amazon Simple Email Service,US West (Oregon),0.0,1.0000653909,0,0.0,0,1.0
2024-09-11,AWS,Amazon Simple Queue Service,US West (Oregon),0.0,3237.0,30,0.0,0,1.0
2024-09-11,Microsoft,Virtual Network,West US,-0.096,-24.0,1,-0.096,0,1.0
2024-09-11,Microsoft,Event Grid,East US,5.4e-06,9e-05,1,5.4e-06,0,1.0
2024-09-11,AWS,AWS CloudTrail,Asia Pacific (Seoul),0.0,581.0,0,0.0,0,1.0
2024-09-11,Microsoft,Load Balancer,East US,0.24,24.0,1,0.24,0,1.0
2024-09-11,AWS,AWS Step Functions,Asia Pacific (Tokyo),0.0,1.49e-07,0,0.0,0,1.0
2024-09-11,AWS,AWS Systems Manager,US West (Oregon),0.0,3377.0,0,0.0,0,1.0
2024-09-11,AWS,AWS Step Functions,US West (Oregon),0.0,9.0,3,0.0,0,1.0
2024-09-11,AWS,AWS Secrets Manager,US East (Ohio),0.0,0.0111111111,0,0.0,0,1.0
2024-09-11,AWS,Amazon Relational Database Service,US West (Oregon),0.0,8.2777980209,14,0.0,0,1.0
2024-09-11,AWS,Amazon Simple Queue Service,Asia Pacific (Singapore),0.0,4.0,0,0.0,0,1.0
2024-09-11,Microsoft,Azure SQL Database,East US 2,0.48387096774,0.032258064516129,1,0.48387096774,0,1.0
2024-09-11,AWS,Amazon Simple Queue Service,Asia Pacific (Seoul),0.0,4.0,0,0.0,0,1.0
2024-09-11,AWS,AWS Step Functions,EU (Paris),0.0,1.49e-07,0,0.0,0,1.0
2024-09-11,AWS,AWS CloudTrail,Asia Pacific (Sydney),0.0,12.0,0,0.0,0,1.0
2024-09-11,Microsoft,SQL Managed Instance,West US 2,0.0,0.25,1,0.0,0,1.0
2024-09-11,AWS,AWS Step Functions,EU (Frankfurt),0.0,1.15419e-05,0,0.0,0,1.0
2024-09-11,Microsoft,Azure SQL Database,West US 2,7.5,20.0,1,7.5,0,1.0
2024-09-11,AWS,Amazon Simple Queue Service,Asia Pacific (Mumbai),0.0,4.0,0,0.0,0,1.0
2024-09-11,AWS,Amazon Route 53,unknown,0.0,753.0,11,0.0,0,1.0
2024-09-11,AWS,AWS CloudTrail,Asia Pacific (Osaka),0.0,37.0,0,0.0,0,1.0
2024-09-11,AWS,Amazon Relational Database Service,Asia Pacific (Tokyo),0.0,2.831e-07,1,0.0,0,1.0
2024-09-11,Microsoft,Load Balancer,East US 2,-0.0027450190200000004,-0.5490038022398951,1,-0.0027450190200000004,0,1.0
2024-09-11,Microsoft,Azure Data Factory v2,West US,0.0,0.0,1,0.0,0,1.0
2024-09-11,AWS,AWS WAF,Any,0.0,0.0083333333,2,0.0,0,1.0
2024-09-11,Microsoft,Azure Kubernetes Service,East US,2.2584,240.0,1,2.2584,0,1.0
2024-09-11,AWS,Amazon Simple Notification Service,US West (Oregon),0.0,4.0000014342,0,0.0,0,1.0
2024-09-11,AWS,Amazon Simple Queue Service,EU (London),0.0,4.0,0,0.0,0,1.0
2024-09-11,AWS,Amazon Simple Queue Service,EU (Ireland),0.0,4.0,0,0.0,0,1.0
2024-09-11,AWS,Amazon Simple Notification Service,Asia Pacific (Osaka),0.0,4.0,0,0.0,0,1.0
2024-09-11,AWS,Amazon Simple Notification Service,Asia Pacific (Tokyo),0.0,4.0,0,0.0,0,1.0
2024-09-11,AWS,Amazon Simple Queue Service,External,0.0,1.0415e-05,1,0.0,0,1.0
2024-09-11,AWS,Amazon Simple Notification Service,External,0.0,2.70791e-05,1,0.0,0,1.0
2024-09-11,AWS,AWS Backup,US West (Oregon),0.0,0.019120209200000002,5,0.0,0,1.0
2024-09-11,AWS,AWS Systems Manager,US East (N. Virginia),0.0,698.0,0,0.0,0,1.0
2024-09-11,Microsoft,Key Vault,East US 2,-1.8e-05,-0.0006,2,-1.8e-05,0,1.0
2024-09-11,AWS,AWS Secrets Manager,Asia Pacific (Singapore),0.0,2.0,0,0.0,0,1.0
2024-09-11,Microsoft,SQL Database,East US,7.296,48.0,1,7.296,0,1.0
2024-09-11,AWS,AWS CloudTrail,Asia Pacific (Singapore),0.0,611.0,0,0.0,0,1.0
2024-09-11,Microsoft,Key Vault,Global,-1e-05,-0.0004999999999999999,4,-1e-05,0,1.0
2024-09-11,AWS,Amazon Simple Notification Service,Asia Pacific (Sydney),0.0,4.0,0,0.0,0,1.0
2024-09-11,Microsoft,Virtual Network,East US,-0.12,-24.0,1,-0.12,0,1.0
2024-09-11,AWS,Amazon Simple Notification Service,Asia Pacific (Singapore),0.0,4.0,0,0.0,0,1.0
2024-09-11,AWS,Amazon Relational Database Service,US East (N. Virginia),0.0,1.000000637,2,0.0,0,1.0
2024-09-11,Microsoft,Azure Machine Learning,East US 2,0.7408702931055764,6.999363733990252,2,0.25453100247,1,2.822707810113357
2024-09-11,AWS,AWS Secrets Manager,US West (Oregon),0.0,2.0013888889,1,0.0,0,1.0
2024-09-11,AWS,Amazon Simple Queue Service,US East (N. Virginia),0.0,6879.0,3,0.0,0,1.0
2024-09-11,AWS,Amazon Simple Notification Service,Canada (Central),0.0,4.0,0,0.0,0,1.0
2024-09-11,AWS,Amazon Relational Database Service,External,0.0,9.942799999999999e-06,11,0.0,0,1.0
2024-09-11,AWS,Amazon API Gateway,US West (Oregon),0.0,2.0000054399,3,0.0,0,1.0
2024-09-11,Microsoft,Virtual Network,Canada East,0.096,24.0,1,0.096,0,1.0
2024-09-11,AWS,Amazon Simple Queue Service,South America (Sao Paulo),0.0,4.0,0,0.0,0,1.0
2024-09-12,AWS,AWS CloudTrail,South America (Sao Paulo),0.0,314.0,0,0.0,0,1.0
2024-09-12,Microsoft,Virtual Machine Scale Sets,East US,-0.98727558623,-23.73254992963278,3,-0.98727558623,0,1.0
2024-09-12,Microsoft,Storage Accounts,East US 2,-0.0009218799999999999,-0.005264,5,-0.0009218799999999999,0,1.0
2024-09-12,AWS,AWS Key Management Service,US West (Oregon),0.0,9.0041666667,4,0.0,0,1.0
2024-09-12,AWS,Amazon Virtual Private Cloud,US West (Oregon),0.0,45.756175311,80,0.0,0,1.0
2024-09-12,AWS,Amazon Elastic Container Service,EU (Ireland),0.0,0.5000000373,2,0.0,0,1.0
2024-09-12,AWS,Elastic Load Balancing,Asia Pacific (Tokyo),0.0,1.0003018258,3,0.0,0,1.0
2024-09-12,AWS,Amazon Relational Database Service,External,0.0,2.4208699999999997e-05,14,0.0,0,1.0
2024-09-12,Microsoft,Virtual Machines,East US,6.917331807388528,18.985476559770404,13,3.2295580912,1,2.1418818339998555
2024-09-12,AWS,Elastic Load Balancing,EU (Frankfurt),0.0,3.0003537536,5,0.0,0,1.0
2024-09-12,AWS,AmazonCloudWatch,Any,0.0,0.0083333334,0,0.0,0,1.0
2024-09-12,AWS,Amazon Elastic Compute Cloud,South America (Sao Paulo),0.0,1.673795769,9,0.0,0,1.0
2024-09-12,Microsoft,Azure SQL Database,Central US,-0.161,-1.000000000000001,1,-0.161,0,1.0
2024-09-12,AWS,Amazon DynamoDB,US East (N. Virginia),0.0,1.0,1,0.0,0,1.0
2024-09-12,AWS,AWS Step Functions,South America (Sao Paulo),0.0,1.14124e-05,0,0.0,0,1.0
2024-09-12,AWS,AWS Step Functions,EU (London),0.0,1.1351e-05,0,0.0,0,1.0
2024-09-12,AWS,Amazon CloudFront,US East (N. Virginia),0.0,2.0,1,0.0,0,1.0
2024-09-12,AWS,Elastic Load Balancing,EU (Stockholm),0.0,2.0000726935,5,0.0,0,1.0
2024-09-12,AWS,Amazon Elastic Container Registry Public,US East (N. Virginia),0.0,0.0005894439,1,0.0,0,1.0
2024-09-12,AWS,Amazon Relational Database Service,US East (N. Virginia),0.0,0.006947961,3,0.0,0,1.0
2024-09-12,AWS,Amazon Virtual Private Cloud,US East (N. Virginia),0.0,57.385835,70,0.0,0,1.0
2024-09-12,AWS,Elastic Load Balancing,EU (Paris),0.0,4.84e-08,1,0.0,0,1.0
2024-09-12,AWS,AWS CloudTrail,Asia Pacific (Seoul),0.0,6.0,0,0.0,0,1.0
2024-09-12,AWS,Amazon DynamoDB,Asia Pacific (Singapore),0.0,5.0,1,0.0,0,1.0
2024-09-12,AWS,Amazon Elastic Compute Cloud,US West (N. California),0.0,1.2222222223,4,0.0,0,1.0
2024-09-12,AWS,Amazon Elastic Compute Cloud,US West (Oregon),1.0,20613.1257473911,258,1.0,0,1.0
2024-09-12,AWS,Amazon CloudFront,United States,0.0,12.6692754906,3,0.0,0,1.0
2024-09-12,Microsoft,Virtual Machines,Central US,0.85306824,0.066672,2,0.85306824,0,1.0
2024-09-12,AWS,Amazon Virtual Private Cloud,US East (Ohio),0.0,9.0,8,0.0,0,1.0
2024-09-12,AWS,Amazon Virtual Private Cloud,South America (Sao Paulo),0.0,1.965278,2,0.0,0,1.0
2024-09-12,Microsoft,Virtual Network,West US,0.0,0.0,2,0.0,0,1.0
2024-09-12,AWS,AWS Key Management Service,US West (N. California),0.0,0.0013888889,1,0.0,0,1.0
2024-09-12,AWS,AWS Key Management Service,US East (Ohio),0.0,0.006944444500000001,5,0.0,0,1.0
2024-09-12,Microsoft,Storage Accounts,East US,-0.3203073346,-23.879999,79,-0.3203073346,0,1.0
2024-09-12,Microsoft,Microsoft Defender for Cloud,Global,0.1656,24.0,1,0.1656,0,1.0
2024-09-12,Microsoft,Microsoft.Fabric,West Central US,9.6,48.0,1,9.6,0,1.0
2024-09-12,AWS,AWS Step Functions,US West (Oregon),0.0,2.0230231509,1,0.0,0,1.0
2024-09-12,AWS,Elastic Load Balancing,EU (Ireland),0.0,0.0003508121,2,0.0,0,1.0
2024-09-12,AWS,Amazon Virtual Private Cloud,External,0.0,6.943570000000001e-05,11,0.0,0,1.0
2024-09-12,AWS,Amazon Virtual Private Cloud,US West (N. California),0.0,1.0,1,0.0,0,1.0
2024-09-12,AWS,Amazon Relational Database Service,US East (Ohio),0.0,13538.0005371654,7,0.0,0,1.0
2024-09-12,Microsoft,Azure Monitor,West US,0.00111869953,0.002835627,2,0.00111869953,0,1.0
2024-09-12,AWS,AWS CloudTrail,EU (Paris),0.0,6.0,0,0.0,0,1.0
2024-09-12,AWS,AWS Systems Manager,US East (N. Virginia),0.0,43.0,0,0.0,0,1.0
2024-09-12,AWS,Amazon Elastic Compute Cloud,US East (N. Virginia),-119.0,104.7990716106,547,-119.0,0,1.0
2024-09-12,AWS,Amazon Elastic Compute Cloud,US East (Ohio),0.0,6.6601081161,44,0.0,0,1.0
2024-09-12,AWS,Amazon Elastic Compute Cloud,External,0.0,166.1819305058,441,0.0,0,1.0
2024-09-12,Microsoft,Virtual Machines,West US 2,0.36,18.0,1,0.36,0,1.0
2024-09-12,AWS,AWS CloudTrail,US East (N. Virginia),0.0,1238.0,0,0.0,0,1.0
2024-09-12,AWS,AmazonCloudWatch,EU (London),0.0,6.0,0,0.0,0,1.0
2024-09-12,AWS,Amazon EC2 Container Registry (ECR),US West (Oregon),0.0,0.0072802747000000004,5,0.0,0,1.0
2024-09-12,AWS,AWS Secrets Manager,US West (Oregon),0.0,0.0013888889,0,0.0,0,1.0
2024-09-12,AWS,Amazon Elastic Compute Cloud,Asia Pacific (Sydney),0.0,0.3146221086,25,0.0,0,1.0
2024-09-12,Microsoft,Event Grid,West US,2.16e-05,0.00036,1,2.16e-05,0,1.0
2024-09-12,AWS,AWS Key Management Service,EU (Frankfurt),0.0,1.0013888889,2,0.0,0,1.0
2024-09-12,AWS,AmazonCloudWatch,US West (N. California),0.0,12.0,0,0.0,0,1.0
2024-09-12,AWS,AmazonCloudWatch,EU (Ireland),0.0,12.0,0,0.0,0,1.0
2024-09-12,AWS,Amazon Simple Notification Service,US East (N. Virginia),0.0,4.0,0,0.0,0,1.0
2024-09-12,AWS,Amazon Elastic Compute Cloud,Asia Pacific (Tokyo),0.0,3.4932673145999997,28,0.0,0,1.0
2024-09-12,Microsoft,Storage Accounts,North Europe,0.008014149174037316,0.120912,1,0.0026952048,1,2.97348430591891
2024-09-12,AWS,AWS Step Functions,Asia Pacific (Singapore),0.0,1.49e-07,0,0.0,0,1.0
2024-09-12,AWS,AmazonCloudWatch,EU (Frankfurt),0.0,138.0126957463,2,0.0,0,1.0
2024-09-12,AWS,AmazonCloudWatch,US West (Oregon),0.0,31140.208965977203,148,0.0,0,1.0
2024-09-12,AWS,Amazon Simple Notification Service,Asia Pacific (Mumbai),0.0,4.0,0,0.0,0,1.0
2024-09-12,Microsoft,Storage Accounts,UK West,-3.1643999999999997e-06,0.011838,1,-3.1643999999999997e-06,0,1.0
2024-09-12,AWS,Amazon Elastic Compute Cloud,Asia Pacific (Singapore),0.0,1.7964897278,11,0.0,0,1.0
2024-09-12,Microsoft,Key Vault,East US 2,-9e-06,-0.0003,1,-9e-06,0,1.0
2024-09-12,AWS,AmazonCloudWatch,US East (Ohio),0.0,465.0378434997,4,0.0,0,1.0
2024-09-12,AWS,AmazonCloudWatch,South America (Sao Paulo),0.0,6.0,0,0.0,0,1.0
2024-09-12,AWS,Amazon Elastic Compute Cloud,Africa (Cape Town),0.0,1.1579119585,8,0.0,0,1.0
2024-09-12,AWS,AWS Security Hub,Asia Pacific (Sydney),0.0,5.0,1,0.0,0,1.0
2024-09-12,Microsoft,Storage Accounts,Southeast Asia,0.27724532820000003,7.641969000000001,2,0.27724532820000003,0,1.0
2024-09-12,AWS,Amazon Simple Notification Service,Canada (Central),0.0,4.0,0,0.0,0,1.0
2024-09-12,AWS,Amazon Elastic Compute Cloud,Asia Pacific (Mumbai),0.0,4.2306451246000005,36,0.0,0,1.0
2024-09-12,AWS,AmazonCloudWatch,US East (N. Virginia),0.0,9767.1376686903,2,0.0,0,1.0
2024-09-12,AWS,Amazon EC2 Container Registry (ECR),US East (N. Virginia),0.0,0.0093836037,8,0.0,0,1.0
2024-09-12,AWS,AmazonCloudWatch,EU (Stockholm),0.0,230.0,0,0.0,0,1.0
2024-09-12,AWS,Amazon Simple Notification Service,EU (Paris),0.0,4.0,0,0.0,0,1.0
2024-09-12,AWS,Amazon Elastic Compute Cloud,Asia Pacific (Osaka),0.0,0.2666666667,2,0.0,0,1.0
2024-09-12,Microsoft,Storage Accounts,South Central US,1.114181677940826e-05,0.0012,1,4.32e-07,1,2.0361507272310417
2024-09-12,AWS,AWS Backup,US West (Oregon),0.0,7.97845e-05,4,0.0,0,1.0
2024-09-12,AWS,AmazonCloudWatch,EU (Paris),0.0,15.0,0,0.0,0,1.0
2024-09-12,AWS,AWS Security Hub,US West (N. California),0.0,2.0,1,0.0,0,1.0
2024-09-12,AWS,AWS Step Functions,Africa (Cape Town),0.0,1.14506e-05,0,0.0,0,1.0
2024-09-12,AWS,Amazon Simple Notification Service,Asia Pacific (Tokyo),0.0,4.0,0,0.0,0,1.0
2024-09-12,Microsoft,Key Vault,West US,0.01660006918189417,24.0,1,0.00816,1,2.0343222036635007
2024-09-12,Oracle,COMPUTE,us-sanjose-1,-2.0,-1431.0,25,-2.0,0,1.0
2024-09-12,AWS,AWS CloudTrail,US West (Oregon),0.0,25337.0,0,0.0,0,1.0
2024-09-12,AWS,AWS CloudTrail,US East (Ohio),0.0,10.0,0,0.0,0,1.0
2024-09-12,AWS,Amazon EC2 Container Registry (ECR),EU (Frankfurt),0.0,0.0010569763,3,0.0,0,1.0
2024-09-12,AWS,AmazonCloudWatch,Asia Pacific (Seoul),0.0,226.0,0,0.0,0,1.0
2024-09-12,AWS,Amazon Route 53,unknown,0.0,91.0,9,0.0,0,1.0
2024-09-12,Microsoft,Azure SQL Database,West US 2,71.8709365304777,76.0,1,28.5,1,2.521787246683428
2024-09-12,Microsoft,Storage Accounts,West US 2,0.01828451264642854,0.06236800000000001,6,0.008896562,1,2.055233543747409
2024-09-12,AWS,Amazon Virtual Private Cloud,EU (Paris),0.0,1.0,1,0.0,0,1.0
2024-09-12,AWS,Amazon Elastic Compute Cloud,EU (Paris),0.0,2.1704741499,4,0.0,0,1.0
2024-09-12,AWS,Amazon Elastic Compute Cloud,EU (Stockholm),0.0,0.138911412,4,0.0,0,1.0
2024-09-12,AWS,AWS Key Management Service,US East (N. Virginia),0.0,0.0013888889,1,0.0,0,1.0
2024-09-12,AWS,AmazonCloudWatch,Asia Pacific (Osaka),0.0,501.0,0,0.0,0,1.0
2024-09-12,AWS,Elastic Load Balancing,Asia Pacific (Sydney),0.0,3.35e-08,1,0.0,0,1.0
2024-09-12,Microsoft,Azure SQL Database,East US 2,-0.48387096774,-0.032258064516129,1,-0.48387096774,0,1.0
2024-09-12,AWS,Amazon DynamoDB,US West (Oregon),0.0,29.0000026532,10,0.0,0,1.0
2024-09-12,AWS,AmazonCloudWatch,Asia Pacific (Mumbai),0.0,9.0,0,0.0,0,1.0
2024-09-12,AWS,Amazon Elastic Compute Cloud,Europe (Zurich),0.0,0.1666666667,1,0.0,0,1.0
2024-09-12,AWS,AWS Step Functions,EU (Frankfurt),0.0,1.49e-07,0,0.0,0,1.0
2024-09-12,AWS,Amazon Relational Database Service,US West (Oregon),0.0,9.8324265871,15,0.0,0,1.0
2024-09-12,AWS,AWS Step Functions,Canada (Central),0.0,1.13957e-05,0,0.0,0,1.0
2024-09-12,AWS,AmazonCloudWatch,Asia Pacific (Singapore),0.0,129.0,0,0.0,0,1.0
2024-09-12,Microsoft,Load Balancer,East US,3.1585984550986845,24.0,3,0.96,1,3.2902067240611297
2024-09-12,AWS,Amazon Simple Notification Service,US East (Ohio),0.0,4.000000298,0,0.0,0,1.0
2024-09-12,AWS,Amazon Elastic Compute Cloud,EU (Frankfurt),0.0,13.2801512162,67,0.0,0,1.0
2024-09-12,AWS,Amazon EC2 Container Registry (ECR),EU (Stockholm),0.0,0.00042165810000000003,4,0.0,0,1.0
2024-09-12,AWS,AmazonCloudWatch,Asia Pacific (Tokyo),0.0,3.0,0,0.0,0,1.0
2024-09-12,AWS,AWS Step Functions,Asia Pacific (Sydney),0.0,1.14236e-05,0,0.0,0,1.0
2024-09-12,AWS,AWS CloudTrail,Asia Pacific (Mumbai),0.0,179.0,0,0.0,0,1.0
2024-09-12,AWS,Amazon Simple Notification Service,US West (Oregon),0.0,77.0000567325,7,0.0,0,1.0
2024-09-12,AWS,Amazon Elastic Compute Cloud,EU (Ireland),0.0,3.4892e-05,2,0.0,0,1.0
2024-09-12,Microsoft,Storage Accounts,West US,0.03116892033091953,0.27331099999999997,7,0.0115757336,1,2.6926086421788016
2024-09-12,AWS,Amazon EC2 Container Registry (ECR),EU (Ireland),0.0,1.2186999999999999e-06,6,0.0,0,1.0
2024-09-12,AWS,AmazonCloudWatch,Asia Pacific (Sydney),0.0,552.0083333333,0,0.0,0,1.0
2024-09-12,Microsoft,Azure Synapse Analytics,East US 2,9.98768642556193,36.76729400000001,2,3.9273886478,1,2.543085831639484
2024-09-12,AWS,CloudWatch Events,External,0.0,9.57241e-05,0,0.0,0,1.0
2024-09-12,AWS,Amazon Elastic Compute Cloud,EU (London),0.0,3.9800517597000002,14,0.0,0,1.0
2024-09-12,AWS,AWS CloudTrail,US West (N. California),0.0,28.0,0,0.0,0,1.0
2024-09-12,AWS,AWS Key Management Service,EU (London),0.0,0.0041666667,2,0.0,0,1.0
2024-09-12,Microsoft,Azure Machine Learning,East US 2,0.19977035252,5.1610502504793985,2,0.19977035252,0,1.0
2024-09-12,AWS,Amazon Simple Queue Service,EU (Frankfurt),0.0,4.0,0,0.0,0,1.0
2024-09-12,AWS,Elastic Load Balancing,US West (Oregon),0.0,16.0376571619,77,0.0,0,1.0
2024-09-12,Microsoft,Virtual Machines,West US,2.4875049489408743,0.033336,1,0.65705256,1,3.429190208359904
2024-09-12,AWS,Amazon API Gateway,US West (Oregon),0.0,393.0,2,0.0,0,1.0
2024-09-12,AWS,Amazon Elastic Container Service for Kubernetes,US West (Oregon),0.0,1.0,1,0.0,0,1.0
2024-09-12,AWS,AWS X-Ray,US East (Ohio),0.0,4.0,0,0.0,0,1.0
2024-09-12,AWS,Amazon Virtual Private Cloud,EU (Frankfurt),0.0,6.0,4,0.0,0,1.0
2024-09-12,AWS,AWS Glue,US East (N. Virginia),0.0,1.9375,0,0.0,0,1.0
2024-09-12,Microsoft,Storage Accounts,Canada East,0.00023839262414052404,0.001377,1,5.632e-05,1,3.01762815367752
2024-09-12,AWS,Amazon Simple Queue Service,US West (Oregon),0.0,1978.0,47,0.0,0,1.0
2024-09-12,AWS,AWS WAF,Any,0.0,0.0013888889,1,0.0,0,1.0
2024-09-12,AWS,Elastic Load Balancing,US West (N. California),0.0,0.0001815264,1,0.0,0,1.0
2024-09-12,Microsoft,Azure Data Factory,East US,2.5930202872955974e-05,2e-05,1,1e-05,1,2.593020287295597
2024-09-12,AWS,AWS CloudTrail,EU (Frankfurt),0.0,20.0,0,0.0,0,1.0
2024-09-12,AWS,Amazon Elastic File System,US West (Oregon),0.0,2.1252356371,7,0.0,0,1.0
2024-09-12,Microsoft,Azure App Service,South Central US,0.0,0.0,1,0.0,0,1.0
2024-09-12,AWS,AWS Systems Manager,US West (Oregon),0.0,1.0,0,0.0,0,1.0
2024-09-12,AWS,AWS CloudTrail,EU (London),0.0,8.0,0,0.0,0,1.0
2024-09-12,AWS,Amazon Elastic Container Service,US West (Oregon),0.0,10.574769634699999,74,0.0,0,1.0
2024-09-12,AWS,Amazon GuardDuty,Asia Pacific (Sydney),0.0,55.0,0,0.0,0,1.0
2024-09-12,Microsoft,Storage Accounts,East Asia,0.0029182308673111465,0.2886,1,0.000103896,1,3.144008398418366
2024-09-12,Microsoft,Virtual Machines,South Central US,1.01871639242,48.99633316123474,3,1.01871639242,0,1.0
2024-09-12,Microsoft,Virtual Machines,UK West,3.7479664799999997,0.066672,2,3.7479664799999997,0,1.0
2024-09-12,AWS,Amazon CloudFront,Japan,0.0,1557.0003708499,3,0.0,0,1.0
2024-09-12,AWS,Amazon Relational Database Service,Asia Pacific (Tokyo),0.0,13853.000091702299,2,0.0,0,1.0
2024-09-12,AWS,Amazon Simple Storage Service,EU (Frankfurt),0.0,136.0000003288,0,0.0,0,1.0
2024-09-12,AWS,Amazon CloudFront,Canada,0.0,125.2309341123,2,0.0,0,1.0
2024-09-12,AWS,Amazon API Gateway,US West (N. California),0.0,180.0,1,0.0,0,1.0
2024-09-12,AWS,Amazon Elastic Container Service for Kubernetes,US East (N. Virginia),0.0,1.0,1,0.0,0,1.0
2024-09-12,AWS,Amazon Virtual Private Cloud,Asia Pacific (Tokyo),0.0,2.0,2,0.0,0,1.0
2024-09-12,AWS,AWS Lambda,US East (Ohio),0.0,31.0,2,0.0,0,1.0
2024-09-12,AWS,Amazon Elastic Container Service for Kubernetes,US East (Ohio),0.0,1.0,1,0.0,0,1.0
2024-09-12,AWS,Amazon Virtual Private Cloud,Asia Pacific (Sydney),0.0,3.0,3,0.0,0,1.0
2024-09-12,Microsoft,Azure App Service,Central US,0.48,24.032256,2,0.48,0,1.0
2024-09-12,AWS,Amazon Simple Storage Service,US West (Oregon),0.0,185.2396664217,0,0.0,0,1.0
2024-09-12,AWS,Amazon CloudFront,India,0.0,1.1191053372,2,0.0,0,1.0
2024-09-12,AWS,Amazon Elastic Container Service for Kubernetes,EU (Stockholm),0.0,1.0,1,0.0,0,1.0
2024-09-12,AWS,Amazon Simple Storage Service,US West (N. California),0.0,2.0,0,0.0,0,1.0
2024-09-12,Microsoft,Virtual Machines,North Central US,7.895937e-05,0.00394796859473,1,7.895937e-05,0,1.0
2024-09-12,Microsoft,Storage Accounts,Canada Central,1.32e-06,0.0003,1,1.32e-06,0,1.0
2024-09-12,Microsoft,Application Gateway,East US,0.00018987146,0.002182430587709,1,0.00018987146,0,1.0
2024-09-12,AWS,AWS CloudTrail,EU (Ireland),0.0,765.0,0,0.0,0,1.0
2024-09-12,AWS,Elastic Load Balancing,US East (Ohio),0.0,1.0011856109000001,10,0.0,0,1.0
2024-09-12,AWS,AWS Lambda,US West (Oregon),0.0,967.8945822433001,14,0.0,0,1.0
2024-09-12,AWS,Amazon Elastic File System,US East (N. Virginia),0.0,0.0116868761,1,0.0,0,1.0
2024-09-12,AWS,Amazon Elastic File System,EU (Frankfurt),0.0,0.0491421991,1,0.0,0,1.0
2024-09-12,AWS,Amazon Virtual Private Cloud,Asia Pacific (Singapore),0.0,1.0,1,0.0,0,1.0
2024-09-12,AWS,Amazon CloudFront,Middle East,0.0,0.0025357846,1,0.0,0,1.0
2024-09-12,AWS,Amazon Simple Storage Service,US East (N. Virginia),0.0,202.07785818,0,0.0,0,1.0
2024-09-12,AWS,Amazon CloudFront,EU (Frankfurt),0.0,17.37875,3,0.0,0,1.0
2024-09-12,AWS,Amazon Virtual Private Cloud,Asia Pacific (Mumbai),0.0,7.6130550671,10,0.0,0,1.0
2024-09-12,AWS,Amazon Elastic Container Service,External,0.0,0.3739659584,17,0.0,0,1.0
2024-09-12,AWS,Amazon Virtual Private Cloud,EU (London),0.0,5.0,4,0.0,0,1.0
2024-09-12,Microsoft,Storage Accounts,Central US,0.03541411518124572,6.603177,8,0.009628982,1,3.6778670041387267
2024-09-12,AWS,Amazon Simple Storage Service,External,0.0,2.1672e-06,0,0.0,0,1.0
2024-09-12,AWS,Elastic Load Balancing,External,0.0,0.0569808902,89,0.0,0,1.0
2024-09-12,AWS,Amazon GuardDuty,EU (Paris),0.0,83.0,0,0.0,0,1.0
2024-09-12,AWS,Amazon CloudFront,Asia Pacific,0.0,1009.0000840201,7,0.0,0,1.0
2024-09-12,Microsoft,Virtual Network,East US,0.24,48.0,2,0.24,0,1.0
2024-09-12,Microsoft,Azure DB for MySQL,East US,0.37096774194,3.225806451612901,1,0.37096774194,0,1.0
2024-09-12,AWS,Amazon CloudFront,Europe,0.0,558.0003814427,8,0.0,0,1.0
2024-09-12,AWS,Amazon Relational Database Service,EU (Ireland),0.0,1.43964e-05,1,0.0,0,1.0
2024-09-12,AWS,AWS CloudTrail,Asia Pacific (Tokyo),0.0,111.0,0,0.0,0,1.0
2024-09-12,AWS,AWS Lambda,US East (N. Virginia),0.0,829.3923398438001,5,0.0,0,1.0
2024-09-12,AWS,Amazon Relational Database Service,Asia Pacific (Singapore),0.0,2.123e-07,1,0.0,0,1.0
2024-09-12,AWS,Amazon Simple Queue Service,US East (N. Virginia),0.0,4.0,0,0.0,0,1.0
2024-09-12,AWS,Amazon GuardDuty,Canada (Central),0.0,46.0,0,0.0,0,1.0
2024-09-12,AWS,Amazon GuardDuty,EU (Frankfurt),0.0,37.0,0,0.0,0,1.0
2024-09-12,AWS,Elastic Load Balancing,US East (N. Virginia),0.0,5.3906257049,21,0.0,0,1.0
2024-09-12,AWS,AWS CloudTrail,Asia Pacific (Singapore),0.0,497.0,0,0.0,0,1.0
2024-09-12,Microsoft,Azure Container Instances,East US 2,-0.48060850879,-108.0019120883751,1,-0.48060850879,0,1.0
2024-09-12,AWS,Amazon Virtual Private Cloud,EU (Ireland),0.0,2.0,2,0.0,0,1.0
2024-09-13,AWS,CloudWatch Events,External,0.0,0.0002717357,1,0.0,0,1.0
2024-09-13,AWS,Amazon Simple Storage Service,US West (Oregon),0.0,3840.9347334975,0,0.0,0,1.0
2024-09-13,AWS,AWS Key Management Service,EU (London),0.0,0.0041666667,3,0.0,0,1.0
2024-09-13,AWS,AmazonCloudWatch,Asia Pacific (Tokyo),0.0,530.0,0,0.0,0,1.0
2024-09-13,AWS,Amazon Elastic Compute Cloud,EU (Paris),0.0,1.013975744,3,0.0,0,1.0
2024-09-13,AWS,Amazon Elastic File System,US East (Ohio),0.0,2.4345e-06,1,0.0,0,1.0
2024-09-13,Microsoft,Virtual Machines,Southeast Asia,-0.65705256,-0.033336,1,-0.65705256,0,1.0
2024-09-13,AWS,Amazon EC2 Container Registry (ECR),EU (Stockholm),0.0,0.000444659,4,0.0,0,1.0
2024-09-13,AWS,Amazon Simple Email Service,US West (Oregon),0.0,1.03312e-05,0,0.0,0,1.0
2024-09-13,AWS,Amazon Simple Notification Service,US East (Ohio),0.0,4.0,0,0.0,0,1.0
2024-09-13,AWS,CloudWatch Events,South America (Sao Paulo),0.0,186.0,0,0.0,0,1.0
2024-09-13,AWS,Amazon Elastic Compute Cloud,EU (Frankfurt),0.0,5.323848423,80,0.0,0,1.0
2024-09-13,AWS,AWS CloudTrail,EU (Frankfurt),0.0,1108.0,0,0.0,0,1.0
2024-09-13,AWS,Elastic Load Balancing,US West (Oregon),0.0,11.928855382,73,0.0,0,1.0
2024-09-13,AWS,Amazon CloudFront,Canada,0.0,60.0,1,0.0,0,1.0
2024-09-13,Microsoft,Application Gateway,East US,0.00091548793,0.045774396508932,1,0.00091548793,0,1.0
2024-09-13,AWS,AmazonCloudWatch,Asia Pacific (Seoul),0.0,6.0,0,0.0,0,1.0
2024-09-13,Microsoft,Storage Accounts,North Central US,-0.0051298938,-0.106971,1,-0.0051298938,0,1.0
2024-09-13,AWS,Amazon Elastic Compute Cloud,EU (London),0.0,1.4812694268,16,0.0,0,1.0
2024-09-13,AWS,CloudWatch Events,US West (Oregon),0.0,100.0,0,0.0,0,1.0
2024-09-13,AWS,AWS Lambda,US East (N. Virginia),0.0,4609.665666727,7,0.0,0,1.0
2024-09-13,AWS,Amazon Simple Notification Service,US West (Oregon),0.0,28.0000140686,4,0.0,0,1.0
2024-09-13,AWS,Amazon EC2 Container Registry (ECR),EU (Ireland),0.0,1.2524e-06,5,0.0,0,1.0
2024-09-13,Microsoft,Storage Accounts,West US,0.0021456592751683107,2.535886,14,0.00014701989999999995,1,3.0333925148531335
2024-09-13,AWS,Amazon Elastic File System,EU (Frankfurt),1.0,28.1869840622,1,1.0,0,1.0
2024-09-13,AWS,Amazon Elastic File System,US East (N. Virginia),0.0,0.2972977108,2,0.0,0,1.0
2024-09-13,Microsoft,Azure Synapse Analytics,East US 2,3.984250699,37.16827000000001,2,3.984250699,0,1.0
2024-09-13,AWS,Amazon Elastic Compute Cloud,EU (Ireland),0.0,0.24150005530000002,4,0.0,0,1.0
2024-09-13,AWS,AWS Step Functions,Canada (Central),0.0,1.49e-07,0,0.0,0,1.0
2024-09-13,AWS,AmazonCloudWatch,Asia Pacific (Singapore),0.0,9.8050782089,1,0.0,0,1.0
2024-09-13,AWS,Amazon Location Service,Asia Pacific (Mumbai),0.0,1.0,0,0.0,0,1.0
2024-09-13,AWS,Amazon EC2 Container Registry (ECR),EU (Frankfurt),0.0,0.000245212,2,0.0,0,1.0
2024-09-13,AWS,AWS CloudTrail,Asia Pacific (Mumbai),0.0,18.0,0,0.0,0,1.0
2024-09-13,AWS,AWS Key Management Service,EU (Stockholm),0.0,0.0013888889,1,0.0,0,1.0
2024-09-13,Microsoft,Load Balancer,East US,-0.6,-24.0,1,-0.6,0,1.0
2024-09-13,AWS,Amazon Virtual Private Cloud,Asia Pacific (Mumbai),0.0,2.708056,4,0.0,0,1.0
2024-09-13,AWS,Amazon Relational Database Service,Asia Pacific (Singapore),0.0,4.955e-07,1,0.0,0,1.0
2024-09-13,AWS,AmazonCloudWatch,Asia Pacific (Sydney),0.0,151.0083333333,0,0.0,0,1.0
2024-09-13,AWS,Amazon Route 53,unknown,0.0,228.0,11,0.0,0,1.0
2024-09-13,Microsoft,Virtual Network,East US,0.24,48.0,2,0.24,0,1.0
2024-09-13,AWS,AWS CloudTrail,US West (Oregon),0.0,659.0,0,0.0,0,1.0
2024-09-13,AWS,Amazon GuardDuty,Asia Pacific (Seoul),0.0,80.0,0,0.0,0,1.0
2024-09-13,Oracle,NETWORK,us-sanjose-1,0.0,0.011500190009,12,0.0,0,1.0
2024-09-13,AWS,Amazon Simple Notification Service,External,0.0,1.8971100000000002e-05,2,0.0,0,1.0
2024-09-13,AWS,Amazon API Gateway,US West (Oregon),0.0,4.0013652798,2,0.0,0,1.0
2024-09-13,AWS,AmazonCloudWatch,US East (Ohio),0.0,3.0727824029,6,0.0,0,1.0
2024-09-13,AWS,Amazon Elastic Compute Cloud,Asia Pacific (Seoul),0.0,0.1666666667,1,0.0,0,1.0
2024-09-13,AWS,AmazonCloudWatch,EU (Paris),0.0,309.0,0,0.0,0,1.0
2024-09-13,AWS,Amazon GuardDuty,EU (Frankfurt),0.0,79.0,0,0.0,0,1.0
2024-09-13,AWS,AWS Data Transfer,US West (Oregon),0.0,0.0,0,0.0,0,1.0
2024-09-13,AWS,AWS CloudTrail,Asia Pacific (Tokyo),0.0,2.0,0,0.0,0,1.0
2024-09-13,AWS,Amazon ElastiCache,US East (N. Virginia),0.0,1.0,1,0.0,0,1.0
2024-09-13,AWS,Amazon ElastiCache,US West (N. California),0.0,1.0,1,0.0,0,1.0
2024-09-13,Oracle,OBJECTSTORE,us-sanjose-1,0.0,0.0,1,0.0,0,1.0
2024-09-13,Microsoft,Azure Container Registry,East US 2,-0.16633466067,-1.000008,1,-0.16633466067,0,1.0
2024-09-13,Microsoft,Virtual Machines,West US 2,25.307931310398555,24.001773760654032,2,7.17603547521,1,3.526728846007822
2024-09-13,AWS,AmazonCloudWatch,US East (N. Virginia),0.0,1409.0440024566,3,0.0,0,1.0
2024-09-13,AWS,Amazon Simple Storage Service,US East (N. Virginia),0.0,3671.0142353768,0,0.0,0,1.0
2024-09-13,AWS,AmazonCloudWatch,EU (Stockholm),0.0,126.0111111111,1,0.0,0,1.0
2024-09-13,Oracle,ODSP,us-sanjose-1,2.0,16.004463112305,2,2.0,0,1.0
2024-09-13,AWS,Amazon ElastiCache,US West (Oregon),0.0,1.0,1,0.0,0,1.0
2024-09-13,AWS,AWS Glue,US East (N. Virginia),0.0,2.3277777776999997,0,0.0,0,1.0
2024-09-13,Microsoft,Storage Accounts,Southeast Asia,0.0002587115326225812,0.005176,2,0.00010922239999999999,1,2.36866734866274
2024-09-13,Microsoft,Key Vault,Global,6e-06,0.00030000000000000003,3,6e-06,0,1.0
2024-09-13,AWS,Amazon Elastic Compute Cloud,Asia Pacific (Mumbai),0.0,9.9613206293,47,0.0,0,1.0
2024-09-13,Microsoft,Azure DB for MySQL,East US,-0.37096774194,-3.225806451612901,1,-0.37096774194,0,1.0
2024-09-13,AWS,Amazon GuardDuty,EU (London),0.0,72.0,0,0.0,0,1.0
2024-09-13,AWS,Amazon CloudFront,Asia Pacific,0.0,9.1230372647,3,0.0,0,1.0
2024-09-13,AWS,Amazon Simple Notification Service,EU (Frankfurt),0.0,8.0,0,0.0,0,1.0
2024-09-13,AWS,AmazonCloudWatch,South America (Sao Paulo),0.0,151.0,0,0.0,0,1.0
2024-09-13,AWS,Amazon Simple Notification Service,Asia Pacific (Sydney),0.0,4.0,0,0.0,0,1.0
2024-09-13,AWS,AmazonCloudWatch,EU (London),0.0,169.0,0,0.0,0,1.0
2024-09-13,AWS,Amazon Simple Storage Service,US East (Ohio),0.0,31.0,0,0.0,0,1.0
2024-09-13,AWS,Amazon Elastic Compute Cloud,Asia Pacific (Singapore),0.0,0.3801382218,30,0.0,0,1.0
2024-09-13,AWS,Amazon Elastic File System,US West (Oregon),0.0,0.0146204578,3,0.0,0,1.0
2024-09-13,AWS,AmazonCloudWatch,Canada (Central),0.0,355.0,0,0.0,0,1.0
2024-09-13,Oracle,COMPUTE,us-sanjose-1,4.0,1286.0,13,4.0,0,1.0
2024-09-13,AWS,Amazon CloudFront,Australia,0.0,166.0000020731,2,0.0,0,1.0
2024-09-13,Oracle,FILESTORAGESERVICE,us-sanjose-1,0.0,0.0,1,0.0,0,1.0
2024-09-13,Microsoft,Storage Accounts,West Europe,-8.4e-05,-0.00068,1,-8.4e-05,0,1.0
2024-09-13,AWS,Amazon EC2 Container Registry (ECR),US East (N. Virginia),0.0,0.0007521711000000001,2,0.0,0,1.0
2024-09-13,AWS,AmazonCloudWatch,US West (Oregon),0.0,11363.2684029988,163,0.0,0,1.0
2024-09-13,AWS,Amazon Elastic Compute Cloud,Asia Pacific (Tokyo),0.0,3.5686515947,42,0.0,0,1.0
2024-09-13,Microsoft,Azure App Service,Central US,0.0,0.032256,1,0.0,0,1.0
2024-09-13,AWS,AmazonCloudWatch,EU (Frankfurt),0.0,375.0,0,0.0,0,1.0
2024-09-13,AWS,AWS CloudTrail,Asia Pacific (Sydney),0.0,19.0,0,0.0,0,1.0
2024-09-13,AWS,AWS Key Management Service,EU (Frankfurt),0.0,0.0013888889,1,0.0,0,1.0
2024-09-13,Microsoft,Event Grid,East US 2,-5.04e-05,-0.00084,1,-5.04e-05,0,1.0
2024-09-13,AWS,Amazon Simple Storage Service,EU (Frankfurt),0.0,63.0002660156,0,0.0,0,1.0
2024-09-13,AWS,AWS CloudTrail,Canada (Central),0.0,19.0,0,0.0,0,1.0
2024-09-13,AWS,Amazon Simple Notification Service,Asia Pacific (Osaka),0.0,4.0,0,0.0,0,1.0
2024-09-13,Microsoft,Storage Accounts,West Central US,5.184e-06,0.0144,1,5.184e-06,0,1.0
2024-09-13,AWS,Amazon EC2 Container Registry (ECR),US West (N. California),0.0,4.1637e-06,1,0.0,0,1.0
2024-09-13,AWS,Amazon Elastic Compute Cloud,Asia Pacific (Sydney),0.0,0.3916945953,22,0.0,0,1.0
2024-09-13,AWS,Amazon GuardDuty,Africa (Cape Town),0.0,85.0,0,0.0,0,1.0
2024-09-13,AWS,AmazonCloudWatch,EU (Ireland),0.0,9.0,0,0.0,0,1.0
2024-09-13,AWS,AmazonCloudWatch,US West (N. California),0.0,3.0,0,0.0,0,1.0
2024-09-13,AWS,Amazon Simple Notification Service,Asia Pacific (Seoul),0.0,4.0,0,0.0,0,1.0
2024-09-13,Microsoft,Virtual Machines,West US,6.925204917,20.25,1,6.925204917,0,1.0
2024-09-13,Microsoft,Storage Accounts,Canada Central,1.14e-05,0.0012,1,1.14e-05,0,1.0
2024-09-13,AWS,Amazon Simple Notification Service,South America (Sao Paulo),0.0,4.0,0,0.0,0,1.0
2024-09-13,Microsoft,Storage Accounts,UK West,3.6e-05,0.0018,1,3.6e-05,0,1.0
2024-09-13,AWS,Amazon EC2 Container Registry (ECR),US West (Oregon),0.0,0.0010844982,7,0.0,0,1.0
2024-09-13,AWS,AWS Secrets Manager,US West (Oregon),0.0,13.0,1,0.0,0,1.0
2024-09-13,Microsoft,Storage Accounts,North Europe,0.9316278687802905,24.0014,1,0.321600504,1,2.896848285972495
2024-09-13,AWS,Amazon Simple Storage Service,US West (N. California),0.0,1.0,0,0.0,0,1.0
2024-09-13,Microsoft,Storage Accounts,Central US,0.00019883200000000002,-0.034822,10,0.00019883200000000002,0,1.0
2024-09-13,AWS,Amazon CloudFront,Europe,0.0,3028.7542143921,9,0.0,0,1.0
2024-09-13,AWS,Amazon Virtual Private Cloud,US East (N. Virginia),0.0,44.690834,51,0.0,0,1.0
2024-09-13,AWS,AWS CloudTrail,Asia Pacific (Singapore),0.0,12.0,0,0.0,0,1.0
2024-09-13,AWS,Amazon DevOps Guru,US West (Oregon),0.0,2.0,0,0.0,0,1.0
2024-09-13,AWS,Amazon DocumentDB (with MongoDB compatibility),US West (Oregon),0.0,1.0,1,0.0,0,1.0
2024-09-13,AWS,AWS Systems Manager,US West (Oregon),0.0,2917.0,0,0.0,0,1.0
2024-09-13,AWS,Amazon Elastic Container Service,US West (Oregon),0.0,49.0882523476,120,0.0,0,1.0
2024-09-13,AWS,AWS CloudTrail,EU (Stockholm),0.0,6.0,0,0.0,0,1.0
2024-09-13,AWS,Elastic Load Balancing,EU (London),0.0,0.0031108102,1,0.0,0,1.0
2024-09-13,AWS,AWS Step Functions,US West (Oregon),0.0,106.010119088,1,0.0,0,1.0
2024-09-13,AWS,Amazon DynamoDB,Asia Pacific (Singapore),0.0,5.0,1,0.0,0,1.0
2024-09-13,AWS,Amazon Elastic Compute Cloud,US East (Ohio),0.0,9.0352436643,50,0.0,0,1.0
2024-09-13,AWS,Amazon CloudFront,Japan,0.0,0.0017541256,2,0.0,0,1.0
2024-09-13,AWS,Amazon Virtual Private Cloud,US East (Ohio),0.0,4.0,4,0.0,0,1.0
2024-09-13,AWS,AWS Key Management Service,US East (Ohio),0.0,16.0152777779,11,0.0,0,1.0
2024-09-13,AWS,Amazon Elastic Compute Cloud,US West (N. California),0.0,0.4569330053,9,0.0,0,1.0
2024-09-13,Microsoft,Azure Kubernetes Service,East US,11.924670703798864,264.0127501268636,2,4.65967501269,1,2.559120683593517
2024-09-13,AWS,AWS Lambda,US West (Oregon),0.0,22022.1257345595,19,0.0,0,1.0
2024-09-13,Microsoft,Virtual Machines,North Central US,0.19016030324466512,0.033336,1,0.05100408,1,3.7283351301438064
2024-09-13,AWS,AWS Lambda,External,0.0,0.0559882643,0,0.0,0,1.0
2024-09-13,AWS,Amazon Simple Queue Service,US West (N. California),0.0,1.0,0,0.0,0,1.0
2024-09-13,AWS,Amazon Virtual Private Cloud,US West (N. California),0.0,3.0,2,0.0,0,1.0
2024-09-13,AWS,Amazon DynamoDB,EU (Stockholm),0.0,1.0,1,0.0,0,1.0
2024-09-13,AWS,Elastic Load Balancing,US East (Ohio),0.0,2.0003512828,10,0.0,0,1.0
2024-09-13,AWS,Amazon Relational Database Service,US East (Ohio),0.0,2.0006567743,3,0.0,0,1.0
2024-09-13,AWS,Amazon Elastic Compute Cloud,US East (N. Virginia),27.0,177.59275847109998,548,27.0,0,1.0
2024-09-13,AWS,Amazon Virtual Private Cloud,Asia Pacific (Tokyo),0.0,5.966111,6,0.0,0,1.0
2024-09-13,Microsoft,Virtual Network,West US,0.3139345900445734,24.0,1,0.096,1,2.6161215837047784
2024-09-13,Microsoft,Virtual Machine Scale Sets,East US,-4.86175829514,-30.035705865360796,5,-4.86175829514,0,1.0
2024-09-13,AWS,Amazon Relational Database Service,Asia Pacific (Tokyo),0.0,9.201e-07,1,0.0,0,1.0
2024-09-13,AWS,AWS Secrets Manager,US East (Ohio),0.0,0.0111111111,0,0.0,0,1.0
2024-09-13,AWS,Amazon Simple Queue Service,EU (Frankfurt),0.0,14.0,1,0.0,0,1.0
2024-09-13,AWS,AWS Step Functions,US East (Ohio),0.0,2.98e-07,0,0.0,0,1.0
2024-09-13,AWS,Elastic Load Balancing,EU (Paris),0.0,0.0002600932,1,0.0,0,1.0
2024-09-13,AWS,AWS CloudTrail,Asia Pacific (Seoul),0.0,114.0,0,0.0,0,1.0
2024-09-13,AWS,Amazon CloudFront,South America,0.0,0.0119965142,1,0.0,0,1.0
2024-09-13,Microsoft,Virtual Machines,East US,-0.5524483200000001,3.643335999999999,10,-0.5524483200000001,0,1.0
2024-09-13,AWS,AWS Key Management Service,US West (Oregon),0.0,0.0027777778,2,0.0,0,1.0
2024-09-13,Microsoft,Azure Machine Learning,East US 2,2.404473488156146,15.847883981618224,2,0.87608528896,1,2.7445655331234864
2024-09-13,AWS,Amazon Elastic Container Service,EU (Ireland),0.0,0.25,1,0.0,0,1.0
2024-09-13,AWS,Elastic Load Balancing,External,0.0,0.0120953794,91,0.0,0,1.0
2024-09-13,AWS,Amazon Virtual Private Cloud,EU (London),0.0,1.0,1,0.0,0,1.0
2024-09-13,AWS,Amazon Relational Database Service,External,0.0,2.36097e-05,14,0.0,0,1.0
2024-09-13,AWS,Amazon Elastic Container Service,External,0.0,0.4712762011,33,0.0,0,1.0
2024-09-13,AWS,Amazon CloudFront,South Africa,0.0,0.0003126627,1,0.0,0,1.0
2024-09-13,AWS,Amazon CloudFront,Middle East,0.0,0.0018522553,1,0.0,0,1.0
2024-09-13,AWS,Elastic Load Balancing,EU (Stockholm),0.0,2.0001888974,4,0.0,0,1.0
2024-09-13,AWS,Amazon Elastic Container Registry Public,US East (N. Virginia),0.0,0.23725348529999998,2,0.0,0,1.0
2024-09-13,AWS,AWS Systems Manager,US East (N. Virginia),0.0,90.0,0,0.0,0,1.0
2024-09-13,Microsoft,Azure Monitor,West US,0.0,0.002417914,1,0.0,0,1.0
2024-09-13,Microsoft,SQL Database,East US,20.030246764636367,48.0,1,7.296,1,2.7453737341880986
2024-09-13,AWS,AWS CloudTrail,EU (London),0.0,6.0,0,0.0,0,1.0
2024-09-13,Microsoft,Storage Accounts,East Asia,0.0026611534927471875,2.5762159999999996,1,0.00091476,1,2.867041475161484
2024-09-13,AWS,Amazon Virtual Private Cloud,External,0.0,3.3845e-06,7,0.0,0,1.0
2024-09-13,Microsoft,Azure Monitor,East US,2.58137352768,25.813735276807627,1,2.58137352768,0,1.0
2024-09-13,AWS,AWS CloudTrail,EU (Paris),0.0,358.0,0,0.0,0,1.0
2024-09-13,Microsoft,Virtual Network,UK West,0.0864,24.0,1,0.0864,0,1.0
2024-09-13,AWS,Amazon Elastic Container Service,US East (N. Virginia),0.0,1.0000002235,1,0.0,0,1.0
2024-09-13,AWS,Amazon Elastic Compute Cloud,US West (Oregon),3.0,112.3858520377,248,3.0,0,1.0
2024-09-13,AWS,Elastic Load Balancing,US East (N. Virginia),0.0,2.6616453844000003,9,0.0,0,1.0
2024-09-13,AWS,Amazon Virtual Private Cloud,South America (Sao Paulo),0.0,2.0,2,0.0,0,1.0
2024-09-13,AWS,Amazon CloudFront,United States,0.0,10325.0473946221,9,0.0,0,1.0
2024-09-13,Microsoft,Storage Accounts,East US,0.323545355,24.205349000000002,74,0.323545355,0,1.0
2024-09-13,Microsoft,Virtual Machines,East Asia,4.400016,24.0,1,4.400016,0,1.0
2024-09-13,AWS,Amazon Simple Queue Service,US East (N. Virginia),0.0,8.0,0,0.0,0,1.0
2024-09-13,AWS,Amazon Simple Queue Service,EU (Stockholm),0.0,8.0,0,0.0,0,1.0
2024-09-13,AWS,Amazon Virtual Private Cloud,US West (Oregon),0.0,68.7958632759,93,0.0,0,1.0
2024-09-13,AWS,Elastic Load Balancing,EU (Ireland),0.0,1.0000423538,3,0.0,0,1.0
2024-09-13,AWS,Amazon Virtual Private Cloud,EU (Frankfurt),0.0,6.0,6,0.0,0,1.0
2024-09-13,Oracle,BLOCK_STORAGE,us-sanjose-1,0.0,4.807155017917999,12,0.0,0,1.0
2024-09-13,AWS,Amazon Elastic Compute Cloud,EU (Stockholm),0.0,3.7554235990000002,13,0.0,0,1.0
2024-09-13,Microsoft,Storage Accounts,East US 2 EUAP,2.4e-06,0.0006,1,2.4e-06,0,1.0
2024-09-13,AWS,Amazon Virtual Private Cloud,Asia Pacific (Sydney),0.0,1.0,1,0.0,0,1.0
2024-09-13,AWS,Elastic Load Balancing,Asia Pacific (Sydney),0.0,3.35e-08,1,0.0,0,1.0
2024-09-13,AWS,Elastic Load Balancing,Asia Pacific (Tokyo),0.0,0.0002426785,2,0.0,0,1.0
2024-09-13,AWS,AWS WAF,Any,0.0,0.0013888889,1,0.0,0,1.0
2024-09-13,AWS,Amazon Elastic Container Service for Kubernetes,US West (Oregon),0.0,1.0,1,0.0,0,1.0
2024-09-13,AWS,Amazon DynamoDB,US West (Oregon),0.0,124.0000000781,7,0.0,0,1.0
2024-09-13,AWS,AWS CloudTrail,South America (Sao Paulo),0.0,595.0,0,0.0,0,1.0
2024-09-13,AWS,Amazon Elastic Compute Cloud,External,0.0,213.627566399,431,0.0,0,1.0
2024-09-13,AWS,Amazon Virtual Private Cloud,Asia Pacific (Singapore),0.0,2.000000069,3,0.0,0,1.0
2024-09-13,AWS,Amazon Simple Queue Service,US West (Oregon),0.0,44448.0,25,0.0,0,1.0
2024-09-13,AWS,Amazon CloudFront,External,0.0,1.8645e-06,1,0.0,0,1.0
2024-09-13,AWS,Amazon DynamoDB,US West (N. California),0.0,13.0,2,0.0,0,1.0
2024-09-13,Microsoft,Storage Accounts,East US 2,-0.21812452980000002,-5.194906,5,-0.21812452980000002,0,1.0
2024-09-13,AWS,AWS CloudTrail,Asia Pacific (Osaka),0.0,6.0,0,0.0,0,1.0
2024-09-13,Microsoft,Load Balancer,East US 2,0.6,24.0,1,0.6,0,1.0
2024-09-13,AWS,AWS CloudTrail,US East (N. Virginia),0.0,2742.0,0,0.0,0,1.0
2024-09-13,AWS,AmazonCloudWatch,Asia Pacific (Mumbai),0.0,6.0,0,0.0,0,1.0
2024-09-13,AWS,Amazon Relational Database Service,US West (Oregon),1.0,7.9871843141,22,1.0,0,1.0
2024-09-13,AWS,AWS CloudTrail,EU (Ireland),0.0,6.0,0,0.0,0,1.0
2024-09-13,AWS,Elastic Load Balancing,US West (N. California),0.0,1.0000005327,2,0.0,0,1.0
2024-09-13,AWS,AWS Key Management Service,US East (N. Virginia),0.0,4.0,1,0.0,0,1.0
2024-09-13,Microsoft,Virtual Machines,South Central US,6.636716e-05,0.00331835821271,2,6.636716e-05,0,1.0
2024-09-13,AWS,AWS Step Functions,EU (Frankfurt),0.0,1.49e-07,0,0.0,0,1.0
2024-09-13,AWS,Amazon CloudFront,India,0.0,13.046647499399999,4,0.0,0,1.0
2024-09-13,AWS,Amazon Relational Database Service,US West (N. California),0.0,4.0,1,0.0,0,1.0
2024-09-13,Microsoft,Azure Private Link,West US 2,0.7389011752320299,24.0,1,0.24,1,3.078754896800125
2024-09-13,AWS,Amazon Elastic Compute Cloud,South America (Sao Paulo),0.0,1.1487113017,14,0.0,0,1.0
2024-09-13,AWS,Amazon Simple Queue Service,Canada (Central),0.0,4.0,0,0.0,0,1.0
2024-09-13,Microsoft,Storage Accounts,France Central,-2e-05,-0.001,1,-2e-05,0,1.0
2024-09-13,AWS,Amazon Simple Queue Service,Asia Pacific (Sydney),0.0,8.0,0,0.0,0,1.0
2024-09-13,AWS,Amazon DynamoDB,US East (N. Virginia),0.0,2.0000000275,3,0.0,0,1.0
2024-09-13,AWS,AmazonCloudWatch,Asia Pacific (Osaka),0.0,6.0,0,0.0,0,1.0
2024-09-13,AWS,Elastic Load Balancing,EU (Frankfurt),0.0,3.0059006761,10,0.0,0,1.0
2024-09-13,Microsoft,Storage Accounts,West US 2,-6.559999999999995e-06,9.600000000000008e-05,6,-6.559999999999995e-06,0,1.0
2024-09-14,AWS,Amazon API Gateway,US West (Oregon),0.0,4.0,1,0.0,0,1.0
2024-09-14,Microsoft,Key Vault,Global,-6e-06,-0.00030000000000000003,3,-6e-06,0,1.0
2024-09-14,AWS,Amazon Elastic Compute Cloud,Africa (Cape Town),0.0,3.20729e-05,2,0.0,0,1.0
2024-09-14,AWS,AmazonCloudWatch,US East (Ohio),0.0,66.0002213036,3,0.0,0,1.0
2024-09-14,Microsoft,Storage Accounts,Central US,1.6631999999999996e-05,0.047200000000000006,10,1.6631999999999996e-05,0,1.0
2024-09-14,AWS,AWS WAF,Any,0.0,0.0041666667,1,0.0,0,1.0
2024-09-14,AWS,Elastic Load Balancing,US West (Oregon),0.0,13.9804388802,69,0.0,0,1.0
2024-09-14,AWS,AWS Lambda,US East (Ohio),0.0,112.2461994241,4,0.0,0,1.0
2024-09-14,AWS,AWS Key Management Service,EU (London),0.0,0.0055555556,4,0.0,0,1.0
2024-09-14,AWS,AWS Lambda,US East (N. Virginia),0.0,869.4826440139,3,0.0,0,1.0
2024-09-14,AWS,AWS Key Management Service,US West (Oregon),0.0,4002.0041666667,5,0.0,0,1.0
2024-09-14,AWS,Datadog,unknown,3.6,381.6,0,3.6,0,1.0
2024-09-14,AWS,Elastic Load Balancing,External,0.0,0.0042540170000000006,92,0.0,0,1.0
2024-09-14,Microsoft,Storage Accounts,South Central US,2.1232820394257925e-05,0.0146,1,5.256e-06,1,3.8802668849155566
2024-09-14,AWS,AWS Glue,US East (N. Virginia),0.0,0.8402777778,0,0.0,0,1.0
2024-09-14,AWS,AWS Systems Manager,US East (N. Virginia),0.0,77.0,0,0.0,0,1.0
2024-09-14,AWS,Elastic Load Balancing,EU (Stockholm),0.0,1.0000271835999999,4,0.0,0,1.0
2024-09-14,Microsoft,Azure DB for MySQL,East US,0.0,0.032258064516129,1,0.0,0,1.0
2024-09-14,AWS,Amazon DynamoDB,US West (Oregon),0.0,59.000000443,9,0.0,0,1.0
2024-09-14,AWS,AWS Step Functions,Asia Pacific (Tokyo),0.0,1.1513e-05,0,0.0,0,1.0
2024-09-14,Microsoft,Azure Machine Learning,East US 2,-0.27796437228,2.302556258533537,2,-0.27796437228,0,1.0
2024-09-14,AWS,AWS Key Management Service,US East (N. Virginia),0.0,16.0013888889,2,0.0,0,1.0
2024-09-14,AWS,Amazon CloudFront,Asia Pacific,0.0,55.0498210732,4,0.0,0,1.0
2024-09-14,AWS,Amazon CloudFront,Europe,0.0,460.0000020191,5,0.0,0,1.0
2024-09-14,Microsoft,Storage Accounts,East Asia,0.8045534911893726,24.0,1,0.3216,1,2.5017210546933226
2024-09-14,AWS,CloudWatch Events,US West (Oregon),0.0,1645.0,1,0.0,0,1.0
2024-09-14,AWS,Elastic Load Balancing,Asia Pacific (Sydney),0.0,2.477e-07,1,0.0,0,1.0
2024-09-14,AWS,AWS Key Management Service,EU (Stockholm),0.0,0.0013888889,1,0.0,0,1.0
2024-09-14,AWS,Amazon ElastiCache,Asia Pacific (Singapore),0.0,1.0,1,0.0,0,1.0
2024-09-14,AWS,Amazon CloudFront,US West (Oregon),0.0,410.0,1,0.0,0,1.0
2024-09-14,AWS,Amazon EC2 Container Registry (ECR),EU (Frankfurt),0.0,7.25832e-05,1,0.0,0,1.0
2024-09-14,AWS,AmazonCloudWatch,US East (N. Virginia),0.0,32679.0256364588,6,0.0,0,1.0
2024-09-14,AWS,Elastic Load Balancing,EU (Frankfurt),0.0,3.0008207335,7,0.0,0,1.0
2024-09-14,AWS,AWS Secrets Manager,US West (Oregon),0.0,1.0027777778,1,0.0,0,1.0
2024-09-14,Microsoft,Azure Kubernetes Service,East US,-5.10495046523,-311.948704652335,2,-5.10495046523,0,1.0
2024-09-14,Microsoft,Storage Accounts,East US 2,-0.0006229279999999999,-0.017820000000000003,5,-0.0006229279999999999,0,1.0
2024-09-14,Microsoft,Load Balancer,East US,-0.6,-24.0,3,-0.6,0,1.0
2024-09-14,AWS,Elastic Load Balancing,EU (Ireland),0.0,0.0002477413,3,0.0,0,1.0
2024-09-14,AWS,Amazon EC2 Container Registry (ECR),US East (N. Virginia),0.0,0.0006421701,4,0.0,0,1.0
2024-09-14,AWS,Amazon DynamoDB,US East (N. Virginia),0.0,2.38e-08,1,0.0,0,1.0
2024-09-14,AWS,AWS Step Functions,Asia Pacific (Singapore),0.0,2.98e-07,0,0.0,0,1.0
2024-09-14,AWS,Amazon CloudFront,Canada,0.0,2.0,1,0.0,0,1.0
2024-09-14,AWS,AmazonCloudWatch,US West (Oregon),0.0,10325.046822095099,147,0.0,0,1.0
2024-09-14,Microsoft,Azure App Service,Central US,4.632000000000001,47.967744,3,4.632000000000001,0,1.0
2024-09-14,AWS,AWS Key Management Service,EU (Frankfurt),0.0,1.0027777778,3,0.0,0,1.0
2024-09-14,AWS,Elastic Load Balancing,US East (Ohio),0.0,2.0058575637000002,9,0.0,0,1.0
2024-09-14,AWS,Amazon CloudFront,Australia,0.0,2.0,1,0.0,0,1.0
2024-09-14,AWS,AmazonWorkMail,US West (Oregon),0.0,0.0055555556,1,0.0,0,1.0
2024-09-14,AWS,AWS Lambda,US West (N. California),0.0,489.926,1,0.0,0,1.0
2024-09-14,Microsoft,Event Grid,East US,3.6e-06,6e-05,1,3.6e-06,0,1.0
2024-09-14,AWS,AWS Step Functions,South America (Sao Paulo),0.0,1.1445e-05,0,0.0,0,1.0
2024-09-14,Microsoft,Storage Accounts,North Central US,5.498316087418599e-05,0.0012,1,1.6800000000000002e-05,1,3.2728071948920228
2024-09-14,AWS,CloudWatch Events,Canada (Central),0.0,35.0,0,0.0,0,1.0
2024-09-14,AWS,Amazon EC2 Container Registry (ECR),EU (Stockholm),0.0,0.0006670063,6,0.0,0,1.0
2024-09-14,AWS,Amazon DynamoDB,EU (Stockholm),0.0,3.0,2,0.0,0,1.0
2024-09-14,Microsoft,Azure SQL Database,Central US,0.64487096774,1.0322580645161301,2,0.64487096774,0,1.0
2024-09-14,AWS,AWS Systems Manager,US West (Oregon),0.0,21.0,0,0.0,0,1.0
2024-09-14,AWS,AWS Key Management Service,US East (Ohio),0.0,0.006944444500000001,5,0.0,0,1.0
2024-09-14,Microsoft,Storage Accounts,East US,0.00028025500000000003,0.044557,85,0.00028025500000000003,0,1.0
2024-09-14,AWS,Elastic Load Balancing,EU (Paris),0.0,1.0661522988,1,0.0,0,1.0
2024-09-14,AWS,AWS Key Management Service,Asia Pacific (Singapore),0.0,0.0013888889,1,0.0,0,1.0
2024-09-14,AWS,AWS Lambda,US West (Oregon),0.0,753.8437276922999,16,0.0,0,1.0
2024-09-14,AWS,AWS Step Functions,US West (Oregon),0.0,9.0000026897,1,0.0,0,1.0
2024-09-14,AWS,Amazon DynamoDB,US West (N. California),0.0,1.1e-09,1,0.0,0,1.0
2024-09-14,AWS,Amazon EC2 Container Registry (ECR),US West (Oregon),0.0,0.0121154394,11,0.0,0,1.0
2024-09-14,AWS,Amazon CloudFront,United States,0.0,644.3244863451,8,0.0,0,1.0
2024-09-14,Microsoft,Azure Data Factory,East US,2.1631883608004812e-05,2e-05,1,1e-05,1,2.163188360800481
2024-09-14,Microsoft,Azure Synapse Analytics,East US 2,17.49990579,71.1999,2,17.49990579,0,1.0
2024-09-14,AWS,Amazon CloudFront,Japan,0.0,12.0,2,0.0,0,1.0
2024-09-14,AWS,AWS Step Functions,Asia Pacific (Seoul),0.0,1.15158e-05,0,0.0,0,1.0
2024-09-14,Microsoft,Storage Accounts,Canada East,-2.16e-07,-0.0006,1,-2.16e-07,0,1.0
2024-09-14,AWS,Elastic Load Balancing,EU (London),0.0,3.2932e-06,1,0.0,0,1.0
2024-09-14,Microsoft,Azure Data Factory,West US 2,-1e-05,-2e-05,1,-1e-05,0,1.0
2024-09-14,AWS,Elastic Load Balancing,Asia Pacific (Tokyo),0.0,4.44362e-05,2,0.0,0,1.0
2024-09-14,Microsoft,Azure Data Factory,West US,1e-05,2e-05,1,1e-05,0,1.0
2024-09-14,AWS,Amazon DynamoDB,US East (Ohio),0.0,9.0,1,0.0,0,1.0
2024-09-14,AWS,AmazonCloudWatch,US West (N. California),0.0,3.000004853,1,0.0,0,1.0
2024-09-14,Microsoft,Storage Accounts,North Europe,2.16e-07,0.0006,1,2.16e-07,0,1.0
2024-09-14,AWS,Amazon DynamoDB,Asia Pacific (Sydney),0.0,5.0,1,0.0,0,1.0
2024-09-14,Microsoft,Azure App Service,South Central US,14.400007047,24.000081,2,14.400007047,0,1.0
2024-09-14,AWS,Elastic Load Balancing,US East (N. Virginia),0.0,8.1019691684,14,0.0,0,1.0
2024-09-14,Microsoft,Storage Accounts,West Europe,-4.3e-06,-0.001,1,-4.3e-06,0,1.0
2024-09-14,AWS,AmazonCloudWatch,South America (Sao Paulo),0.0,151.0,0,0.0,0,1.0
2024-09-14,AWS,Amazon Redshift,US East (N. Virginia),0.0,0.003738,1,0.0,0,1.0
2024-09-14,AWS,AWS CloudTrail,Asia Pacific (Sydney),0.0,6.0,0,0.0,0,1.0
2024-09-14,Microsoft,Virtual Network,Central US,-0.096,-24.0,1,-0.096,0,1.0
2024-09-14,Microsoft,Storage Accounts,West US,0.9383046060165892,24.356215000000002,8,0.362198496,1,2.5905811768378775
2024-09-14,AWS,AmazonCloudWatch,Asia Pacific (Sydney),0.0,6.0,0,0.0,0,1.0
2024-09-14,AWS,Amazon Elastic Container Service for Kubernetes,US West (Oregon),0.0,3.0,3,0.0,0,1.0
2024-09-14,AWS,Amazon Simple Queue Service,US West (Oregon),0.0,2144.0000234618,31,0.0,0,1.0
2024-09-14,Microsoft,Virtual Machine Scale Sets,East US,-0.00021115364,-0.006207270547747,3,-0.00021115364,0,1.0
2024-09-14,AWS,Amazon Relational Database Service,Asia Pacific (Singapore),0.0,4.0000004247,1,0.0,0,1.0
2024-09-14,AWS,Amazon Elastic Compute Cloud,EU (Ireland),0.0,0.027777945499999998,3,0.0,0,1.0
2024-09-14,AWS,Amazon Elastic Compute Cloud,US East (N. Virginia),81.04799523673759,113.7278475363,509,24.0,1,3.376999801530733
2024-09-14,AWS,Amazon Virtual Private Cloud,Asia Pacific (Sydney),0.0,1.0,1,0.0,0,1.0
2024-09-14,AWS,Amazon Elastic Container Service for Kubernetes,US East (Ohio),0.0,2.0,1,0.0,0,1.0
2024-09-14,AWS,AWS CloudTrail,EU (Ireland),0.0,6.0,0,0.0,0,1.0
2024-09-14,AWS,Amazon Virtual Private Cloud,US West (Oregon),0.0,70.3533653214,90,0.0,0,1.0
2024-09-14,AWS,AmazonCloudWatch,Asia Pacific (Tokyo),0.0,12.0,0,0.0,0,1.0
2024-09-14,AWS,Amazon Elastic Compute Cloud,EU (Frankfurt),5.0,14.2442986266,67,5.0,0,1.0
2024-09-14,AWS,Amazon Simple Queue Service,US East (N. Virginia),0.0,574.0,2,0.0,0,1.0
2024-09-14,AWS,Amazon Relational Database Service,EU (Ireland),0.0,1.0000003204,1,0.0,0,1.0
2024-09-14,Microsoft,Virtual Network,East US,0.0,0.0,2,0.0,0,1.0
2024-09-14,AWS,Amazon Virtual Private Cloud,US West (N. California),0.0,2.0,2,0.0,0,1.0
2024-09-14,AWS,Amazon Relational Database Service,External,0.0,4.85579e-05,16,0.0,0,1.0
2024-09-14,AWS,Amazon Virtual Private Cloud,Asia Pacific (Tokyo),0.0,4.0,4,0.0,0,1.0
2024-09-14,AWS,AmazonCloudWatch,Canada (Central),0.0,3.0,0,0.0,0,1.0
2024-09-14,AWS,Amazon Elastic File System,US East (N. Virginia),0.0,0.0116868761,1,0.0,0,1.0
2024-09-14,AWS,Amazon Simple Queue Service,EU (Stockholm),0.0,4.0,0,0.0,0,1.0
2024-09-14,AWS,Amazon Elastic Compute Cloud,Canada (Central),0.0,0.1666666667,1,0.0,0,1.0
2024-09-14,AWS,AWS CloudTrail,Asia Pacific (Seoul),0.0,6.0,0,0.0,0,1.0
2024-09-14,AWS,Amazon Elastic Container Service,US West (Oregon),0.0,57.5741982632,132,0.0,0,1.0
2024-09-14,AWS,Amazon Virtual Private Cloud,EU (Frankfurt),0.0,4.0,4,0.0,0,1.0
2024-09-14,AWS,AWS CloudTrail,Asia Pacific (Singapore),0.0,606.0,0,0.0,0,1.0
2024-09-14,AWS,AWS CloudTrail,US West (N. California),0.0,6.0,0,0.0,0,1.0
2024-09-14,AWS,AmazonCloudWatch,Asia Pacific (Singapore),0.0,6.0,0,0.0,0,1.0
2024-09-14,AWS,Amazon Elastic Compute Cloud,EU (London),0.0,3.1061702561,16,0.0,0,1.0
2024-09-14,AWS,Amazon Simple Storage Service,US West (Oregon),0.0,195.07399892659998,0,0.0,0,1.0
2024-09-14,AWS,Amazon Elastic Compute Cloud,External,0.0,164.5556094506,416,0.0,0,1.0
2024-09-14,AWS,Amazon Elastic File System,US East (Ohio),0.0,0.0006645838,1,0.0,0,1.0
2024-09-14,AWS,Amazon Elastic Compute Cloud,Europe (Zurich),0.0,0.1666666667,1,0.0,0,1.0
2024-09-14,AWS,Amazon Elastic File System,US West (Oregon),0.0,1.6172474172,4,0.0,0,1.0
2024-09-14,AWS,AWS CloudTrail,US East (N. Virginia),0.0,1054.0,0,0.0,0,1.0
2024-09-14,AWS,AWS CloudTrail,Canada (Central),0.0,7.0,0,0.0,0,1.0
2024-09-14,AWS,Amazon Simple Storage Service,US West (N. California),0.0,1.0279641508,0,0.0,0,1.0
2024-09-14,Microsoft,Virtual Machines,West US,3.0208559718690884,0.033336,1,0.19601568,1,3.1467340833438664
2024-09-14,AWS,AWS CloudTrail,EU (Frankfurt),0.0,6.0,0,0.0,0,1.0
2024-09-14,AWS,Amazon Elastic Compute Cloud,EU (Stockholm),0.0,1.2278030556000001,4,0.0,0,1.0
2024-09-14,AWS,Amazon Simple Storage Service,US East (Ohio),0.0,31.0000009192,0,0.0,0,1.0
2024-09-14,AWS,Amazon Elastic File System,EU (Frankfurt),0.0,0.3758446164,1,0.0,0,1.0
2024-09-14,AWS,AmazonCloudWatch,Asia Pacific (Osaka),0.0,239.0,0,0.0,0,1.0
2024-09-14,AWS,AmazonCloudWatch,Any,0.0,0.0041666667,0,0.0,0,1.0
2024-09-14,AWS,AWS CloudTrail,Asia Pacific (Tokyo),0.0,6.0,0,0.0,0,1.0
2024-09-14,AWS,Amazon Virtual Private Cloud,Asia Pacific (Mumbai),0.0,6.0,6,0.0,0,1.0
2024-09-14,AWS,Amazon Virtual Private Cloud,Asia Pacific (Singapore),0.0,3.0,3,0.0,0,1.0
2024-09-14,AWS,Amazon Simple Storage Service,EU (Frankfurt),0.0,14.0000091093,0,0.0,0,1.0
2024-09-14,AWS,Amazon Virtual Private Cloud,External,0.0,6.0332e-06,9,0.0,0,1.0
2024-09-14,AWS,Amazon Elastic Compute Cloud,South America (Sao Paulo),0.0,0.116666704,5,0.0,0,1.0
2024-09-14,AWS,Amazon GuardDuty,US West (N. California),0.0,44.0,0,0.0,0,1.0
2024-09-14,AWS,Amazon Simple Storage Service,EU (Paris),0.0,0.0015510559,0,0.0,0,1.0
2024-09-14,AWS,Amazon Relational Database Service,US East (Ohio),0.0,5483.0284361402,5,0.0,0,1.0
2024-09-14,AWS,AmazonCloudWatch,Africa (Cape Town),0.0,151.0,0,0.0,0,1.0
2024-09-14,AWS,AWS CloudTrail,US East (Ohio),0.0,6.0,0,0.0,0,1.0
2024-09-14,Microsoft,Virtual Machines,South Central US,0.003673315831654835,0.001614356413484,1,3.228713e-05,1,3.3142226570003337
2024-09-14,AWS,Amazon Elastic Compute Cloud,EU (Paris),0.0,0.310140926,3,0.0,0,1.0
2024-09-14,AWS,Amazon GuardDuty,South America (Sao Paulo),0.0,44.0,0,0.0,0,1.0
2024-09-14,AWS,Amazon Simple Storage Service,US East (N. Virginia),0.0,553.1482699862,0,0.0,0,1.0
2024-09-14,Microsoft,Storage Accounts,West US 2,-5.9745999999999993e-05,0.000686,9,-5.9745999999999993e-05,0,1.0
2024-09-14,Microsoft,Virtual Machines,West US 2,30.600121430886556,23.966664,2,9.00261888,1,3.3990244215343877
2024-09-14,AWS,Amazon Elastic Compute Cloud,Asia Pacific (Tokyo),0.0,1.9642202882,39,0.0,0,1.0
2024-09-14,Microsoft,Virtual Machines,UK West,0.21268368,0.033336,1,0.21268368,0,1.0
2024-09-14,AWS,Amazon Simple Notification Service,US West (Oregon),0.0,9.0000040941,1,0.0,0,1.0
2024-09-14,AWS,Amazon Elastic Compute Cloud,Asia Pacific (Osaka),0.0,0.3333333334,2,0.0,0,1.0
2024-09-14,AWS,Amazon Route 53,unknown,0.0,120.0,10,0.0,0,1.0
2024-09-14,Microsoft,Storage Accounts,UK West,0.0907343424,1.9643519999999999,2,0.0907343424,0,1.0
2024-09-14,AWS,AWS CloudTrail,Asia Pacific (Mumbai),0.0,10.0,0,0.0,0,1.0
2024-09-14,AWS,AmazonCloudWatch,EU (Stockholm),0.0,243.0222264653,1,0.0,0,1.0
2024-09-14,AWS,Amazon Elastic Compute Cloud,Asia Pacific (Singapore),5.0,4.8859279994,29,5.0,0,1.0
2024-09-14,AWS,AmazonCloudWatch,EU (London),0.0,659.0,0,0.0,0,1.0
2024-09-14,AWS,Amazon Simple Email Service,External,0.0,2.7195e-06,0,0.0,0,1.0
2024-09-14,AWS,AWS Data Transfer,US West (N. California),0.0,0.0,0,0.0,0,1.0
2024-09-14,AWS,Amazon Simple Notification Service,Asia Pacific (Sydney),0.0,4.0,0,0.0,0,1.0
2024-09-14,AWS,Amazon Virtual Private Cloud,EU (Stockholm),0.0,1.0,1,0.0,0,1.0
2024-09-14,AWS,Amazon Simple Notification Service,External,0.0,1.9586e-06,1,0.0,0,1.0
2024-09-14,AWS,AmazonCloudWatch,EU (Frankfurt),0.0,15.011112452199999,2,0.0,0,1.0
2024-09-14,AWS,Amazon Elastic Container Service,EU (Ireland),0.0,0.7500003726,4,0.0,0,1.0
2024-09-14,AWS,Amazon Simple Email Service,US West (Oregon),0.0,2.1309e-06,0,0.0,0,1.0
2024-09-14,Oracle,COMPUTE,us-sanjose-1,2.0,1056.0,2,2.0,0,1.0
2024-09-14,AWS,Amazon Elastic Compute Cloud,Asia Pacific (Seoul),0.0,0.3333333334,2,0.0,0,1.0
2024-09-14,AWS,AmazonCloudWatch,EU (Paris),0.0,235.0,0,0.0,0,1.0
2024-09-14,Oracle,NETWORK,us-sanjose-1,0.0,0.00033551454499999996,6,0.0,0,1.0
2024-09-14,AWS,AWS Data Transfer,US West (Oregon),0.0,0.0,0,0.0,0,1.0
2024-09-14,AWS,Amazon Simple Notification Service,US East (N. Virginia),0.0,4.0,0,0.0,0,1.0
2024-09-14,AWS,Amazon Simple Notification Service,Asia Pacific (Osaka),0.0,8.0,0,0.0,0,1.0
2024-09-14,Microsoft,Virtual Machines,East US,1.28003140077,64.00157003849745,4,1.28003140077,0,1.0
2024-09-14,AWS,Amazon Virtual Private Cloud,US East (N. Virginia),0.0,37.815283,56,0.0,0,1.0
2024-09-14,AWS,Amazon Elastic Compute Cloud,US West (N. California),0.0,19.3572492205,13,0.0,0,1.0
2024-09-14,AWS,Amazon Elastic Container Service,External,0.0,0.3864400778,29,0.0,0,1.0
2024-09-14,AWS,AWS Data Transfer,US East (N. Virginia),0.0,0.0,0,0.0,0,1.0
2024-09-14,AWS,Amazon Simple Notification Service,Asia Pacific (Singapore),0.0,4.0,0,0.0,0,1.0
2024-09-14,AWS,Amazon Relational Database Service,US West (Oregon),0.0,8.9677340764,16,0.0,0,1.0
2024-09-14,AWS,Amazon Elastic Compute Cloud,US East (Ohio),0.0,5.695054833,43,0.0,0,1.0
2024-09-14,AWS,Amazon Elastic Container Service,US East (N. Virginia),0.0,4.1e-08,1,0.0,0,1.0
2024-09-14,AWS,Amazon Elastic Compute Cloud,Asia Pacific (Mumbai),0.0,4.6128867063,58,0.0,0,1.0
2024-09-14,AWS,Amazon Virtual Private Cloud,EU (Ireland),0.0,1.0,1,0.0,0,1.0
2024-09-14,AWS,Amazon Simple Notification Service,EU (Paris),0.0,4.0,0,0.0,0,1.0
2024-09-14,AWS,AWS CloudTrail,EU (Stockholm),0.0,122.0,0,0.0,0,1.0
2024-09-14,AWS,AWS CloudTrail,Asia Pacific (Osaka),0.0,24.0,0,0.0,0,1.0
2024-09-14,Oracle,OKE_CONTROL_PLANE,us-sanjose-1,0.0,1.0,1,0.0,0,1.0
2024-09-14,AWS,Amazon Elastic Compute Cloud,US West (Oregon),1.0,17704.8192015875,256,1.0,0,1.0
2024-09-14,Oracle,BLOCK_STORAGE,us-sanjose-1,0.0,0.883838859021,5,0.0,0,1.0
2024-09-14,AWS,Amazon Virtual Private Cloud,South America (Sao Paulo),0.0,2.0,2,0.0,0,1.0
2024-09-14,Microsoft,Virtual Network,West US 2,0.096,24.0,1,0.096,0,1.0
2024-09-14,AWS,Amazon Virtual Private Cloud,US East (Ohio),0.0,6.0,6,0.0,0,1.0
2024-09-14,AWS,Amazon Elastic Compute Cloud,Asia Pacific (Sydney),0.0,2.0683006704999998,26,0.0,0,1.0
2024-09-14,AWS,Amazon Elastic Container Registry Public,US East (N. Virginia),0.0,0.0054844884,1,0.0,0,1.0
2024-09-14,Microsoft,Virtual Network,West US,-0.12,-24.0,1,-0.12,0,1.0
2024-09-14,AWS,AmazonCloudWatch,EU (Ireland),0.0,6.0000311583000006,1,0.0,0,1.0
2024-09-14,Microsoft,Virtual Machines,Central US,-0.65705256,-0.033336,1,-0.65705256,0,1.0
2024-09-14,AWS,AWS CloudTrail,EU (London),0.0,6.0,0,0.0,0,1.0
2024-09-14,Microsoft,Storage Accounts,Southeast Asia,-2.4e-06,-0.0006,1,-2.4e-06,0,1.0
2024-09-15,AWS,Amazon Elastic Container Registry Public,US East (N. Virginia),0.0,0.2366640414,1,0.0,0,1.0
2024-09-15,AWS,Amazon Virtual Private Cloud,Asia Pacific (Mumbai),0.0,3.46638995,5,0.0,0,1.0
2024-09-15,AWS,AWS Lambda,US East (N. Virginia),0.0,401.71075,1,0.0,0,1.0
2024-09-15,Microsoft,App Configuration,West Central US,0.0,1.0,1,0.0,0,1.0
2024-09-15,AWS,Amazon Virtual Private Cloud,Africa (Cape Town),0.0,1.0,1,0.0,0,1.0
2024-09-15,AWS,Amazon CloudFront,US East (N. Virginia),0.0,1.0,1,0.0,0,1.0
2024-09-15,AWS,Elastic Load Balancing,EU (Stockholm),0.0,1.99601e-05,7,0.0,0,1.0
2024-09-15,AWS,AWS CloudTrail,EU (Frankfurt),0.0,12.0,0,0.0,0,1.0
2024-09-15,AWS,Amazon Virtual Private Cloud,EU (Stockholm),0.0,5.0,5,0.0,0,1.0
2024-09-15,AWS,Amazon Elastic File System,EU (Ireland),0.0,1.06123e-05,1,0.0,0,1.0
2024-09-15,AWS,Amazon Elastic Container Service,EU (Ireland),0.0,0.5000001491,3,0.0,0,1.0
2024-09-15,AWS,Amazon Virtual Private Cloud,EU (Frankfurt),0.0,1.0,1,0.0,0,1.0
2024-09-15,AWS,Amazon Virtual Private Cloud,EU (London),0.0,3.0,3,0.0,0,1.0
2024-09-15,Microsoft,Virtual Machines,South Central US,1.077653914658965,24.011779122054577,1,0.48102478362,1,2.2403292956112844
2024-09-15,AWS,Amazon CloudFront,Japan,0.0,0.0017436147,1,0.0,0,1.0
2024-09-15,AWS,Amazon Elastic Container Service,US West (Oregon),0.0,7.5733597849,122,0.0,0,1.0
2024-09-15,AWS,Amazon Elastic Container Service for Kubernetes,Asia Pacific (Singapore),0.0,1.0,1,0.0,0,1.0
2024-09-15,Microsoft,Virtual Machines,North Central US,0.002582124839540787,0.014238372445106,1,0.00123711935,1,2.0872075435088675
2024-09-15,AWS,Elastic Load Balancing,US East (N. Virginia),0.0,0.3211489088,10,0.0,0,1.0
2024-09-15,AWS,Amazon Virtual Private Cloud,Asia Pacific (Tokyo),0.0,4.300833,5,0.0,0,1.0
2024-09-15,AWS,Elastic Load Balancing,US East (Ohio),0.0,0.0047453716,11,0.0,0,1.0
2024-09-15,AWS,Amazon Virtual Private Cloud,EU (Ireland),0.0,1.0,1,0.0,0,1.0
2024-09-15,AWS,AWS CloudTrail,EU (London),0.0,166.0,0,0.0,0,1.0
2024-09-15,AWS,Amazon Elastic Container Service for Kubernetes,US East (N. Virginia),1.0,1.0,1,1.0,0,1.0
2024-09-15,AWS,AWS CloudTrail,EU (Ireland),0.0,12.0,0,0.0,0,1.0
2024-09-15,AWS,Amazon CloudFront,India,0.0,10.0,2,0.0,0,1.0
2024-09-15,AWS,Amazon Elastic Container Service,External,0.0,0.5325455357,23,0.0,0,1.0
2024-09-15,AWS,Amazon CloudFront,South Africa,0.0,4.0,1,0.0,0,1.0
2024-09-15,Microsoft,Storage Accounts,East Asia,-0.3216,-24.000006,1,-0.3216,0,1.0
2024-09-15,AWS,Amazon CloudFront,External,0.0,0.3553758971,1,0.0,0,1.0
2024-09-15,AWS,AWS Key Management Service,US West (Oregon),0.0,216.0027777778,4,0.0,0,1.0
2024-09-15,AWS,Elastic Load Balancing,External,0.0,0.059578441,87,0.0,0,1.0
2024-09-15,AWS,Amazon Elastic Container Service for Kubernetes,US West (Oregon),0.0,1.0,1,0.0,0,1.0
2024-09-15,AWS,Amazon Virtual Private Cloud,Asia Pacific (Singapore),0.0,1.0,1,0.0,0,1.0
2024-09-15,Microsoft,Storage Accounts,Central US,0.01028353440126746,0.259596,10,0.0045562832,1,2.2570007064678204
2024-09-15,AWS,Amazon CloudFront,Europe,0.0,210.0001166658,8,0.0,0,1.0
2024-09-15,Microsoft,Virtual Machines,East US 2,0.1600128,0.033336,1,0.1600128,0,1.0
2024-09-15,Microsoft,Virtual Machines,East US,3.4001542387681862,0.033336,1,0.0100008,1,2.656305334949464
2024-09-15,AWS,Amazon Elastic File System,Asia Pacific (Singapore),1.0,7.4753806432,1,1.0,0,1.0
2024-09-15,AWS,Elastic Load Balancing,US West (Oregon),0.0,11.440390756400001,70,0.0,0,1.0
2024-09-15,AWS,AWS Lambda,External,0.0,0.6274763514,0,0.0,0,1.0
2024-09-15,AWS,Amazon Simple Storage Service,EU (Frankfurt),0.0,60.0000001304,0,0.0,0,1.0
2024-09-15,AWS,Amazon Elastic File System,US West (Oregon),0.0,0.0099219683,3,0.0,0,1.0
2024-09-15,AWS,Amazon Simple Notification Service,US West (Oregon),0.0,15.000079984700001,5,0.0,0,1.0
2024-09-15,AWS,AWS Secrets Manager,US West (N. California),0.0,0.0013888889,0,0.0,0,1.0
2024-09-15,Microsoft,Azure SQL Database,West US 2,-0.48387096774,-0.032258064516129,1,-0.48387096774,0,1.0
2024-09-15,AWS,AWS Step Functions,Canada (Central),0.0,1.49e-07,0,0.0,0,1.0
2024-09-15,Oracle,COMPUTE,us-phoenix-1,0.0,8.0,1,0.0,0,1.0
2024-09-15,AWS,AWS Step Functions,EU (Frankfurt),0.0,1.49e-07,0,0.0,0,1.0
2024-09-15,AWS,Amazon Relational Database Service,US West (Oregon),1.0,20.2315625356,24,1.0,0,1.0
2024-09-15,Microsoft,Azure SQL Database,East US,13.756415722991218,0.032258064516129,1,0.48387096774,1,2.8687887310208575
2024-09-15,AWS,Amazon Simple Queue Service,Asia Pacific (Singapore),0.0,4.0,0,0.0,0,1.0
2024-09-15,AWS,AWS CloudTrail,Asia Pacific (Osaka),0.0,18.0,0,0.0,0,1.0
2024-09-15,Microsoft,Azure SQL Database,Central US,-0.161,-1.000000000000001,1,-0.161,0,1.0
2024-09-15,AWS,AWS Secrets Manager,US East (Ohio),0.0,5.0,2,0.0,0,1.0
2024-09-15,AWS,Amazon Relational Database Service,US East (Ohio),0.0,1.0008870951,4,0.0,0,1.0
2024-09-15,AWS,Amazon Simple Queue Service,EU (Ireland),0.0,4.0,0,0.0,0,1.0
2024-09-15,AWS,Amazon Relational Database Service,US East (N. Virginia),0.0,0.0069447275,2,0.0,0,1.0
2024-09-15,AWS,Amazon Route 53,unknown,0.0,215.0,14,0.0,0,1.0
2024-09-15,Microsoft,Azure Synapse Analytics,East US 2,-0.4035010188,-11.973324,1,-0.4035010188,0,1.0
2024-09-15,Microsoft,Load Balancer,East US,0.0,0.0,2,0.0,0,1.0
2024-09-15,AWS,Amazon Simple Email Service,External,0.0,1.8151e-06,0,0.0,0,1.0
2024-09-15,Microsoft,Key Vault,West US,0.012624149246861296,0.0007,1,2.1e-05,1,3.085080461109799
2024-09-15,AWS,Amazon Simple Notification Service,Canada (Central),0.0,4.0,0,0.0,0,1.0
2024-09-15,Microsoft,Key Vault,Global,-1.6e-05,-0.0007999999999999999,2,-1.6e-05,0,1.0
2024-09-15,AWS,Amazon Simple Notification Service,Asia Pacific (Tokyo),0.0,4.0,0,0.0,0,1.0
2024-09-15,AWS,AWS Security Hub,US East (N. Virginia),0.0,220.0,1,0.0,0,1.0
2024-09-15,AWS,AWS Backup,US West (Oregon),0.0,4.13842e-05,1,0.0,0,1.0
2024-09-15,AWS,Amazon Simple Notification Service,Asia Pacific (Sydney),0.0,8.0,0,0.0,0,1.0
2024-09-15,AWS,Amazon Simple Queue Service,EU (London),0.0,4.0,0,0.0,0,1.0
2024-09-15,Microsoft,Key Vault,East US 2,1.8e-05,0.0006,1,1.8e-05,0,1.0
2024-09-15,AWS,Amazon Simple Notification Service,Asia Pacific (Singapore),0.0,4.0,0,0.0,0,1.0
2024-09-15,AWS,AWS Step Functions,Asia Pacific (Mumbai),0.0,1.14553e-05,0,0.0,0,1.0
2024-09-15,AWS,AWS Step Functions,Asia Pacific (Seoul),0.0,1.15139e-05,0,0.0,0,1.0
2024-09-15,AWS,AWS CloudTrail,Africa (Cape Town),0.0,279.0,0,0.0,0,1.0
2024-09-15,Microsoft,Event Grid,East US 2,-3.66e-05,-0.00061,1,-3.66e-05,0,1.0
2024-09-15,AWS,Amazon Simple Notification Service,US East (N. Virginia),0.0,8.0,0,0.0,0,1.0
2024-09-15,AWS,Amazon Simple Notification Service,US West (N. California),0.0,4.0,0,0.0,0,1.0
2024-09-15,AWS,Amazon Simple Notification Service,External,0.0,2.89612e-05,3,0.0,0,1.0
2024-09-15,AWS,AWS Step Functions,US West (Oregon),0.0,12.010119088,2,0.0,0,1.0
2024-09-15,AWS,AWS CloudTrail,Asia Pacific (Seoul),0.0,25.0,0,0.0,0,1.0
2024-09-15,Microsoft,Virtual Network,East US 2,0.12,24.0,1,0.12,0,1.0
2024-09-15,AWS,Amazon GuardDuty,US West (N. California),0.0,46.0,0,0.0,0,1.0
2024-09-15,Microsoft,Azure Data Factory,East US,1e-05,2e-05,1,1e-05,0,1.0
2024-09-15,Microsoft,Virtual Machines,West US 2,28.945555884931427,24.033336,2,11.27232768,1,2.567841949474931
2024-09-15,AWS,Amazon API Gateway,US West (Oregon),0.0,52304.0026427806,2,0.0,0,1.0
2024-09-15,Microsoft,Storage Accounts,Canada Central,2.772099880146586e-05,0.0006,1,2.16e-07,1,2.3100832334554884
2024-09-15,AWS,Amazon GuardDuty,US East (N. Virginia),0.0,0.1240001889,0,0.0,0,1.0
2024-09-15,AWS,Amazon Simple Storage Service,External,0.0,0.0048246058,0,0.0,0,1.0
2024-09-15,AWS,AWS CloudTrail,Asia Pacific (Sydney),0.0,561.0,0,0.0,0,1.0
2024-09-15,AWS,Amazon Simple Storage Service,US East (N. Virginia),0.0,170.2268447749,0,0.0,0,1.0
2024-09-15,AWS,AWS Lambda,US East (Ohio),0.0,82.4716526028,7,0.0,0,1.0
2024-09-15,Microsoft,Azure App Service,South Central US,7.200008004,24.032348,3,7.200008004,0,1.0
2024-09-15,AWS,Amazon Simple Storage Service,US East (Ohio),0.0,24.0,0,0.0,0,1.0
2024-09-15,Microsoft,Virtual Machines,West US,12.330239705265836,2.066672,3,4.72170784,1,2.611394038574364
2024-09-15,Microsoft,Storage Accounts,Canada East,-2.4e-06,-0.0005939999999999999,1,-2.4e-06,0,1.0
2024-09-15,Microsoft,Azure App Service,Central US,-1.44,-23.967744,2,-1.44,0,1.0
2024-09-15,AWS,AWS CloudTrail,Canada (Central),0.0,12.0,0,0.0,0,1.0
2024-09-15,AWS,Amazon CloudFront,Asia Pacific,0.0,12.0,3,0.0,0,1.0
2024-09-15,AWS,Amazon Simple Storage Service,US West (Oregon),0.0,273.0036017178,0,0.0,0,1.0
2024-09-15,AWS,Amazon Lightsail,Global,0.0,0.0039930055,1,0.0,0,1.0
2024-09-15,Microsoft,Azure Data Factory,West US 2,1e-05,2e-05,1,1e-05,0,1.0
2024-09-15,AWS,Amazon Simple Queue Service,EU (Stockholm),0.0,4.0,0,0.0,0,1.0
2024-09-15,AWS,AWS Systems Manager,US East (N. Virginia),0.0,1382.0,0,0.0,0,1.0
2024-09-15,AWS,Amazon Relational Database Service,External,0.0,1.8253899999999998e-05,14,0.0,0,1.0
2024-09-15,Microsoft,Azure Machine Learning,East US 2,0.55152319599,7.017890001810371,2,0.55152319599,0,1.0
2024-09-15,Microsoft,Virtual Network,East US,0.36,72.0,3,0.36,0,1.0
2024-09-15,AWS,Amazon Simple Queue Service,US East (N. Virginia),0.0,117.0,2,0.0,0,1.0
2024-09-15,AWS,AWS CloudTrail,Asia Pacific (Singapore),0.0,88.0,0,0.0,0,1.0
2024-09-15,AWS,Amazon Location Service,Asia Pacific (Sydney),0.0,1.0,0,0.0,0,1.0
2024-09-15,AWS,AWS Systems Manager,US West (Oregon),0.0,3807.0,0,0.0,0,1.0
2024-09-15,AWS,Amazon Relational Database Service,EU (Frankfurt),0.0,1.0617e-06,1,0.0,0,1.0
2024-09-15,Microsoft,SQL Database,West US 2,8.4375,22.5,1,8.4375,0,1.0
2024-09-15,AWS,Amazon Relational Database Service,Asia Pacific (Tokyo),0.0,9.10653e-05,1,0.0,0,1.0
2024-09-15,AWS,AWS Lambda,US West (Oregon),0.0,3462.2205180071996,15,0.0,0,1.0
2024-09-15,AWS,Amazon Simple Queue Service,US West (Oregon),0.0,4309.0000127963,17,0.0,0,1.0
2024-09-15,AWS,AWS WAF,Any,0.0,115.0013888889,2,0.0,0,1.0
2024-09-15,AWS,Amazon Location Service,EU (Frankfurt),0.0,1.0,0,0.0,0,1.0
2024-09-15,Microsoft,Azure Kubernetes Service,East US,5.229008346480001,95.77328346477168,3,5.229008346480001,0,1.0
2024-09-15,AWS,Amazon Virtual Private Cloud,External,0.0,1.4119e-06,10,0.0,0,1.0
2024-09-15,AWS,Amazon Simple Notification Service,EU (Frankfurt),0.0,4.0,0,0.0,0,1.0
2024-09-15,AWS,Amazon DynamoDB,US East (N. Virginia),0.0,9.0,5,0.0,0,1.0
2024-09-15,AWS,Amazon EC2 Container Registry (ECR),EU (Stockholm),0.0,0.0003031469,3,0.0,0,1.0
2024-09-15,AWS,Amazon Elastic Compute Cloud,Asia Pacific (Seoul),0.0,0.1,1,0.0,0,1.0
2024-09-15,AWS,AWS CloudTrail,US West (Oregon),0.0,54.0,0,0.0,0,1.0
2024-09-15,AWS,Elastic Load Balancing,Asia Pacific (Tokyo),0.0,0.0059094559,2,0.0,0,1.0
2024-09-15,Microsoft,Storage Accounts,North Central US,0.00025601234359229986,0.14179999999999998,2,8.784e-05,1,2.9145303232274573
2024-09-15,AWS,AmazonCloudWatch,Any,0.0,0.006944444500000001,0,0.0,0,1.0
2024-09-15,Microsoft,Storage Accounts,East US 2,-0.000558784,-0.0034000000000000002,3,-0.000558784,0,1.0
2024-09-15,AWS,AmazonCloudWatch,US East (N. Virginia),0.0,4474.0024750383,2,0.0,0,1.0
2024-09-15,AWS,Amazon Elastic Compute Cloud,Canada (Central),0.0,0.1,1,0.0,0,1.0
2024-09-15,AWS,AmazonCloudWatch,Canada (Central),0.0,3.0,0,0.0,0,1.0
2024-09-15,AWS,Amazon CloudFront,US West (Oregon),0.0,2.035,2,0.0,0,1.0
2024-09-15,AWS,AmazonCloudWatch,US East (Ohio),0.0,129.0732576553,13,0.0,0,1.0
2024-09-15,AWS,Amazon Virtual Private Cloud,US West (Oregon),0.0,58.5286402999,90,0.0,0,1.0
2024-09-15,AWS,Elastic Load Balancing,EU (Frankfurt),0.0,0.0070756004,10,0.0,0,1.0
2024-09-15,AWS,Amazon Elastic Compute Cloud,Asia Pacific (Mumbai),0.0,6.8089399216,57,0.0,0,1.0
2024-09-15,AWS,AWS Key Management Service,EU (Frankfurt),0.0,0.0013888889,1,0.0,0,1.0
2024-09-15,AWS,Amazon Elastic Compute Cloud,South America (Sao Paulo),0.0,3.3206799519,11,0.0,0,1.0
2024-09-15,Microsoft,Virtual Machine Scale Sets,East US,-0.43112680698,-2.694608072391687,4,-0.43112680698,0,1.0
2024-09-15,AWS,AmazonCloudWatch,EU (Stockholm),0.0,123.02222222220001,2,0.0,0,1.0
2024-09-15,AWS,AmazonCloudWatch,US West (Oregon),0.0,2337.6263819496,161,0.0,0,1.0
2024-09-15,AWS,Amazon DynamoDB,EU (Stockholm),0.0,1.0,1,0.0,0,1.0
2024-09-15,AWS,Amazon Virtual Private Cloud,US West (N. California),0.0,2.0,2,0.0,0,1.0
2024-09-15,AWS,Amazon Elastic Compute Cloud,US East (N. Virginia),-31.0,74.2314420384,408,-31.0,0,1.0
2024-09-15,AWS,Amazon Elastic Compute Cloud,Asia Pacific (Tokyo),0.0,5.1819460348,51,0.0,0,1.0
2024-09-15,AWS,AmazonCloudWatch,EU (Frankfurt),0.0,18.0111111111,1,0.0,0,1.0
2024-09-15,AWS,AmazonCloudWatch,Asia Pacific (Tokyo),0.0,6.0,0,0.0,0,1.0
2024-09-15,AWS,Amazon EC2 Container Registry (ECR),US East (N. Virginia),0.0,0.0014689642,4,0.0,0,1.0
2024-09-15,AWS,CloudWatch Events,EU (Stockholm),0.0,13.0,0,0.0,0,1.0
2024-09-15,AWS,AWS Key Management Service,US East (N. Virginia),0.0,0.0013888889,1,0.0,0,1.0
2024-09-15,Microsoft,Storage Accounts,Korea Central,5.256e-06,0.0146,1,5.256e-06,0,1.0
2024-09-15,AWS,Amazon EC2 Container Registry (ECR),EU (Frankfurt),0.0,0.0004879833,1,0.0,0,1.0
2024-09-15,AWS,Amazon Elastic Compute Cloud,Asia Pacific (Osaka),0.0,0.3333333334,2,0.0,0,1.0
2024-09-15,AWS,AWS CloudTrail,US East (Ohio),0.0,18.0,0,0.0,0,1.0
2024-09-15,AWS,AmazonCloudWatch,Asia Pacific (Seoul),0.0,6.0,0,0.0,0,1.0
2024-09-15,AWS,Amazon Elastic Compute Cloud,EU (London),0.0,2.6253940523,17,0.0,0,1.0
2024-09-15,AWS,Amazon Elastic Compute Cloud,EU (Paris),0.0,0.003866775,1,0.0,0,1.0
2024-09-15,AWS,CloudWatch Events,US East (Ohio),0.0,38.0,0,0.0,0,1.0
2024-09-15,Microsoft,Storage Accounts,France Central,2.2e-05,0.0011,1,2.2e-05,0,1.0
2024-09-15,AWS,Amazon EC2 Container Registry (ECR),Asia Pacific (Singapore),0.0,9.0791e-05,1,0.0,0,1.0
2024-09-15,Microsoft,Storage Accounts,West US 2,5.5628e-05,0.016809,11,5.5628e-05,0,1.0
2024-09-15,AWS,AWS Data Transfer,US West (Oregon),0.0,0.0,0,0.0,0,1.0
2024-09-15,Microsoft,Storage Accounts,UK West,3.0584000000000004e-05,-0.00019999999999999993,2,3.0584000000000004e-05,0,1.0
2024-09-15,AWS,AmazonCloudWatch,Asia Pacific (Osaka),0.0,15.0,0,0.0,0,1.0
2024-09-15,Microsoft,Storage Accounts,South Central US,1.1252214367490406e-05,0.0014,2,5.04e-07,1,2.140832261699088
2024-09-15,AWS,Amazon DynamoDB,US West (Oregon),0.0,1992.0040256246,8,0.0,0,1.0
2024-09-15,Microsoft,Storage Accounts,West US,0.010078494,0.15559499999999998,9,0.010078494,0,1.0
2024-09-15,AWS,Amazon Elastic Compute Cloud,EU (Stockholm),0.0,1.2244145872,9,0.0,0,1.0
2024-09-15,AWS,AmazonCloudWatch,EU (Paris),0.0,1101.0,0,0.0,0,1.0
2024-09-15,AWS,AmazonCloudWatch,Asia Pacific (Sydney),0.0,6.0,0,0.0,0,1.0
2024-09-15,AWS,Amazon EC2 Container Registry (ECR),EU (Ireland),0.0,4.73039e-05,13,0.0,0,1.0
2024-09-15,AWS,AWS CloudTrail,US West (N. California),0.0,354.0,0,0.0,0,1.0
2024-09-15,AWS,AWS CloudTrail,US East (N. Virginia),0.0,545.0,0,0.0,0,1.0
2024-09-15,AWS,AmazonCloudWatch,Asia Pacific (Mumbai),0.0,15.0,0,0.0,0,1.0
2024-09-15,AWS,Amazon Elastic Compute Cloud,EU (Frankfurt),0.0,16.4968441041,79,0.0,0,1.0
2024-09-15,AWS,Amazon Elastic Compute Cloud,External,0.0,67.7348014016,359,0.0,0,1.0
2024-09-15,AWS,Elastic Load Balancing,EU (Ireland),0.0,2.012e-07,1,0.0,0,1.0
2024-09-15,AWS,CloudWatch Events,US West (Oregon),0.0,90.0,0,0.0,0,1.0
2024-09-15,AWS,Amazon Virtual Private Cloud,US East (Ohio),0.0,12.0,11,0.0,0,1.0
2024-09-15,AWS,Amazon Elastic Compute Cloud,Africa (Cape Town),0.0,0.097294504,2,0.0,0,1.0
2024-09-15,Microsoft,Virtual Machines,Central US,2.4792193248046828,0.033354490478396,2,0.65705416867,1,3.77323429790132
2024-09-15,AWS,Amazon Elastic Compute Cloud,Asia Pacific (Singapore),0.0,2.8095804913,21,0.0,0,1.0
2024-09-15,AWS,Amazon Virtual Private Cloud,US East (N. Virginia),0.0,38.657223,53,0.0,0,1.0
2024-09-15,AWS,Amazon Elastic Compute Cloud,US East (Ohio),0.0,6.4891640734,49,0.0,0,1.0
2024-09-15,AWS,AWS Glue,US East (N. Virginia),0.0,0.4388888889,0,0.0,0,1.0
2024-09-15,AWS,Amazon DynamoDB,Asia Pacific (Mumbai),0.0,1.0,1,0.0,0,1.0
2024-09-15,AWS,Amazon DynamoDB,Asia Pacific (Singapore),0.0,5.0,1,0.0,0,1.0
2024-09-15,AWS,Amazon EC2 Container Registry (ECR),US West (Oregon),0.0,0.0003323262,4,0.0,0,1.0
2024-09-15,AWS,AWS Key Management Service,US East (Ohio),0.0,0.006944444500000001,5,0.0,0,1.0
2024-09-15,Microsoft,Storage Accounts,North Europe,0.321600324,24.0009,1,0.321600324,0,1.0
2024-09-15,AWS,Elastic Load Balancing,EU (London),0.0,9.044e-06,1,0.0,0,1.0
2024-09-15,AWS,AmazonCloudWatch,EU (Ireland),0.0,0.000153807,1,0.0,0,1.0
2024-09-15,Microsoft,Storage Accounts,Southeast Asia,-2.16e-07,-0.0006,1,-2.16e-07,0,1.0
2024-09-15,AWS,Amazon ElastiCache,US West (Oregon),0.0,1.0,1,0.0,0,1.0
2024-09-15,AWS,Amazon Elastic Compute Cloud,US West (Oregon),0.0,76.4225215859,254,0.0,0,1.0
2024-09-15,AWS,Amazon EC2 Container Registry (ECR),US West (N. California),0.0,8e-10,1,0.0,0,1.0
2024-09-15,AWS,Amazon Elastic Compute Cloud,US West (N. California),0.0,4.1526694147,9,0.0,0,1.0
2024-09-15,Microsoft,Storage Accounts,East US,-0.00178139,0.051733,83,-0.00178139,0,1.0
2024-09-15,AWS,AWS CloudTrail,EU (Stockholm),0.0,21.0,0,0.0,0,1.0
2024-09-15,AWS,Elastic Load Balancing,EU (Paris),0.0,3.3528e-06,1,0.0,0,1.0
2024-09-15,AWS,Amazon Elastic Compute Cloud,Asia Pacific (Sydney),0.0,0.2760594507,24,0.0,0,1.0
2024-09-15,AWS,AWS CloudTrail,EU (Paris),0.0,149.0,0,0.0,0,1.0
2024-09-15,AWS,Amazon CloudFront,United States,0.0,2858.3919431615,10,0.0,0,1.0
2024-09-15,AWS,AmazonCloudWatch,US West (N. California),0.0,805.0,0,0.0,0,1.0
2024-09-16,AWS,AmazonCloudWatch,US West (N. California),0.0,9.0027826308,1,0.0,0,1.0
2024-09-16,Microsoft,Storage Accounts,North Europe,5.04e-07,0.0014,1,5.04e-07,0,1.0
2024-09-16,Microsoft,Azure Data Factory v2,West US,0.012000000000000004,0.162,3,0.012000000000000004,0,1.0
2024-09-16,AWS,Amazon Simple Queue Service,Canada (Central),0.0,4.0,0,0.0,0,1.0
2024-09-16,AWS,AWS WAF,Any,0.0,0.0027777778,1,0.0,0,1.0
2024-09-16,AWS,CloudWatch Events,External,0.0,1.27703e-05,0,0.0,0,1.0
2024-09-16,AWS,Amazon Elastic Compute Cloud,EU (Ireland),0.0,0.0555555556,1,0.0,0,1.0
2024-09-16,AWS,AmazonCloudWatch,Asia Pacific (Sydney),0.0,6.0,0,0.0,0,1.0
2024-09-16,AWS,Amazon Relational Database Service,US West (Oregon),1.0,20.3088053413,11,1.0,0,1.0
2024-09-16,AWS,Amazon EC2 Container Registry (ECR),EU (Ireland),0.0,3.502e-06,8,0.0,0,1.0
2024-09-16,AWS,Amazon Relational Database Service,Asia Pacific (Singapore),0.0,0.007007310100000001,2,0.0,0,1.0
2024-09-16,AWS,Amazon Simple Queue Service,US West (Oregon),0.0,3337.0000021308,44,0.0,0,1.0
2024-09-16,Microsoft,Storage Accounts,Brazil South,2.3616e-05,0.000288,1,2.3616e-05,0,1.0
2024-09-16,AWS,AWS Step Functions,Asia Pacific (Sydney),0.0,1.16611e-05,0,0.0,0,1.0
2024-09-16,Oracle,COMPUTE,us-phoenix-1,0.0,-11.373888888888999,4,0.0,0,1.0
2024-09-16,Microsoft,Azure Site Recovery,Southeast Asia,0.03016408209,0.67330540380168,1,0.03016408209,0,1.0
2024-09-16,AWS,Amazon Simple Notification Service,US West (Oregon),0.0,46.0000013895,3,0.0,0,1.0
2024-09-16,AWS,Amazon ElastiCache,Asia Pacific (Singapore),0.0,1.0,1,0.0,0,1.0
2024-09-16,AWS,AWS CloudTrail,Asia Pacific (Mumbai),0.0,26.0,0,0.0,0,1.0
2024-09-16,AWS,AWS CloudTrail,Asia Pacific (Sydney),0.0,305.0,0,0.0,0,1.0
2024-09-16,Microsoft,Azure Data Factory,West US,1e-05,2e-05,1,1e-05,0,1.0
2024-09-16,AWS,Amazon Simple Storage Service,EU (Frankfurt),0.0,1873.0000002971,0,0.0,0,1.0
2024-09-16,AWS,Amazon Elastic Compute Cloud,EU (London),0.0,3.4075419326,16,0.0,0,1.0
2024-09-16,AWS,AmazonCloudWatch,EU (Ireland),0.0,0.0001720972,1,0.0,0,1.0
2024-09-16,AWS,AWS Lambda,US West (N. California),0.0,689.6469999999999,1,0.0,0,1.0
2024-09-16,AWS,Amazon Simple Storage Service,Asia Pacific (Tokyo),0.0,37.0,0,0.0,0,1.0
2024-09-16,Microsoft,Load Balancer,East US,-0.53874819994,-11.74963998887688,3,-0.53874819994,0,1.0
2024-09-16,AWS,AWS X-Ray,US West (Oregon),0.0,208.0,0,0.0,0,1.0
2024-09-16,Microsoft,Azure SQL Database,West US 2,4.68951612903,18.516129032258068,3,4.68951612903,0,1.0
2024-09-16,AWS,AWS Data Transfer,US West (Oregon),0.0,0.0,0,0.0,0,1.0
2024-09-16,AWS,AmazonCloudWatch,Asia Pacific (Singapore),0.0,223.0,0,0.0,0,1.0
2024-09-16,Microsoft,Azure Data Factory,West US 2,1e-05,2e-05,1,1e-05,0,1.0
2024-09-16,AWS,Amazon Simple Queue Service,Asia Pacific (Mumbai),0.0,4.0,0,0.0,0,1.0
2024-09-16,AWS,AWS Lambda,US West (Oregon),0.0,7795.8309911927,14,0.0,0,1.0
2024-09-16,AWS,Amazon Location Service,EU (London),0.0,1.0,0,0.0,0,1.0
2024-09-16,Microsoft,Storage Accounts,West US,-0.000166169,24.009626,12,-0.000166169,0,1.0
2024-09-16,AWS,AWS WAF,US West (Oregon),0.0,0.0152777778,1,0.0,0,1.0
2024-09-16,AWS,Amazon EC2 Container Registry (ECR),EU (Frankfurt),0.0,0.0007543326000000001,3,0.0,0,1.0
2024-09-16,Microsoft,SQL Database,West US 2,29.184,96.0,1,29.184,0,1.0
2024-09-16,AWS,AWS Systems Manager,US West (Oregon),0.0,57.0,0,0.0,0,1.0
2024-09-16,AWS,Amazon Simple Notification Service,US East (N. Virginia),0.0,12.0,0,0.0,0,1.0
2024-09-16,AWS,AmazonCloudWatch,Canada (Central),0.0,9.0,0,0.0,0,1.0
2024-09-16,Microsoft,Storage Accounts,West Europe,-8.64e-05,-0.0008,1,-8.64e-05,0,1.0
2024-09-16,AWS,Amazon Relational Database Service,External,0.0,1.3699699999999999e-05,13,0.0,0,1.0
2024-09-16,AWS,AWS CloudTrail,US West (Oregon),0.0,1157.0,0,0.0,0,1.0
2024-09-16,AWS,AWS CloudTrail,Asia Pacific (Seoul),0.0,674.0,0,0.0,0,1.0
2024-09-16,AWS,AWS Secrets Manager,US East (N. Virginia),0.0,20.0,1,0.0,0,1.0
2024-09-16,Microsoft,Azure SQL Database,Central US,-0.48387096774,-0.032258064516129,1,-0.48387096774,0,1.0
2024-09-16,AWS,AWS Key Management Service,EU (Frankfurt),0.0,0.0013888889,1,0.0,0,1.0
2024-09-16,AWS,AWS Step Functions,US West (Oregon),0.0,2.0,1,0.0,0,1.0
2024-09-16,AWS,AmazonCloudWatch,US East (Ohio),0.0,560.022223473,3,0.0,0,1.0
2024-09-16,AWS,AmazonCloudWatch,US West (Oregon),0.0,3125.0877466194997,187,0.0,0,1.0
2024-09-16,AWS,AmazonCloudWatch,EU (Frankfurt),0.0,274.0111111111,1,0.0,0,1.0
2024-09-16,AWS,Amazon Relational Database Service,US East (N. Virginia),0.0,2.0,1,0.0,0,1.0
2024-09-16,AWS,Amazon Elastic Compute Cloud,Asia Pacific (Tokyo),0.0,3.2438663077000003,44,0.0,0,1.0
2024-09-16,AWS,Amazon EC2 Container Registry (ECR),US West (Oregon),0.0,0.0011673861000000001,7,0.0,0,1.0
2024-09-16,AWS,AmazonCloudWatch,EU (London),0.0,6.0,0,0.0,0,1.0
2024-09-16,AWS,Amazon Simple Queue Service,EU (Frankfurt),0.0,4.0,0,0.0,0,1.0
2024-09-16,AWS,AWS Secrets Manager,US East (Ohio),0.0,3.0416666666000003,2,0.0,0,1.0
2024-09-16,Microsoft,Virtual Network,West US,0.4823834663402719,48.0,1,0.192,1,2.512413887188916
2024-09-16,AWS,Amazon Relational Database Service,US East (Ohio),0.0,5126.0001610768,3,0.0,0,1.0
2024-09-16,AWS,AWS Step Functions,South America (Sao Paulo),0.0,1.13482e-05,0,0.0,0,1.0
2024-09-16,AWS,Amazon Simple Queue Service,EU (Stockholm),0.0,4.0,0,0.0,0,1.0
2024-09-16,AWS,AWS CloudTrail,Asia Pacific (Osaka),0.0,588.0,0,0.0,0,1.0
2024-09-16,Microsoft,Load Balancer,West US,0.6,24.0,1,0.6,0,1.0
2024-09-16,AWS,Amazon Elastic Compute Cloud,Asia Pacific (Seoul),0.0,0.1,1,0.0,0,1.0
2024-09-16,AWS,AWS Step Functions,EU (Ireland),0.0,1.49e-07,0,0.0,0,1.0
2024-09-16,AWS,AWS CloudTrail,Asia Pacific (Singapore),0.0,6.0,0,0.0,0,1.0
2024-09-16,AWS,Amazon Elastic Compute Cloud,EU (Frankfurt),0.0,11.480774605,58,0.0,0,1.0
2024-09-16,AWS,Amazon EC2 Container Registry (ECR),US West (N. California),0.0,0.000288912,1,0.0,0,1.0
2024-09-16,AWS,Amazon EC2 Container Registry (ECR),US East (N. Virginia),0.0,0.0013049505000000002,4,0.0,0,1.0
2024-09-16,AWS,Amazon Elastic Compute Cloud,Asia Pacific (Sydney),0.0,0.40010850699999995,21,0.0,0,1.0
2024-09-16,AWS,AmazonCloudWatch,Asia Pacific (Tokyo),0.0,163.0,0,0.0,0,1.0
2024-09-16,AWS,Amazon Simple Queue Service,US East (N. Virginia),0.0,64.0,1,0.0,0,1.0
2024-09-16,AWS,Amazon Simple Notification Service,Africa (Cape Town),0.0,4.0,0,0.0,0,1.0
2024-09-16,Microsoft,Storage Accounts,West Central US,2.4e-06,0.00012,1,2.4e-06,0,1.0
2024-09-16,AWS,AWS CloudTrail,US West (N. California),0.0,12.0,0,0.0,0,1.0
2024-09-16,Microsoft,SQL Database,East US,15.288273735276539,1.341935483870968,1,0.15432258065,1,2.0954322553832974
2024-09-16,AWS,Amazon Relational Database Service,EU (Ireland),0.0,0.0277777778,1,0.0,0,1.0
2024-09-16,AWS,Amazon EC2 Container Registry (ECR),EU (Stockholm),0.0,0.0003334925,3,0.0,0,1.0
2024-09-16,AWS,AWS Step Functions,EU (London),0.0,1.1418e-05,0,0.0,0,1.0
2024-09-16,Microsoft,Storage Accounts,North Central US,-1.9999999999999995e-06,-0.0004999999999999999,1,-1.9999999999999995e-06,0,1.0
2024-09-16,AWS,Amazon Elastic Compute Cloud,Asia Pacific (Singapore),0.0,1.4863885603,20,0.0,0,1.0
2024-09-16,AWS,Amazon Simple Email Service,US West (Oregon),0.0,0.0,0,0.0,0,1.0
2024-09-16,AWS,Amazon Route 53,unknown,0.0,184.0,11,0.0,0,1.0
2024-09-16,Microsoft,Azure Machine Learning,East US 2,1.1102240128914513,3.7167437445920095,2,0.33647767102000004,1,3.2995473652855267
2024-09-16,Microsoft,Virtual Network,East US,-0.12,-24.0,1,-0.12,0,1.0
2024-09-16,AWS,AWS Step Functions,EU (Paris),0.0,2.27876e-05,0,0.0,0,1.0
2024-09-16,AWS,AWS Systems Manager,US East (N. Virginia),0.0,54.0,0,0.0,0,1.0
2024-09-16,AWS,Amazon Virtual Private Cloud,External,0.0,2.65482e-05,15,0.0,0,1.0
2024-09-16,Microsoft,Azure Container Instances,East US 2,2.815770317849982,216.00624289350017,1,0.96122778088,1,2.929347625879223
2024-09-16,Microsoft,Azure Data Factory,East US,0.0,0.0,2,0.0,0,1.0
2024-09-16,AWS,Amazon Virtual Private Cloud,US East (Ohio),0.0,6.0,6,0.0,0,1.0
2024-09-16,AWS,AWS CloudTrail,EU (Stockholm),0.0,115.0,0,0.0,0,1.0
2024-09-16,AWS,Amazon Elastic Container Service,US West (Oregon),0.0,18.9770088201,129,0.0,0,1.0
2024-09-16,AWS,AmazonCloudWatch,South America (Sao Paulo),0.0,12.0,0,0.0,0,1.0
2024-09-16,AWS,AmazonCloudWatch,EU (Stockholm),0.0,235.0424677562,1,0.0,0,1.0
2024-09-16,Microsoft,Virtual Machines,Canada Central,2.3805e-07,1.1902302504e-05,1,2.3805e-07,0,1.0
2024-09-16,AWS,AWS CloudTrail,EU (Ireland),0.0,12.0,0,0.0,0,1.0
2024-09-16,AWS,Amazon Virtual Private Cloud,Asia Pacific (Tokyo),0.0,3.0,3,0.0,0,1.0
2024-09-16,AWS,AWS Security Hub,US East (Ohio),0.0,2.0,1,0.0,0,1.0
2024-09-16,AWS,Amazon Elastic Compute Cloud,US East (N. Virginia),49.0,125.3702566699,599,49.0,0,1.0
2024-09-16,AWS,Elastic Load Balancing,US East (Ohio),0.0,3.0010003069,9,0.0,0,1.0
2024-09-16,AWS,Amazon DynamoDB,EU (Stockholm),0.0,1.0,1,0.0,0,1.0
2024-09-16,AWS,Amazon CloudFront,Japan,0.0,15.001803589100001,3,0.0,0,1.0
2024-09-16,AWS,Amazon CloudFront,India,0.0,2.0347019555,1,0.0,0,1.0
2024-09-16,AWS,Amazon Elastic Container Service for Kubernetes,US East (Ohio),0.0,3.0,3,0.0,0,1.0
2024-09-16,AWS,Amazon Elastic Compute Cloud,South America (Sao Paulo),0.0,1.1180558276,10,0.0,0,1.0
2024-09-16,AWS,Elastic Load Balancing,EU (Frankfurt),0.0,9.92366e-05,6,0.0,0,1.0
2024-09-16,AWS,Amazon Elastic Container Service for Kubernetes,US West (Oregon),0.0,2.0,2,0.0,0,1.0
2024-09-16,AWS,Amazon Virtual Private Cloud,Asia Pacific (Singapore),0.0,3.0,3,0.0,0,1.0
2024-09-16,Microsoft,Storage Accounts,Central US,0.0005190962141599929,-0.17314999999999997,9,0.00012067200000000001,1,2.6107277206887867
2024-09-16,AWS,Amazon Virtual Private Cloud,US West (Oregon),0.0,55.2780692788,86,0.0,0,1.0
2024-09-16,AWS,Amazon CloudFront,Europe,0.0,45.2638989604,7,0.0,0,1.0
2024-09-16,AWS,AWS CloudTrail,Middle East (Bahrain),0.0,45.0,0,0.0,0,1.0
2024-09-16,AWS,Amazon Elastic Compute Cloud,Middle East (UAE),0.0,0.1666666667,1,0.0,0,1.0
2024-09-16,AWS,Amazon Elastic File System,Asia Pacific (Singapore),1.0,9.0092857785,1,1.0,0,1.0
2024-09-16,AWS,Amazon DynamoDB,US East (N. Virginia),0.0,1.0,1,0.0,0,1.0
2024-09-16,Microsoft,Virtual Machine Scale Sets,East US,-3.94714590273,-23.107462642734063,4,-3.94714590273,0,1.0
2024-09-16,AWS,AWS Key Management Service,US West (Oregon),0.0,0.0027777778,2,0.0,0,1.0
2024-09-16,AWS,Elastic Load Balancing,US East (N. Virginia),0.0,4.1888539969,15,0.0,0,1.0
2024-09-16,AWS,Amazon Virtual Private Cloud,EU (Frankfurt),0.0,7.963056,8,0.0,0,1.0
2024-09-16,AWS,Amazon CloudFront,US West (Oregon),0.0,7475.0,1,0.0,0,1.0
2024-09-16,AWS,Amazon Elastic Compute Cloud,US West (Oregon),-3.0,54.7218138802,294,-3.0,0,1.0
2024-09-16,AWS,AWS CloudTrail,EU (Paris),0.0,74.0,0,0.0,0,1.0
2024-09-16,AWS,Amazon Virtual Private Cloud,South America (Sao Paulo),0.0,1.0,1,0.0,0,1.0
2024-09-16,AWS,Elastic Load Balancing,EU (Stockholm),0.0,7.33342e-05,5,0.0,0,1.0
2024-09-16,AWS,Amazon Elastic Container Registry Public,US East (N. Virginia),0.0,0.6074022363,1,0.0,0,1.0
2024-09-16,AWS,AWS CloudTrail,EU (London),0.0,191.0,0,0.0,0,1.0
2024-09-16,AWS,Amazon Virtual Private Cloud,EU (Stockholm),0.0,2.0,2,0.0,0,1.0
2024-09-16,AWS,Amazon Elastic Compute Cloud,Africa (Cape Town),0.0,0.2097266163,4,0.0,0,1.0
2024-09-16,AWS,Amazon Elastic Compute Cloud,US West (N. California),0.0,2.1291219233,8,0.0,0,1.0
2024-09-16,AWS,Elastic Load Balancing,EU (Paris),0.0,1.084291171,1,0.0,0,1.0
2024-09-16,AWS,Amazon Elastic Container Service,EU (Ireland),0.0,1.5000000746,3,0.0,0,1.0
2024-09-16,AWS,Amazon CloudFront,South America,0.0,8.62023e-05,1,0.0,0,1.0
2024-09-16,AWS,Amazon Virtual Private Cloud,US East (N. Virginia),0.0,43.606109000000004,63,0.0,0,1.0
2024-09-16,Microsoft,Virtual Machines,East US,5.144980999371482,33.153872,7,1.47490768,1,3.4883410461131246
2024-09-16,Microsoft,Key Vault,Global,2e-06,0.0001,3,2e-06,0,1.0
2024-09-16,AWS,Amazon CloudFront,United States,0.0,1023.0000168141,10,0.0,0,1.0
2024-09-16,AWS,Elastic Load Balancing,External,0.0,0.0372619775,98,0.0,0,1.0
2024-09-16,Microsoft,Storage Accounts,East US,0.0010843704916488808,0.086268,74,0.000203048,1,3.8692279946794192
2024-09-16,AWS,AWS App Runner,US West (Oregon),0.0,0.5,1,0.0,0,1.0
2024-09-16,AWS,Amazon CloudFront,South Africa,0.0,7.0000013607,1,0.0,0,1.0
2024-09-16,AWS,Amazon Elastic Container Service,External,0.0,0.3260561654,23,0.0,0,1.0
2024-09-16,AWS,Amazon ElastiCache,US West (Oregon),0.0,2.0,2,0.0,0,1.0
2024-09-16,AWS,AWS Key Management Service,US East (Ohio),0.0,16.0111111112,9,0.0,0,1.0
2024-09-16,AWS,AWS Security Hub,EU (Ireland),0.0,2.0,1,0.0,0,1.0
2024-09-16,AWS,Amazon Virtual Private Cloud,EU (Ireland),0.0,1.0,1,0.0,0,1.0
2024-09-16,AWS,Amazon Elastic Compute Cloud,US East (Ohio),0.0,5.8385101263,40,0.0,0,1.0
2024-09-16,Microsoft,Virtual Machines,South Central US,0.4890417947419415,0.020361045375466,3,0.00165863761,1,3.495437547794828
2024-09-16,Microsoft,Virtual Machines,West US 2,3.8702e-05,0.001935100182891,1,3.8702e-05,0,1.0
2024-09-16,AWS,Amazon Elastic Compute Cloud,Asia Pacific (Mumbai),0.0,1.6524079956,39,0.0,0,1.0
2024-09-16,AWS,AWS CloudTrail,EU (Frankfurt),0.0,3633.0,0,0.0,0,1.0
2024-09-16,Microsoft,Storage Accounts,Canada East,-1.9068e-05,-0.0005919999999999999,1,-1.9068e-05,0,1.0
2024-09-16,AWS,Elastic Load Balancing,Asia Pacific (Sydney),0.0,1.0000000373,1,0.0,0,1.0
2024-09-16,Microsoft,Storage Accounts,West US 2,-5.5788e-05,0.027136,4,-5.5788e-05,0,1.0
2024-09-16,AWS,Amazon Elastic Compute Cloud,EU (Stockholm),0.0,1.3224937634,7,0.0,0,1.0
2024-09-16,Microsoft,Virtual Machines,West US,3.5662619756032274,24.852936,3,0.90346236,1,3.9473276735106344
2024-09-16,AWS,Amazon CloudFront,Asia Pacific (Tokyo),0.0,3.0,1,0.0,0,1.0
2024-09-16,AWS,AWS Step Functions,Asia Pacific (Mumbai),0.0,1.49e-07,0,0.0,0,1.0
2024-09-16,AWS,Amazon DynamoDB,US West (Oregon),0.0,20.0000015829,6,0.0,0,1.0
2024-09-16,Microsoft,Azure App Service,South Central US,-6.438e-06,0.032182,1,-6.438e-06,0,1.0
2024-09-16,AWS,AWS CloudTrail,Asia Pacific (Tokyo),0.0,6.0,0,0.0,0,1.0
2024-09-16,AWS,AWS Lambda,US East (Ohio),0.0,93.5349592487,4,0.0,0,1.0
2024-09-16,AWS,Amazon CloudFront,Asia Pacific,0.0,4.0,1,0.0,0,1.0
2024-09-16,Microsoft,Azure App Service,Central US,-0.96,0.032256,2,-0.96,0,1.0
2024-09-16,AWS,AmazonCloudWatch,Asia Pacific (Osaka),0.0,9.0,0,0.0,0,1.0
2024-09-16,AWS,Amazon GuardDuty,EU (Milan),0.0,45.0,0,0.0,0,1.0
2024-09-16,AWS,Amazon GuardDuty,EU (Paris),0.0,74.0,0,0.0,0,1.0
2024-09-16,AWS,Elastic Load Balancing,Asia Pacific (Singapore),0.0,1.7751e-05,1,0.0,0,1.0
2024-09-16,AWS,Amazon Simple Storage Service,External,0.0,0.0216742335,0,0.0,0,1.0
2024-09-16,AWS,Amazon ElastiCache,US East (N. Virginia),0.0,1.0,1,0.0,0,1.0
2024-09-16,Microsoft,Event Grid,West US,-2.16e-05,-0.00036,1,-2.16e-05,0,1.0
2024-09-16,AWS,Amazon GuardDuty,US East (N. Virginia),0.0,67.0,0,0.0,0,1.0
2024-09-16,Microsoft,Storage Accounts,Canada Central,2.4e-05,0.0012,2,2.4e-05,0,1.0
2024-09-16,AWS,Amazon API Gateway,US West (Oregon),0.0,114.00006505569999,2,0.0,0,1.0
2024-09-16,Microsoft,Azure DNS,Global,0.01612903226,0.032258064516129,1,0.01612903226,0,1.0
2024-09-16,AWS,AmazonCloudWatch,Asia Pacific (Seoul),0.0,3.0,0,0.0,0,1.0
2024-09-16,AWS,AWS CloudTrail,US East (Ohio),0.0,6.0,0,0.0,0,1.0
2024-09-16,AWS,Amazon Simple Storage Service,US East (N. Virginia),0.0,6631.006576562901,0,0.0,0,1.0
2024-09-16,AWS,AWS Secrets Manager,US West (Oregon),0.0,98.0180555556,2,0.0,0,1.0
2024-09-16,Microsoft,Storage Accounts,UK West,-0.00025116,0.004928,2,-0.00025116,0,1.0
2024-09-16,AWS,AWS CloudTrail,US East (N. Virginia),0.0,52.0,0,0.0,0,1.0
2024-09-16,AWS,Red Hat OpenShift Service on AWS,unknown,0.0,1.0,1,0.0,0,1.0
2024-09-16,AWS,AmazonCloudWatch,US East (N. Virginia),0.0,889.0243006316,6,0.0,0,1.0
2024-09-16,AWS,AWS Key Management Service,US East (N. Virginia),0.0,328.0,1,0.0,0,1.0
2024-09-16,AWS,Savings Plans for AWS Compute usage,Any,0.0,0.0,0,0.0,0,1.0
2024-09-16,AWS,AmazonCloudWatch,Any,0.0,0.006944444500000001,0,0.0,0,1.0
2024-09-16,Microsoft,Storage Accounts,Southeast Asia,-0.230676624,-5.110864000000004,2,-0.230676624,0,1.0
2024-09-16,AWS,Amazon Elastic File System,US East (N. Virginia),0.0,2.4443559647,1,0.0,0,1.0
2024-09-16,AWS,AWS Lambda,US East (N. Virginia),0.0,235.556142957,3,0.0,0,1.0
2024-09-16,AWS,Amazon Elastic Compute Cloud,External,0.0,150.015190262,472,0.0,0,1.0
2024-09-16,AWS,Amazon Elastic File System,US West (Oregon),0.0,0.7611429575,7,0.0,0,1.0
2024-09-16,Microsoft,Virtual Machine Scale Sets,Central US,0.0,0.0,1,0.0,0,1.0
2024-09-16,Microsoft,Storage Accounts,East US 2,-2.9360000000000003e-06,-0.014124000000000001,3,-2.9360000000000003e-06,0,1.0
2024-09-16,AWS,Amazon CloudFront,Canada,0.0,60.0,1,0.0,0,1.0
2024-09-16,Microsoft,Application Gateway,East US,0.0027514849395331763,0.046302158385515,1,0.00092604317,1,2.971227507172453
2024-09-16,AWS,Amazon Virtual Private Cloud,Asia Pacific (Mumbai),0.0,7.0,6,0.0,0,1.0
2024-09-16,AWS,Amazon Elastic Compute Cloud,Europe (Zurich),0.0,0.1666666667,1,0.0,0,1.0
2024-09-16,AWS,AWS Backup,US West (Oregon),0.0,2.80794e-05,3,0.0,0,1.0
2024-09-16,AWS,Amazon DynamoDB,US West (N. California),0.0,0.0,1,0.0,0,1.0
2024-09-16,AWS,Elastic Load Balancing,US West (Oregon),0.0,11.3833065172,68,0.0,0,1.0
2024-09-16,AWS,AWS CloudTrail,Canada (Central),0.0,6.0,0,0.0,0,1.0
2024-09-16,Microsoft,Storage Accounts,South Central US,4.32e-07,0.0012,2,4.32e-07,0,1.0
2024-09-16,AWS,Amazon CloudFront,Australia,0.0,3.30396e-05,1,0.0,0,1.0
2024-09-16,AWS,AmazonCloudWatch,Asia Pacific (Mumbai),0.0,3.0,0,0.0,0,1.0
2024-09-16,AWS,Amazon Simple Storage Service,US West (N. California),0.0,6.268e-07,0,0.0,0,1.0
2024-09-16,AWS,Amazon Simple Storage Service,US West (Oregon),0.0,328.6362302301,0,0.0,0,1.0
2024-09-16,AWS,Amazon DynamoDB,US East (Ohio),0.0,1.0,1,0.0,0,1.0
2024-09-17,Microsoft,Storage Accounts,Southeast Asia,4.372e-05,0.00197,2,4.372e-05,0,1.0
2024-09-17,AWS,AWS CloudTrail,Asia Pacific (Hyderabad),0.0,184.0,0,0.0,0,1.0
2024-09-17,Microsoft,Load Balancer,Central US,-0.6,-24.0,1,-0.6,0,1.0
2024-09-17,AWS,AWS Backup,US West (Oregon),0.0,5.26264e-05,3,0.0,0,1.0
2024-09-17,AWS,AWS Data Transfer,US West (Oregon),0.0,0.0,0,0.0,0,1.0
2024-09-17,Microsoft,Virtual Machines,West US 2,4.09632768,0.033336,1,4.09632768,0,1.0
2024-09-17,Microsoft,Load Balancer,East US,0.6,24.0,1,0.6,0,1.0
2024-09-17,Microsoft,Storage Accounts,Canada East,-1.1e-06,-5.5e-05,1,-1.1e-06,0,1.0
2024-09-17,AWS,AWS CloudTrail,Canada (Central),0.0,6.0,0,0.0,0,1.0
2024-09-17,AWS,AWS Lambda,US East (N. Virginia),-1.0,455.74987500000003,3,-1.0,0,1.0
2024-09-17,Microsoft,Virtual Machine Scale Sets,Central US,0.0,0.0,1,0.0,0,1.0
2024-09-17,Microsoft,Storage Accounts,East US 2,-0.0624625184,-1.477328,2,-0.0624625184,0,1.0
2024-09-17,AWS,AWS CloudTrail,South America (Sao Paulo),0.0,153.0,0,0.0,0,1.0
2024-09-17,AWS,AWS CloudTrail,EU (Frankfurt),0.0,1603.0,0,0.0,0,1.0
2024-09-17,Microsoft,Virtual Machines,South Central US,0.65643919979,18.000063995830715,4,0.65643919979,0,1.0
2024-09-17,Microsoft,Storage Accounts,Central US,6.0928000000000003e-05,0.0063430000000000005,8,6.0928000000000003e-05,0,1.0
2024-09-17,AWS,AWS Key Management Service,US East (N. Virginia),0.0,102.0,1,0.0,0,1.0
2024-09-17,Microsoft,Storage Accounts,West US 2,7.3874e-05,0.029306000000000002,6,7.3874e-05,0,1.0
2024-09-17,Microsoft,Virtual Machine Scale Sets,East US,1.9970120161099998,24.00248835235834,3,1.9970120161099998,0,1.0
2024-09-17,AWS,AWS Key Management Service,US West (Oregon),0.0,8.0027777778,3,0.0,0,1.0
2024-09-17,Microsoft,Virtual Machines,France Central,0.79473024,0.033336,1,0.79473024,0,1.0
2024-09-17,AWS,AWS Key Management Service,US East (Ohio),0.0,0.006944444500000001,3,0.0,0,1.0
2024-09-17,Microsoft,Virtual Machines,East US 2,0.1600128,0.033336,1,0.1600128,0,1.0
2024-09-17,Microsoft,Virtual Machines,Central US,-0.19601568,-0.033336,1,-0.19601568,0,1.0
2024-09-17,Microsoft,Storage Accounts,East US,0.0013641608545567768,0.180899,79,0.000341972,1,3.9891010215946823
2024-09-17,Microsoft,Storage Accounts,East Asia,0.0,0.030089,1,0.0,0,1.0
2024-09-17,Microsoft,Virtual Machines,East US,4.374919474332232,14.292472,7,0.97550576,1,3.417821993820237
2024-09-17,AWS,AWS CloudTrail,EU (Paris),0.0,12.0,0,0.0,0,1.0
2024-09-17,AWS,AWS CloudTrail,EU (London),0.0,6.0,0,0.0,0,1.0
2024-09-17,AWS,AWS CloudTrail,EU (Stockholm),0.0,6.0,0,0.0,0,1.0
2024-09-17,Microsoft,Virtual Machines,West US,9.89061085806542,24.0334039763034,3,3.03785391953,1,3.255788829897272
2024-09-17,AWS,AWS CloudTrail,Asia Pacific (Tokyo),0.0,12.0,0,0.0,0,1.0
2024-09-17,AWS,AWS Lambda,US East (Ohio),0.0,61.384,3,0.0,0,1.0
2024-09-17,AWS,AWS CloudTrail,Asia Pacific (Mumbai),0.0,18.0,0,0.0,0,1.0
2024-09-17,Oracle,COMPUTE,us-phoenix-1,0.0,-24.516944444444,7,0.0,0,1.0
2024-09-17,Microsoft,Load Balancer,East US 2,0.6,24.0,1,0.6,0,1.0
2024-09-17,Microsoft,Storage Accounts,West Central US,8.64e-06,0.000144,1,8.64e-06,0,1.0
2024-09-17,AWS,AWS Secrets Manager,US East (Ohio),0.0,4.0222222222,1,0.0,0,1.0
2024-09-17,AWS,AWS Data Transfer,EU (Frankfurt),0.0,0.0,0,0.0,0,1.0
2024-09-17,AWS,AWS CloudTrail,Asia Pacific (Osaka),0.0,36.0,0,0.0,0,1.0
2024-09-17,Microsoft,Virtual Network,West US,0.096,24.0,1,0.096,0,1.0
2024-09-17,AWS,AWS CloudTrail,US West (Oregon),0.0,3621.0,0,0.0,0,1.0
2024-09-17,AWS,AWS CloudTrail,Asia Pacific (Seoul),0.0,6.0,0,0.0,0,1.0
2024-09-17,Microsoft,Virtual Network,East US,0.0,0.0,2,0.0,0,1.0
2024-09-17,Microsoft,Storage Accounts,North Central US,4.6095375222465896e-05,0.0006,1,2.16e-07,1,3.773360774596095
2024-09-17,Microsoft,SQL Database,East US,-7.296,-48.0,1,-7.296,0,1.0
2024-09-17,AWS,AWS CloudTrail,US West (N. California),0.0,31.0,0,0.0,0,1.0
2024-09-17,AWS,AWS Lambda,US West (Oregon),0.0,159.9984146546,16,0.0,0,1.0
2024-09-17,AWS,AWS CloudTrail,Asia Pacific (Singapore),0.0,1835.0,0,0.0,0,1.0
2024-09-17,Microsoft,Virtual Network,Central US,4.56,24.0,1,4.56,0,1.0
2024-09-17,Microsoft,Storage Accounts,West US,-0.331567204,-24.166567,11,-0.331567204,0,1.0
2024-09-17,AWS,AWS Key Management Service,EU (London),0.0,0.0013888889,1,0.0,0,1.0
2024-09-17,AWS,AWS CloudTrail,Asia Pacific (Sydney),0.0,24.0,0,0.0,0,1.0
2024-09-17,AWS,AWS CloudTrail,US East (Ohio),0.0,12.0,0,0.0,0,1.0
2024-09-17,AWS,AWS Key Management Service,EU (Stockholm),0.0,8.0,1,0.0,0,1.0
2024-09-17,Microsoft,Storage Accounts,Canada Central,6.442358823486315e-05,0.0019,2,2.3096e-05,1,2.7893829336189446
2024-09-17,Microsoft,Storage Accounts,UK West,0.0,0.0003,3,0.0,0,1.0
2024-09-17,AWS,AWS CloudTrail,EU (Ireland),0.0,5.0,0,0.0,0,1.0
2024-09-17,AWS,Elastic Load Balancing,Asia Pacific (Tokyo),0.0,1.5833e-06,2,0.0,0,1.0
2024-09-17,AWS,Amazon Simple Notification Service,Asia Pacific (Sydney),0.0,4.0,0,0.0,0,1.0
2024-09-17,AWS,Elastic Load Balancing,EU (Paris),0.0,1.0729e-06,1,0.0,0,1.0
2024-09-17,AWS,Amazon CloudFront,United States,0.0,10060.8480803287,12,0.0,0,1.0
2024-09-17,AWS,Amazon Elastic Container Service,US West (Oregon),0.0,2.0408702378,64,0.0,0,1.0
2024-09-17,AWS,Amazon Virtual Private Cloud,EU (Frankfurt),0.0,4.0,4,0.0,0,1.0
2024-09-17,AWS,Elastic Load Balancing,EU (London),0.0,1.8413e-06,1,0.0,0,1.0
2024-09-17,AWS,Amazon DynamoDB,Asia Pacific (Sydney),0.0,5.0,1,0.0,0,1.0
2024-09-17,AWS,Amazon Virtual Private Cloud,EU (Ireland),0.0,1.0,1,0.0,0,1.0
2024-09-17,AWS,Elastic Load Balancing,EU (Ireland),0.0,1.0057138391,4,0.0,0,1.0
2024-09-17,AWS,Amazon Virtual Private Cloud,Asia Pacific (Tokyo),0.0,3.0,3,0.0,0,1.0
2024-09-17,AWS,Amazon DynamoDB,EU (Stockholm),0.0,1.0,1,0.0,0,1.0
2024-09-17,AWS,Elastic Load Balancing,EU (Frankfurt),0.0,2.0035964251,10,0.0,0,1.0
2024-09-17,AWS,Amazon Elastic Container Service,EU (Ireland),0.0,1.0000919104,3,0.0,0,1.0
2024-09-17,AWS,Amazon Elastic Container Registry Public,US East (N. Virginia),0.0,1.114334259,2,0.0,0,1.0
2024-09-17,AWS,Amazon Virtual Private Cloud,EU (Stockholm),0.0,1.0,1,0.0,0,1.0
2024-09-17,AWS,Amazon Elastic Compute Cloud,US West (Oregon),2.0,120.9437657513,258,2.0,0,1.0
2024-09-17,AWS,Amazon Virtual Private Cloud,External,0.0,3.3565e-05,7,0.0,0,1.0
2024-09-17,AWS,Amazon DynamoDB,US West (Oregon),0.0,109.0,2,0.0,0,1.0
2024-09-17,AWS,Amazon Elastic Compute Cloud,US West (N. California),0.0,0.3194497847,4,0.0,0,1.0
2024-09-17,AWS,Amazon Elastic Container Service,External,0.0,0.32752930550000003,21,0.0,0,1.0
2024-09-17,AWS,Amazon CloudFront,US West (Oregon),0.0,0.001283518,1,0.0,0,1.0
2024-09-17,AWS,Amazon Elastic Container Service for Kubernetes,US East (Ohio),0.0,1.0,1,0.0,0,1.0
2024-09-17,AWS,Elastic Load Balancing,EU (Stockholm),0.0,1.0058649057,5,0.0,0,1.0
2024-09-17,AWS,Amazon Simple Storage Service,US East (Ohio),0.0,1.0000001276,0,0.0,0,1.0
2024-09-17,AWS,Elastic Load Balancing,US West (Oregon),0.0,13.4637311639,79,0.0,0,1.0
2024-09-17,AWS,Amazon CloudFront,Europe,0.0,486.7445161613,13,0.0,0,1.0
2024-09-17,AWS,Amazon Elastic File System,US West (Oregon),0.0,1.4810285569,2,0.0,0,1.0
2024-09-17,AWS,Elastic Load Balancing,US West (N. California),0.0,6.564e-06,1,0.0,0,1.0
2024-09-17,AWS,Amazon Simple Storage Service,US West (N. California),0.0,1.057e-06,0,0.0,0,1.0
2024-09-17,AWS,Amazon Simple Storage Service,US West (Oregon),0.0,3868.0040016507,0,0.0,0,1.0
2024-09-17,AWS,Elastic Load Balancing,US East (Ohio),0.0,1.0007207609,4,0.0,0,1.0
2024-09-17,AWS,Amazon Virtual Private Cloud,Africa (Cape Town),0.0,1.0,1,0.0,0,1.0
2024-09-17,AWS,Amazon CloudFront,Japan,0.0,0.0015970897000000001,2,0.0,0,1.0
2024-09-17,AWS,Amazon Elastic File System,EU (Frankfurt),0.0,0.3827794817,1,0.0,0,1.0
2024-09-17,AWS,Amazon Virtual Private Cloud,Asia Pacific (Mumbai),0.0,1.0,1,0.0,0,1.0
2024-09-17,AWS,Elastic Load Balancing,US East (N. Virginia),0.0,2.0821045413,9,0.0,0,1.0
2024-09-17,AWS,Amazon Elastic File System,Asia Pacific (Singapore),0.0,0.0190379858,1,0.0,0,1.0
2024-09-17,AWS,Elastic Load Balancing,External,0.0,0.008645900100000001,101,0.0,0,1.0
2024-09-17,AWS,Amazon Elastic Container Service for Kubernetes,US West (Oregon),0.0,1.0,1,0.0,0,1.0
2024-09-17,AWS,Amazon Elastic Compute Cloud,Asia Pacific (Sydney),0.0,1.6636757082,26,0.0,0,1.0
2024-09-17,AWS,Amazon Virtual Private Cloud,Asia Pacific (Singapore),0.0,2.0,1,0.0,0,1.0
2024-09-17,AWS,Amazon Virtual Private Cloud,Asia Pacific (Sydney),0.0,4.0,4,0.0,0,1.0
2024-09-17,AWS,Amazon EC2 Container Registry (ECR),Asia Pacific (Singapore),0.0,0.0006722917,3,0.0,0,1.0
2024-09-17,AWS,Amazon GuardDuty,Asia Pacific (Seoul),0.0,73.0,0,0.0,0,1.0
2024-09-17,AWS,Amazon Virtual Private Cloud,US East (N. Virginia),0.0,58.00861,72,0.0,0,1.0
2024-09-17,AWS,Amazon Elastic Compute Cloud,US East (Ohio),0.0,8.2964979163,42,0.0,0,1.0
2024-09-17,AWS,Amazon ElastiCache,US West (Oregon),0.0,1.0,1,0.0,0,1.0
2024-09-17,AWS,Amazon Elastic Compute Cloud,EU (London),0.0,3.2813505949999997,23,0.0,0,1.0
2024-09-17,AWS,AmazonCloudWatch,Asia Pacific (Singapore),0.0,166.2502489593,1,0.0,0,1.0
2024-09-17,AWS,Amazon Elastic Compute Cloud,Africa (Cape Town),0.0,0.236111152,4,0.0,0,1.0
2024-09-17,AWS,Amazon Elastic Compute Cloud,EU (Ireland),0.0,0.0555555556,1,0.0,0,1.0
2024-09-17,AWS,AmazonCloudWatch,EU (Stockholm),0.0,276.0111132327,2,0.0,0,1.0
2024-09-17,AWS,Amazon Elastic Compute Cloud,Asia Pacific (Mumbai),0.0,4.0103094897,43,0.0,0,1.0
2024-09-17,AWS,AmazonCloudWatch,Asia Pacific (Sydney),0.0,512.0,0,0.0,0,1.0
2024-09-17,AWS,AmazonCloudWatch,US East (N. Virginia),0.0,996.0379510749,6,0.0,0,1.0
2024-09-17,AWS,Amazon Elastic Compute Cloud,EU (Frankfurt),0.0,15.2148136039,75,0.0,0,1.0
2024-09-17,AWS,Amazon Elastic Compute Cloud,Asia Pacific (Osaka),0.0,0.1666666667,1,0.0,0,1.0
2024-09-17,AWS,Amazon Elastic Compute Cloud,Canada (Central),0.0,0.1666666667,1,0.0,0,1.0
2024-09-17,AWS,AmazonCloudWatch,EU (Paris),0.0,227.0027777778,0,0.0,0,1.0
2024-09-17,AWS,Amazon Elastic Compute Cloud,Asia Pacific (Seoul),0.0,0.2666666667,2,0.0,0,1.0
2024-09-17,AWS,AmazonCloudWatch,EU (London),0.0,6.0,0,0.0,0,1.0
2024-09-17,AWS,Amazon Elastic Compute Cloud,Asia Pacific (Singapore),0.0,0.4705705712,18,0.0,0,1.0
2024-09-17,AWS,Amazon Elastic Compute Cloud,Asia Pacific (Tokyo),0.0,3.375949467,28,0.0,0,1.0
2024-09-17,AWS,AmazonCloudWatch,EU (Frankfurt),0.0,0.0009124223,1,0.0,0,1.0
2024-09-17,AWS,AmazonCloudWatch,Asia Pacific (Tokyo),0.0,236.0,0,0.0,0,1.0
2024-09-17,AWS,AmazonCloudWatch,Asia Pacific (Seoul),0.0,123.0,0,0.0,0,1.0
2024-09-17,AWS,Amazon Elastic Compute Cloud,EU (Paris),0.0,1.103880253,3,0.0,0,1.0
2024-09-17,AWS,AmazonCloudWatch,Asia Pacific (Osaka),0.0,6.0,0,0.0,0,1.0
2024-09-17,AWS,CloudWatch Events,External,0.0,8.2789e-05,0,0.0,0,1.0
2024-09-17,AWS,Amazon EC2 Container Registry (ECR),EU (Ireland),0.0,0.0007962547,7,0.0,0,1.0
2024-09-17,AWS,Amazon Elastic Compute Cloud,US East (N. Virginia),-71.0,168.2230623316,622,-71.0,0,1.0
2024-09-17,AWS,Amazon EC2 Container Registry (ECR),EU (Stockholm),0.0,0.0001919688,2,0.0,0,1.0
2024-09-17,AWS,Amazon Virtual Private Cloud,US West (N. California),0.0,0.993333,1,0.0,0,1.0
2024-09-17,AWS,Amazon Elastic Compute Cloud,South America (Sao Paulo),0.0,4.8677173501,15,0.0,0,1.0
2024-09-17,AWS,Amazon Virtual Private Cloud,US West (Oregon),-1.0,53.7399764949,77,-1.0,0,1.0
2024-09-17,AWS,CloudWatch Events,Asia Pacific (Mumbai),0.0,35.0,0,0.0,0,1.0
2024-09-17,AWS,Amazon Elastic Compute Cloud,Middle East (UAE),0.0,0.1666666667,1,0.0,0,1.0
2024-09-17,AWS,AmazonCloudWatch,US West (Oregon),0.0,6343.0863016127005,161,0.0,0,1.0
2024-09-17,AWS,Amazon EC2 Container Registry (ECR),US East (N. Virginia),0.0,0.0005263219,5,0.0,0,1.0
2024-09-17,AWS,Amazon Elastic Compute Cloud,External,0.0,152.8613163106,450,0.0,0,1.0
2024-09-17,AWS,AmazonCloudWatch,Any,0.0,0.0041666667,0,0.0,0,1.0
2024-09-17,AWS,AmazonCloudWatch,US West (N. California),0.0,6.0,0,0.0,0,1.0
2024-09-17,AWS,AmazonCloudWatch,Asia Pacific (Mumbai),0.0,319.0,0,0.0,0,1.0
2024-09-17,AWS,Amazon EC2 Container Registry (ECR),US West (N. California),0.0,0.0002322142,1,0.0,0,1.0
2024-09-17,AWS,Amazon EC2 Container Registry (ECR),US West (Oregon),0.0,7.11635e-05,2,0.0,0,1.0
2024-09-17,AWS,Amazon Elastic Compute Cloud,EU (Stockholm),0.0,1.4167752105,5,0.0,0,1.0
2024-09-17,AWS,AmazonCloudWatch,US East (Ohio),0.0,3.0981182181,7,0.0,0,1.0
2024-09-17,AWS,Amazon EC2 Container Registry (ECR),EU (Frankfurt),0.0,0.0002063745,2,0.0,0,1.0
2024-09-17,AWS,Amazon GuardDuty,Asia Pacific (Sydney),0.0,88.0,0,0.0,0,1.0
2024-09-17,AWS,Amazon CloudFront,South America,0.0,1.0,1,0.0,0,1.0
2024-09-17,AWS,Amazon Relational Database Service,US East (N. Virginia),0.0,5.588e-07,1,0.0,0,1.0
2024-09-17,AWS,Amazon Simple Queue Service,EU (Frankfurt),0.0,180.0,1,0.0,0,1.0
2024-09-17,AWS,Amazon Simple Queue Service,EU (Ireland),0.0,4.0,0,0.0,0,1.0
2024-09-17,Microsoft,Azure Machine Learning,East US 2,0.1288175416,-2.840926063907446,2,0.1288175416,0,1.0
2024-09-17,AWS,AWS Systems Manager,US East (N. Virginia),0.0,54.0,0,0.0,0,1.0
2024-09-17,AWS,Amazon CloudFront,Canada,0.0,3.0,1,0.0,0,1.0
2024-09-17,AWS,Amazon Relational Database Service,External,0.0,4.4032e-05,13,0.0,0,1.0
2024-09-17,AWS,Amazon Simple Queue Service,EU (Paris),0.0,4.0,0,0.0,0,1.0
2024-09-17,AWS,AWS Systems Manager,US West (Oregon),0.0,7680.0,0,0.0,0,1.0
2024-09-17,AWS,Amazon Simple Queue Service,External,0.0,1.0645e-05,1,0.0,0,1.0
2024-09-17,AWS,Amazon Simple Queue Service,South America (Sao Paulo),0.0,4.0,0,0.0,0,1.0
2024-09-17,Microsoft,Azure Data Factory v2,West US,-0.00075,0.049,2,-0.00075,0,1.0
2024-09-17,AWS,Amazon Relational Database Service,EU (Ireland),0.0,5.588e-07,1,0.0,0,1.0
2024-09-17,AWS,Amazon Relational Database Service,EU (Frankfurt),0.0,1.0,1,0.0,0,1.0
2024-09-17,AWS,Amazon Simple Queue Service,US East (N. Virginia),0.0,34.0,1,0.0,0,1.0
2024-09-17,AWS,Amazon API Gateway,US East (N. Virginia),0.0,12145.0,1,0.0,0,1.0
2024-09-17,Microsoft,Azure Monitor,East US,0.0,0.00047117100000093615,2,0.0,0,1.0
2024-09-17,AWS,Amazon Relational Database Service,US East (Ohio),0.0,3316.0000630122,5,0.0,0,1.0
2024-09-17,AWS,AWS Step Functions,US West (Oregon),0.0,4.0,1,0.0,0,1.0
2024-09-17,AWS,Amazon Relational Database Service,US West (N. California),0.0,2.123e-07,1,0.0,0,1.0
2024-09-17,AWS,Amazon Simple Notification Service,EU (London),0.0,4.0,0,0.0,0,1.0
2024-09-17,AWS,Amazon Simple Notification Service,Asia Pacific (Tokyo),0.0,4.0,0,0.0,0,1.0
2024-09-17,AWS,Amazon Simple Notification Service,EU (Paris),0.0,4.0,0,0.0,0,1.0
2024-09-17,AWS,Amazon Simple Notification Service,EU (Stockholm),0.0,4.0,0,0.0,0,1.0
2024-09-17,AWS,Amazon Simple Notification Service,US East (N. Virginia),0.0,10.0,1,0.0,0,1.0
2024-09-17,Microsoft,Azure Synapse Analytics,East US 2,-0.006,-0.006,1,-0.006,0,1.0
2024-09-17,AWS,Amazon Simple Email Service,US West (Oregon),0.0,1.0,0,0.0,0,1.0
2024-09-17,AWS,Amazon API Gateway,US West (N. California),0.0,180.0,1,0.0,0,1.0
2024-09-17,AWS,Amazon Simple Notification Service,US West (N. California),0.0,4.0,0,0.0,0,1.0
2024-09-17,AWS,Amazon Route 53,unknown,0.0,66.0,6,0.0,0,1.0
2024-09-17,AWS,Amazon Simple Notification Service,US West (Oregon),0.0,20.0000053216,3,0.0,0,1.0
2024-09-17,AWS,Amazon Simple Queue Service,Asia Pacific (Mumbai),0.0,4.0,0,0.0,0,1.0
2024-09-17,AWS,AWS Step Functions,EU (London),0.0,1.49e-07,0,0.0,0,1.0
2024-09-17,AWS,Amazon Relational Database Service,US West (Oregon),0.0,4.5696072907000005,18,0.0,0,1.0
2024-09-17,AWS,Amazon Simple Queue Service,Asia Pacific (Seoul),0.0,4.0,0,0.0,0,1.0
2024-09-17,AWS,Amazon Simple Queue Service,Asia Pacific (Singapore),0.0,4.0,0,0.0,0,1.0
2024-09-17,Microsoft,Azure Savings Plan for Compute,Global,0.0,0.0,1,0.0,0,1.0
2024-09-17,Microsoft,Azure Data Factory,West US,-1e-05,-2e-05,1,-1e-05,0,1.0
2024-09-17,AWS,AmazonCloudWatch,EU (Ireland),0.0,3.0001714472,1,0.0,0,1.0
2024-09-17,AWS,Amazon GuardDuty,US East (N. Virginia),0.0,0.1261133533,0,0.0,0,1.0
2024-09-17,AWS,Amazon API Gateway,US West (Oregon),0.0,11.000238317,4,0.0,0,1.0
2024-09-17,AWS,Amazon Simple Storage Service,EU (Stockholm),0.0,2.0,0,0.0,0,1.0
2024-09-17,Microsoft,Azure App Service,Central US,-0.48,-24.0,1,-0.48,0,1.0
2024-09-17,AWS,Amazon CloudFront,Asia Pacific,0.0,23.0144237652,5,0.0,0,1.0
2024-09-17,AWS,Amazon CloudFront,Australia,0.0,254.0,3,0.0,0,1.0
2024-09-17,AWS,Amazon Simple Storage Service,External,0.0,0.0021821009,0,0.0,0,1.0
2024-09-17,AWS,Amazon Simple Storage Service,EU (Frankfurt),0.0,14.000000488,0,0.0,0,1.0
2024-09-17,AWS,Amazon Simple Storage Service,Asia Pacific (Singapore),0.0,11.0,0,0.0,0,1.0
2024-09-17,AWS,Amazon GuardDuty,EU (Frankfurt),0.0,89.0,0,0.0,0,1.0
2024-09-17,AWS,Amazon CloudFront,Asia Pacific (Tokyo),0.0,2.0,1,0.0,0,1.0
2024-09-17,AWS,Amazon Relational Database Service,Asia Pacific (Tokyo),0.0,1.0000002831,2,0.0,0,1.0
2024-09-17,AWS,Amazon Simple Queue Service,US West (Oregon),0.0,9907.0000010654,70,0.0,0,1.0
2024-09-17,AWS,Amazon Simple Storage Service,US East (N. Virginia),0.0,135.448558748,0,0.0,0,1.0
2024-09-18,AWS,Amazon Elastic Compute Cloud,EU (Paris),0.0,1.1705513771,3,0.0,0,1.0
2024-09-18,AWS,AmazonCloudWatch,Asia Pacific (Osaka),0.0,9.0,0,0.0,0,1.0
2024-09-18,AWS,AWS CloudTrail,US West (Oregon),0.0,12370.0,0,0.0,0,1.0
2024-09-18,AWS,Amazon Elastic File System,US West (Oregon),0.0,1.6440683021,5,0.0,0,1.0
2024-09-18,AWS,Amazon Simple Notification Service,US West (Oregon),0.0,27.0000257464,2,0.0,0,1.0
2024-09-18,AWS,Amazon Simple Notification Service,EU (Ireland),0.0,4.0,0,0.0,0,1.0
2024-09-18,AWS,Amazon Elastic Compute Cloud,EU (Stockholm),0.0,3.0673580921,7,0.0,0,1.0
2024-09-18,Microsoft,Storage Accounts,West US 2,0.064674904,0.45211999999999997,9,0.064674904,0,1.0
2024-09-18,AWS,Amazon Simple Queue Service,Asia Pacific (Mumbai),0.0,4.0,0,0.0,0,1.0
2024-09-18,AWS,AWS CloudTrail,US East (N. Virginia),0.0,1083.0,0,0.0,0,1.0
2024-09-18,AWS,Amazon Simple Storage Service,EU (Stockholm),0.0,2.0,0,0.0,0,1.0
2024-09-18,AWS,Amazon Simple Notification Service,Asia Pacific (Tokyo),0.0,4.0,0,0.0,0,1.0
2024-09-18,AWS,Amazon Relational Database Service,US West (Oregon),0.0,27.7674121658,22,0.0,0,1.0
2024-09-18,AWS,AmazonCloudWatch,EU (Frankfurt),0.0,9.0013684388,1,0.0,0,1.0
2024-09-18,AWS,Amazon Elastic Compute Cloud,Europe (Zurich),0.0,0.1666666667,1,0.0,0,1.0
2024-09-18,AWS,AmazonCloudWatch,Any,0.0,0.0013888889,0,0.0,0,1.0
2024-09-18,AWS,Amazon Simple Storage Service,US West (N. California),0.0,2.0000012778,0,0.0,0,1.0
2024-09-18,AWS,Amazon Elastic File System,US East (Ohio),0.0,0.0006645838,1,0.0,0,1.0
2024-09-18,AWS,Amazon Simple Queue Service,Asia Pacific (Singapore),0.0,4.0,0,0.0,0,1.0
2024-09-18,AWS,Amazon Relational Database Service,US West (N. California),0.0,0.3110297309,1,0.0,0,1.0
2024-09-18,AWS,Amazon Elastic Compute Cloud,Asia Pacific (Sydney),0.0,0.5042173366,15,0.0,0,1.0
2024-09-18,AWS,AmazonCloudWatch,Asia Pacific (Mumbai),0.0,3.0,0,0.0,0,1.0
2024-09-18,AWS,AWS App Runner,US West (Oregon),0.0,0.0067790784,1,0.0,0,1.0
2024-09-18,AWS,AmazonCloudWatch,Canada (Central),0.0,6.0,0,0.0,0,1.0
2024-09-18,AWS,Amazon Elastic Compute Cloud,Asia Pacific (Tokyo),0.0,4.1723824864,47,0.0,0,1.0
2024-09-18,Microsoft,Storage Accounts,West Europe,-6.48e-05,-0.0006,1,-6.48e-05,0,1.0
2024-09-18,Microsoft,Virtual Machines,West US,0.0,3.375,1,0.0,0,1.0
2024-09-18,AWS,Amazon Simple Notification Service,EU (Paris),0.0,4.0,0,0.0,0,1.0
2024-09-18,AWS,Amazon Elastic Compute Cloud,Canada (Central),0.0,0.1736111111,2,0.0,0,1.0
2024-09-18,AWS,AWS CloudTrail,Asia Pacific (Sydney),0.0,6.0,0,0.0,0,1.0
2024-09-18,AWS,AWS CloudTrail,US West (N. California),0.0,6.0,0,0.0,0,1.0
2024-09-18,AWS,Amazon Simple Notification Service,Asia Pacific (Sydney),0.0,4.0,0,0.0,0,1.0
2024-09-18,AWS,Amazon Simple Notification Service,External,0.0,1.03433e-05,2,0.0,0,1.0
2024-09-18,AWS,Amazon Elastic Compute Cloud,EU (Frankfurt),0.0,17.761822878,77,0.0,0,1.0
2024-09-18,AWS,Amazon Simple Notification Service,Asia Pacific (Singapore),0.0,4.0,0,0.0,0,1.0
2024-09-18,AWS,Amazon Route 53,unknown,0.0,515.0,14,0.0,0,1.0
2024-09-18,AWS,Amazon Simple Notification Service,Asia Pacific (Seoul),0.0,4.0,0,0.0,0,1.0
2024-09-18,AWS,Amazon Simple Email Service,US West (Oregon),0.0,1.001992045,0,0.0,0,1.0
2024-09-18,AWS,Amazon Elastic Compute Cloud,EU (Ireland),0.0,0.003346053,1,0.0,0,1.0
2024-09-18,Microsoft,Storage Accounts,West US,6.820099999999999e-05,0.0021859999999999996,7,6.820099999999999e-05,0,1.0
2024-09-18,AWS,Amazon GuardDuty,Asia Pacific (Osaka),0.0,43.0,0,0.0,0,1.0
2024-09-18,AWS,AmazonCloudWatch,Asia Pacific (Singapore),0.0,6.0013888889,0,0.0,0,1.0
2024-09-18,AWS,AWS CloudTrail,South America (Sao Paulo),0.0,13.0,0,0.0,0,1.0
2024-09-18,AWS,AWS CloudTrail,Asia Pacific (Tokyo),0.0,6.0,0,0.0,0,1.0
2024-09-18,AWS,Amazon Elastic Compute Cloud,EU (London),0.0,5.6059206065,25,0.0,0,1.0
2024-09-18,AWS,AmazonCloudWatch,Asia Pacific (Seoul),0.0,233.0,0,0.0,0,1.0
2024-09-18,AWS,Amazon Simple Notification Service,US West (N. California),0.0,4.0,0,0.0,0,1.0
2024-09-18,AWS,Amazon Simple Storage Service,US East (Ohio),0.0,22.0000001276,0,0.0,0,1.0
2024-09-18,AWS,Amazon GuardDuty,Asia Pacific (Jakarta),0.0,86.0,0,0.0,0,1.0
2024-09-18,AWS,Amazon Relational Database Service,Asia Pacific (Tokyo),0.0,9.10653e-05,1,0.0,0,1.0
2024-09-18,AWS,Amazon Elastic Compute Cloud,Middle East (UAE),0.0,0.1666666667,1,0.0,0,1.0
2024-09-18,AWS,Amazon Simple Queue Service,EU (Paris),0.0,4.0,0,0.0,0,1.0
2024-09-18,AWS,AWS CloudTrail,Asia Pacific (Seoul),0.0,12.0,0,0.0,0,1.0
2024-09-18,Microsoft,Virtual Machines,South Central US,2.405535508730167,28.0,2,0.714248,1,3.367927538796282
2024-09-18,AWS,Amazon Virtual Private Cloud,EU (Paris),0.0,1.0,1,0.0,0,1.0
2024-09-18,Microsoft,Virtual Network,East US,0.12,24.0,1,0.12,0,1.0
2024-09-18,AWS,Amazon Elastic Container Service,EU (Ireland),0.0,0.500000447,2,0.0,0,1.0
2024-09-18,Microsoft,Virtual Machines,East US,-0.8331342764,22.02504884666453,8,-0.8331342764,0,1.0
2024-09-18,AWS,Amazon Virtual Private Cloud,EU (London),0.0,5.0,5,0.0,0,1.0
2024-09-18,AWS,Amazon Simple Queue Service,External,0.0,6.0871e-06,1,0.0,0,1.0
2024-09-18,AWS,Amazon Elastic File System,Asia Pacific (Singapore),1.0,9.0650596619,1,1.0,0,1.0
2024-09-18,AWS,Amazon Simple Queue Service,South America (Sao Paulo),0.0,4.0,0,0.0,0,1.0
2024-09-18,AWS,Amazon Elastic Container Service,External,0.0,0.4487662156,34,0.0,0,1.0
2024-09-18,AWS,Amazon Virtual Private Cloud,EU (Ireland),0.0,1.0,1,0.0,0,1.0
2024-09-18,AWS,Amazon Relational Database Service,EU (Ireland),0.0,0.0277777778,1,0.0,0,1.0
2024-09-18,AWS,Amazon Simple Queue Service,US West (Oregon),0.0,2817.0000021308,91,0.0,0,1.0
2024-09-18,AWS,Amazon Virtual Private Cloud,EU (Frankfurt),0.0,5.0,5,0.0,0,1.0
2024-09-18,AWS,Amazon Relational Database Service,EU (Frankfurt),0.0,1.274e-06,1,0.0,0,1.0
2024-09-18,AWS,AWS CloudTrail,EU (Ireland),0.0,6.0,0,0.0,0,1.0
2024-09-18,AWS,Amazon Elastic Container Service,US West (Oregon),0.0,22.9939809924,123,0.0,0,1.0
2024-09-18,AWS,Amazon Simple Queue Service,US East (N. Virginia),0.0,238.0,2,0.0,0,1.0
2024-09-18,AWS,Amazon Virtual Private Cloud,Asia Pacific (Tokyo),0.0,1.0,1,0.0,0,1.0
2024-09-18,AWS,AWS CloudTrail,Asia Pacific (Singapore),0.0,1833.0,0,0.0,0,1.0
2024-09-18,AWS,Amazon Virtual Private Cloud,Asia Pacific (Singapore),0.0,0.435278,1,0.0,0,1.0
2024-09-18,AWS,Amazon Elastic Container Service for Kubernetes,US East (N. Virginia),0.0,1.0,1,0.0,0,1.0
2024-09-18,AWS,AWS CloudTrail,EU (Frankfurt),0.0,807.0,0,0.0,0,1.0
2024-09-18,AWS,Amazon Virtual Private Cloud,EU (Stockholm),0.0,2.0,2,0.0,0,1.0
2024-09-18,AWS,Amazon Elastic Compute Cloud,External,0.0,182.7323521379,472,0.0,0,1.0
2024-09-18,AWS,Amazon Elastic Compute Cloud,US West (Oregon),0.0,5431.3131773336,252,0.0,0,1.0
2024-09-18,Microsoft,Virtual Machines,Southeast Asia,-0.65705256,-0.033336,1,-0.65705256,0,1.0
2024-09-18,AWS,Amazon Virtual Private Cloud,US West (Oregon),0.0,61.858537339899996,84,0.0,0,1.0
2024-09-18,AWS,Amazon Simple Queue Service,Asia Pacific (Tokyo),0.0,4.0,0,0.0,0,1.0
2024-09-18,AWS,Amazon Relational Database Service,US East (Ohio),0.0,7297.0003832793,9,0.0,0,1.0
2024-09-18,AWS,Amazon Elastic Compute Cloud,South America (Sao Paulo),0.0,0.7474485997,9,0.0,0,1.0
2024-09-18,Microsoft,Virtual Machines,UK West,1.8066146870520863,0.033336,1,0.79473024,1,2.2732426628840576
2024-09-18,AWS,Amazon Simple Storage Service,US West (Oregon),0.0,527.9354795508,0,0.0,0,1.0
2024-09-18,AWS,Amazon GuardDuty,US West (N. California),0.0,46.0,0,0.0,0,1.0
2024-09-18,Microsoft,Virtual Machine Scale Sets,East US,5.73387066774,29.492007736246137,5,5.73387066774,0,1.0
2024-09-18,AWS,AWS CloudTrail,EU (Stockholm),0.0,14.0,0,0.0,0,1.0
2024-09-18,AWS,Amazon Elastic File System,EU (Frankfurt),0.0,0.3988349067,1,0.0,0,1.0
2024-09-18,AWS,AWS CloudTrail,Asia Pacific (Osaka),0.0,25.0,0,0.0,0,1.0
2024-09-18,AWS,Amazon Elastic Compute Cloud,US East (N. Virginia),-20.0,171.2874409777,671,-20.0,0,1.0
2024-09-18,AWS,Amazon Virtual Private Cloud,US East (Ohio),0.0,6.0,5,0.0,0,1.0
2024-09-18,AWS,Amazon Relational Database Service,US East (N. Virginia),0.0,5.1694460725,3,0.0,0,1.0
2024-09-18,AWS,Amazon Elastic Compute Cloud,US East (Ohio),0.0,2.5775209118,39,0.0,0,1.0
2024-09-18,Microsoft,Virtual Machines,West US 2,0.0,0.0,2,0.0,0,1.0
2024-09-18,AWS,Amazon Virtual Private Cloud,US East (N. Virginia),0.0,57.944443,75,0.0,0,1.0
2024-09-18,Microsoft,Virtual Machines,Central US,0.65705256,0.033336,1,0.65705256,0,1.0
2024-09-18,AWS,Amazon Simple Storage Service,EU (Frankfurt),0.0,784.1149423932,0,0.0,0,1.0
2024-09-18,AWS,Amazon Relational Database Service,External,0.0,5.368e-06,12,0.0,0,1.0
2024-09-18,AWS,Amazon Elastic Compute Cloud,US West (N. California),-3.0,1.0736950792,6,-3.0,0,1.0
2024-09-18,AWS,AWS CloudTrail,EU (Paris),0.0,12.0,0,0.0,0,1.0
2024-09-18,Microsoft,Virtual Machines,East Asia,0.015791994787015654,0.046941181644798,1,0.00375529454,1,3.963681776621062
2024-09-18,AWS,Amazon Virtual Private Cloud,South America (Sao Paulo),0.0,1.0,1,0.0,0,1.0
2024-09-18,AWS,Amazon Virtual Private Cloud,External,0.0,6.7577e-06,11,0.0,0,1.0
2024-09-18,AWS,Amazon Virtual Private Cloud,Asia Pacific (Mumbai),0.0,7.0,4,0.0,0,1.0
2024-09-18,AWS,Amazon Simple Storage Service,US East (N. Virginia),0.0,607.9526385509,0,0.0,0,1.0
2024-09-18,AWS,AmazonCloudWatch,Asia Pacific (Tokyo),0.0,7355.0,0,0.0,0,1.0
2024-09-18,Microsoft,Storage Accounts,UK West,-9.784000000000002e-06,-0.0004000000000000001,2,-9.784000000000002e-06,0,1.0
2024-09-18,AWS,Amazon CloudFront,South America,0.0,0.0482181795,1,0.0,0,1.0
2024-09-18,Microsoft,Storage Accounts,East Asia,1.07855063786728,26.5779,1,0.322528044,1,3.3440522705903986
2024-09-18,AWS,Elastic Load Balancing,External,0.0,0.0281995626,94,0.0,0,1.0
2024-09-18,AWS,Amazon CloudFront,Japan,0.0,490.1788714201,4,0.0,0,1.0
2024-09-18,AWS,Elastic Load Balancing,US East (N. Virginia),0.0,2.004745108,10,0.0,0,1.0
2024-09-18,AWS,Amazon CloudFront,India,0.0,2.0,1,0.0,0,1.0
2024-09-18,AWS,Elastic Load Balancing,EU (Stockholm),0.0,1.0000260128,5,0.0,0,1.0
2024-09-18,AWS,AWS Lambda,External,0.0,0.000812049,0,0.0,0,1.0
2024-09-18,Microsoft,Storage Accounts,Central US,1.3187760792,0.35344099999999995,8,1.3187760792,0,1.0
2024-09-18,AWS,Amazon CloudFront,Europe,0.0,91.61153108260001,9,0.0,0,1.0
2024-09-18,AWS,Elastic Load Balancing,US West (Oregon),0.0,12.6416982633,73,0.0,0,1.0
2024-09-18,AWS,Amazon CloudFront,EU (London),0.0,0.0005,1,0.0,0,1.0
2024-09-18,AWS,Amazon CloudFront,EU (Frankfurt),0.0,6.056125,2,0.0,0,1.0
2024-09-18,AWS,Red Hat OpenShift Service on AWS,unknown,0.0,1.0,1,0.0,0,1.0
2024-09-18,AWS,Elastic Load Balancing,US East (Ohio),0.0,1.0007502689,10,0.0,0,1.0
2024-09-18,AWS,Amazon CloudFront,Canada,0.0,0.0057703974,1,0.0,0,1.0
2024-09-18,AWS,AWS Key Management Service,US East (Ohio),0.0,16.0097222223,6,0.0,0,1.0
2024-09-18,AWS,Amazon CloudFront,United States,0.0,380.04782545759997,6,0.0,0,1.0
2024-09-18,AWS,Amazon EC2 Container Registry (ECR),EU (Ireland),0.0,6.749e-07,6,0.0,0,1.0
2024-09-18,AWS,AWS Key Management Service,EU (London),0.0,0.0027777778,2,0.0,0,1.0
2024-09-18,AWS,Amazon EC2 Container Registry (ECR),EU (Frankfurt),0.0,0.000388496,2,0.0,0,1.0
2024-09-18,AWS,Amazon EC2 Container Registry (ECR),Asia Pacific (Singapore),0.0,0.0003106757,1,0.0,0,1.0
2024-09-18,AWS,Elastic Load Balancing,Asia Pacific (Singapore),0.0,6.706e-07,1,0.0,0,1.0
2024-09-18,AWS,Amazon DynamoDB,US West (Oregon),0.0,91239.5,5,0.0,0,1.0
2024-09-18,AWS,Elastic Load Balancing,EU (Paris),0.0,0.0024063307999999998,1,0.0,0,1.0
2024-09-18,AWS,Amazon DynamoDB,US East (Ohio),0.0,4.0000076102,3,0.0,0,1.0
2024-09-18,AWS,Elastic Load Balancing,Asia Pacific (Tokyo),0.0,0.0001861406,3,0.0,0,1.0
2024-09-18,AWS,Amazon DynamoDB,US East (N. Virginia),0.0,1.0,1,0.0,0,1.0
2024-09-18,AWS,Elastic Load Balancing,EU (Frankfurt),0.0,5.012410855,10,0.0,0,1.0
2024-09-18,AWS,Amazon DynamoDB,EU (Stockholm),0.0,1.0,1,0.0,0,1.0
2024-09-18,AWS,Elastic Load Balancing,EU (Ireland),0.0,2.0000045756000002,3,0.0,0,1.0
2024-09-18,Microsoft,Storage Accounts,East US,0.0007507374090397306,0.053501999999999994,68,0.00010651520000000016,1,3.697339589849349
2024-09-18,Microsoft,Storage Accounts,East US 2,0.0008804,-0.013433,2,0.0008804,0,1.0
2024-09-18,AWS,AWS Lambda,US East (N. Virginia),0.0,108455.406,5,0.0,0,1.0
2024-09-18,AWS,Amazon CloudFront,Australia,0.0,1.0,1,0.0,0,1.0
2024-09-18,Microsoft,Storage Accounts,Canada East,6.481600000000001e-05,0.0018969999999999998,1,6.481600000000001e-05,0,1.0
2024-09-18,AWS,AWS Step Functions,US West (N. California),0.0,1.12597e-05,0,0.0,0,1.0
2024-09-18,AWS,AWS Step Functions,US East (Ohio),0.0,1.12634e-05,0,0.0,0,1.0
2024-09-18,AWS,AWS Step Functions,South America (Sao Paulo),0.0,1.49e-07,0,0.0,0,1.0
2024-09-18,Microsoft,Azure SQL Database,East US,7.296,48.0,1,7.296,0,1.0
2024-09-18,Microsoft,Azure SQL Database,West US 2,31.5,84.0,1,31.5,0,1.0
2024-09-18,Microsoft,Load Balancer,East US,-1.7999999999999998,-72.0,3,-1.7999999999999998,0,1.0
2024-09-18,AWS,AWS Step Functions,US West (Oregon),0.0,96.0,3,0.0,0,1.0
2024-09-18,Microsoft,Azure Site Recovery,Southeast Asia,-0.03016408209,-0.67330540380168,1,-0.03016408209,0,1.0
2024-09-18,Microsoft,Azure Synapse Analytics,East US 2,-10.5,-47.988,2,-10.5,0,1.0
2024-09-18,AWS,AWS Step Functions,Asia Pacific (Seoul),0.0,1.49e-07,0,0.0,0,1.0
2024-09-18,AWS,AWS Step Functions,Asia Pacific (Mumbai),0.0,1.12774e-05,0,0.0,0,1.0
2024-09-18,AWS,AWS Step Functions,Africa (Cape Town),0.0,1.12765e-05,0,0.0,0,1.0
2024-09-18,AWS,AWS Security Hub,EU (Frankfurt),0.0,6.0,1,0.0,0,1.0
2024-09-18,Microsoft,Key Vault,Global,8.000000000000001e-06,0.00039999999999999996,3,8.000000000000001e-06,0,1.0
2024-09-18,AWS,AWS Step Functions,Asia Pacific (Sydney),0.0,1.13361e-05,0,0.0,0,1.0
2024-09-18,Microsoft,Azure Machine Learning,East US 2,0.9790452724154008,3.8523671967596402,2,0.3037657284,1,3.223027421731361
2024-09-18,AWS,AWS Lambda,US West (Oregon),0.0,14677.3446801935,12,0.0,0,1.0
2024-09-18,AWS,AWS Systems Manager,US East (N. Virginia),0.0,81.0,0,0.0,0,1.0
2024-09-18,Microsoft,Azure App Service,Central US,0.48,24.0,1,0.48,0,1.0
2024-09-18,Microsoft,Azure App Service,South Central US,0.0,0.032256,1,0.0,0,1.0
2024-09-18,AWS,Amazon CloudFront,Asia Pacific,0.0,199.0000104737,3,0.0,0,1.0
2024-09-18,AWS,AWS Lambda,US East (Ohio),0.0,16.9835274526,3,0.0,0,1.0
2024-09-18,Microsoft,Azure Container Registry,East US 2,0.16633466067,1.000008,1,0.16633466067,0,1.0
2024-09-18,AWS,Amazon API Gateway,US West (Oregon),0.0,5.0000067065,2,0.0,0,1.0
2024-09-18,AWS,AWS Lambda,US West (N. California),0.0,507.782,1,0.0,0,1.0
2024-09-18,AWS,AWS WAF,US West (Oregon),0.0,1648.0,1,0.0,0,1.0
2024-09-18,Microsoft,Storage Accounts,Brazil South,0.0,0.001947,1,0.0,0,1.0
2024-09-18,AWS,AWS WAF,Any,0.0,2.0,1,0.0,0,1.0
2024-09-18,Microsoft,Azure Data Factory v2,West US,0.04,0.04,1,0.04,0,1.0
2024-09-18,Microsoft,Azure File Sync,Central US,0.0,-0.033333333333333,1,0.0,0,1.0
2024-09-18,Microsoft,SQL Database,West US 2,103.42154129182994,72.0,1,27.0,1,3.830427455252961
2024-09-18,AWS,AWS Systems Manager,US West (Oregon),0.0,13555.0,0,0.0,0,1.0
2024-09-18,Microsoft,SQL Database,East US,48.7058797572079,96.0,1,14.592,1,3.3378481193261993
2024-09-18,AWS,CloudWatch Events,EU (Frankfurt),0.0,42.0,0,0.0,0,1.0
2024-09-18,AWS,Amazon EC2 Container Registry (ECR),EU (Stockholm),0.0,0.00019653040000000002,2,0.0,0,1.0
2024-09-18,AWS,Amazon CloudFront,South Africa,0.0,0.0611535674,1,0.0,0,1.0
2024-09-18,AWS,Amazon ElastiCache,US West (Oregon),0.0,1.0,1,0.0,0,1.0
2024-09-18,AWS,Amazon EC2 Container Registry (ECR),US West (Oregon),0.0,0.0036039754000000003,8,0.0,0,1.0
2024-09-18,AWS,AWS Glue,Asia Pacific (Singapore),0.0,1.0,0,0.0,0,1.0
2024-09-18,AWS,Amazon Elastic Compute Cloud,Asia Pacific (Mumbai),0.0,4.1174032882,42,0.0,0,1.0
2024-09-18,AWS,AmazonCloudWatch,EU (Stockholm),0.0,492.0000009723,1,0.0,0,1.0
2024-09-18,AWS,AWS Glue,US West (Oregon),0.0,0.0013888889,0,0.0,0,1.0
2024-09-18,AWS,AmazonCloudWatch,EU (London),0.0,6.0,0,0.0,0,1.0
2024-09-18,AWS,AmazonCloudWatch,US West (N. California),0.0,126.0013888889,0,0.0,0,1.0
2024-09-18,AWS,Amazon Elastic Compute Cloud,Asia Pacific (Singapore),5.0,4.7288423679,25,5.0,0,1.0
2024-09-18,AWS,AmazonCloudWatch,US West (Oregon),0.0,12316.368809040501,165,0.0,0,1.0
2024-09-18,AWS,Amazon Elastic Compute Cloud,Asia Pacific (Seoul),0.0,0.2666666667,2,0.0,0,1.0
2024-09-18,Microsoft,Storage Accounts,North Europe,0.006437681629119603,0.120297,1,0.0026949888,1,2.388760067989746
2024-09-18,AWS,AmazonCloudWatch,US East (Ohio),0.0,0.0334715034,7,0.0,0,1.0
2024-09-18,AWS,AmazonCloudWatch,US East (N. Virginia),0.0,446.022226715,4,0.0,0,1.0
2024-09-18,AWS,Amazon EC2 Container Registry (ECR),US East (N. Virginia),0.0,0.0007712223,6,0.0,0,1.0
2024-09-18,AWS,AmazonCloudWatch,EU (Paris),0.0,9.0,0,0.0,0,1.0
2024-09-18,Microsoft,Storage Accounts,Southeast Asia,0.026225360095932276,0.165356,2,0.009998892,1,2.6228266187825886
2024-09-18,AWS,AWS Key Management Service,EU (Frankfurt),0.0,0.0013888889,1,0.0,0,1.0
2024-09-18,AWS,AmazonCloudWatch,South America (Sao Paulo),0.0,6.0,0,0.0,0,1.0
2024-09-18,AWS,Amazon EC2 Container Registry (ECR),US West (N. California),0.0,0.0004228619,1,0.0,0,1.0
2024-09-18,AWS,AmazonCloudWatch,EU (Ireland),0.0,245.0,0,0.0,0,1.0
2024-09-18,AWS,Amazon Elastic Compute Cloud,Africa (Cape Town),0.0,2.3881835938,2,0.0,0,1.0
2024-09-18,Microsoft,Storage Accounts,North Central US,1.080399011275225e-06,0.0012,1,4.32e-07,1,2.5009236372111685
2024-09-18,AWS,CloudWatch Events,Asia Pacific (Osaka),0.0,13.0,0,0.0,0,1.0
2024-09-19,Microsoft,Virtual Network,East US,-0.065,-13.0,3,-0.065,0,1.0
2024-09-19,AWS,Amazon Simple Queue Service,South America (Sao Paulo),0.0,4.0,0,0.0,0,1.0
2024-09-19,Microsoft,Virtual Network,South Central US,0.4428900650398256,32.0,1,0.128,1,3.4600786331236373
2024-09-19,AWS,AWS Security Hub,Asia Pacific (Sydney),0.0,2.0,1,0.0,0,1.0
2024-09-19,Microsoft,Azure Data Factory v2,West US,0.03933333333,0.139333333333333,2,0.03933333333,0,1.0
2024-09-19,AWS,Amazon Simple Queue Service,External,0.0,1.3039e-06,1,0.0,0,1.0
2024-09-19,Microsoft,Azure Kubernetes Service,East US,8.507365799772238,15.64064823280972,1,1.56406482328,1,3.7669880445325177
2024-09-19,Microsoft,Azure Kubernetes Service,Central US,-0.26348,-28.0,1,-0.26348,0,1.0
2024-09-19,AWS,AWS CloudTrail,US West (N. California),0.0,24.0,0,0.0,0,1.0
2024-09-19,AWS,Amazon Simple Queue Service,EU (Paris),0.0,4.0,0,0.0,0,1.0
2024-09-19,AWS,Amazon Elastic Compute Cloud,Asia Pacific (Mumbai),0.0,3.8307645106,38,0.0,0,1.0
2024-09-19,AWS,AWS Systems Manager,US West (Oregon),0.0,75.0,0,0.0,0,1.0
2024-09-19,AWS,AWS Data Transfer,US West (Oregon),0.0,0.0,0,0.0,0,1.0
2024-09-19,AWS,Amazon EC2 Container Registry (ECR),EU (Stockholm),0.0,0.00044468000000000003,4,0.0,0,1.0
2024-09-19,AWS,Amazon Simple Queue Service,US East (N. Virginia),0.0,85.0,1,0.0,0,1.0
2024-09-19,AWS,AWS WAF,Any,0.0,35.0013888889,2,0.0,0,1.0
2024-09-19,Microsoft,Azure App Service,Central US,0.0,0.018816,1,0.0,0,1.0
2024-09-19,AWS,Amazon CloudFront,Asia Pacific,0.0,4.0078636799,3,0.0,0,1.0
2024-09-19,AWS,Amazon Simple Storage Service,EU (Ireland),0.0,1.0,0,0.0,0,1.0
2024-09-19,AWS,AmazonCloudWatch,Asia Pacific (Singapore),0.0,12.0,0,0.0,0,1.0
2024-09-19,Microsoft,Virtual Machines,West US 2,13.025263920974632,0.022224,1,2.73088512,1,3.1797416951210877
2024-09-19,AWS,Amazon Simple Storage Service,EU (Frankfurt),0.0,578.0000003269,0,0.0,0,1.0
2024-09-19,Microsoft,Azure Container Instances,East US 2,1.13412297993,28.003036541388916,1,1.13412297993,0,1.0
2024-09-19,AWS,Amazon Elastic Compute Cloud,EU (Ireland),0.0,1.043e-07,1,0.0,0,1.0
2024-09-19,AWS,Amazon GuardDuty,US West (N. California),0.0,85.0,0,0.0,0,1.0
2024-09-19,AWS,AWS Lambda,US East (Ohio),0.0,18.9650666305,3,0.0,0,1.0
2024-09-19,AWS,Amazon Simple Queue Service,US West (Oregon),0.0,38832.0000010654,90,0.0,0,1.0
2024-09-19,AWS,AmazonCloudWatch,EU (Stockholm),0.0,9.0111111111,1,0.0,0,1.0
2024-09-19,Microsoft,Storage Accounts,Canada Central,7.667093144221868e-05,0.0008,2,8.144e-06,1,3.613825954101559
2024-09-19,AWS,Amazon Relational Database Service,Asia Pacific (Singapore),0.0,1.4862999999999999e-06,1,0.0,0,1.0
2024-09-19,AWS,Amazon API Gateway,US West (Oregon),0.0,98.0,3,0.0,0,1.0
2024-09-19,AWS,AWS CloudTrail,Asia Pacific (Singapore),0.0,18.0,0,0.0,0,1.0
2024-09-19,Microsoft,Azure Data Factory,East US,2.8769482460361743e-05,2e-05,1,1e-05,1,2.876948246036174
2024-09-19,AWS,Amazon Simple Queue Service,US East (Ohio),0.0,4.0,0,0.0,0,1.0
2024-09-19,AWS,AWS Systems Manager,US East (N. Virginia),0.0,34.0,0,0.0,0,1.0
2024-09-19,Microsoft,Azure Data Factory,West US 2,1e-05,2e-05,1,1e-05,0,1.0
2024-09-19,AWS,AmazonCloudWatch,Asia Pacific (Sydney),0.0,468.0,0,0.0,0,1.0
2024-09-19,AWS,Amazon Elastic Compute Cloud,EU (Frankfurt),0.0,8.6082013826,53,0.0,0,1.0
2024-09-19,AWS,Amazon Relational Database Service,External,0.0,2.63797e-05,15,0.0,0,1.0
2024-09-19,AWS,AWS Lambda,US West (Oregon),0.0,4840.0078841002,24,0.0,0,1.0
2024-09-19,AWS,AmazonCloudWatch,Asia Pacific (Tokyo),0.0,15.0,0,0.0,0,1.0
2024-09-19,Microsoft,Load Balancer,East US,-0.00238497672,-0.476995344273746,1,-0.00238497672,0,1.0
2024-09-19,AWS,Amazon Route 53,unknown,0.0,1394.0,10,0.0,0,1.0
2024-09-19,AWS,AWS CloudTrail,Asia Pacific (Jakarta),0.0,60.0,0,0.0,0,1.0
2024-09-19,AWS,Amazon Elastic Compute Cloud,Asia Pacific (Singapore),0.0,4.9156346669,23,0.0,0,1.0
2024-09-19,AWS,AWS CloudTrail,US West (Oregon),0.0,710.0,0,0.0,0,1.0
2024-09-19,AWS,Amazon Simple Email Service,US West (Oregon),0.0,15.0002282373,0,0.0,0,1.0
2024-09-19,AWS,Amazon Simple Notification Service,US East (N. Virginia),0.0,16.0,0,0.0,0,1.0
2024-09-19,Microsoft,Azure Synapse Analytics,East US 2,-5.683062921,-25.950059,1,-5.683062921,0,1.0
2024-09-19,AWS,AWS Step Functions,Asia Pacific (Singapore),0.0,1.49e-07,0,0.0,0,1.0
2024-09-19,AWS,AWS Backup,US West (Oregon),0.0,1.26091e-05,1,0.0,0,1.0
2024-09-19,AWS,AWS Secrets Manager,US West (N. California),0.0,0.0013888889,0,0.0,0,1.0
2024-09-19,AWS,Amazon Simple Notification Service,Asia Pacific (Seoul),0.0,4.0,0,0.0,0,1.0
2024-09-19,AWS,Amazon Simple Notification Service,External,0.0,6.12205e-05,1,0.0,0,1.0
2024-09-19,AWS,AmazonCloudWatch,EU (Ireland),0.0,9.0,0,0.0,0,1.0
2024-09-19,AWS,AWS Data Transfer,EU (Frankfurt),0.0,0.0,0,0.0,0,1.0
2024-09-19,AWS,AWS Step Functions,Africa (Cape Town),0.0,1.27582e-05,0,0.0,0,1.0
2024-09-19,Microsoft,Key Vault,East US 2,1.2e-05,0.0004,1,1.2e-05,0,1.0
2024-09-19,AWS,AWS Secrets Manager,US West (Oregon),0.0,1.0,1,0.0,0,1.0
2024-09-19,AWS,AWS Security Hub,US East (N. Virginia),0.0,2.0,1,0.0,0,1.0
2024-09-19,Microsoft,Storage Accounts,West Central US,0.0,0.000656,1,0.0,0,1.0
2024-09-19,AWS,Amazon Elastic Compute Cloud,Asia Pacific (Sydney),0.0,0.7074676919,22,0.0,0,1.0
2024-09-19,Microsoft,Key Vault,Global,4e-06,0.0002,2,4e-06,0,1.0
2024-09-19,Microsoft,Event Grid,East US,1.2733588903005425e-05,6e-05,1,3.6e-06,1,3.537108028612618
2024-09-19,AWS,Amazon Simple Queue Service,EU (London),0.0,4.0,0,0.0,0,1.0
2024-09-19,Microsoft,Azure SQL Database,West US 2,4.256,28.0,1,4.256,0,1.0
2024-09-19,AWS,AWS CloudTrail,Asia Pacific (Mumbai),0.0,6.0,0,0.0,0,1.0
2024-09-19,AWS,Amazon Elastic Compute Cloud,Canada (Central),0.0,0.0069444444,1,0.0,0,1.0
2024-09-19,AWS,Amazon Relational Database Service,US East (N. Virginia),0.0,0.0027781019,2,0.0,0,1.0
2024-09-19,AWS,AWS CloudTrail,Asia Pacific (Osaka),0.0,12.0,0,0.0,0,1.0
2024-09-19,Microsoft,Storage Accounts,West US,7.8612e-05,0.031,9,7.8612e-05,0,1.0
2024-09-19,AWS,AmazonCloudWatch,EU (Paris),0.0,6.0,0,0.0,0,1.0
2024-09-19,Microsoft,Azure Machine Learning,East US 2,0.933825926216464,4.172192027439174,2,0.15537665295,1,3.074164854393311
2024-09-19,AWS,AWS Step Functions,US West (Oregon),0.0,324.010119088,2,0.0,0,1.0
2024-09-19,AWS,AWS Secrets Manager,US East (N. Virginia),0.0,0.0041666667,0,0.0,0,1.0
2024-09-19,AWS,Amazon Relational Database Service,US East (Ohio),0.0,3.3477780203000003,5,0.0,0,1.0
2024-09-19,Microsoft,Storage Accounts,West Europe,2.4e-05,0.0012,1,2.4e-05,0,1.0
2024-09-19,AWS,AWS Secrets Manager,US East (Ohio),0.0,6.0,1,0.0,0,1.0
2024-09-19,AWS,AmazonCloudWatch,EU (London),0.0,9.0,0,0.0,0,1.0
2024-09-19,AWS,Amazon Simple Queue Service,Asia Pacific (Seoul),0.0,5.0,0,0.0,0,1.0
2024-09-19,Microsoft,Azure SQL Database,Central US,0.28225806452,0.018817204301075,1,0.28225806452,0,1.0
2024-09-19,AWS,AWS Step Functions,EU (Stockholm),0.0,1.49e-07,0,0.0,0,1.0
2024-09-19,Microsoft,Load Balancer,East US 2,0.0,0.0,1,0.0,0,1.0
2024-09-19,AWS,Amazon Relational Database Service,US West (Oregon),1.0,4.4150699628000005,17,1.0,0,1.0
2024-09-19,AWS,AmazonCloudWatch,Canada (Central),0.0,3.0,0,0.0,0,1.0
2024-09-19,AWS,Amazon Elastic Compute Cloud,Asia Pacific (Tokyo),0.0,6.963319699,39,0.0,0,1.0
2024-09-19,Oracle,COMPUTE,us-phoenix-1,0.0,-32.066666666666,6,0.0,0,1.0
2024-09-19,AWS,Amazon Simple Queue Service,Africa (Cape Town),0.0,4.0,0,0.0,0,1.0
2024-09-19,AWS,Amazon Simple Notification Service,US West (Oregon),0.0,43.000002678499996,4,0.0,0,1.0
2024-09-19,Microsoft,Azure Private Link,West US 2,0.826051163641022,15.0,1,0.15,1,3.4418798485042585
2024-09-19,AWS,AWS Glue,EU (Frankfurt),0.0,0.0041666667,0,0.0,0,1.0
2024-09-19,AWS,Amazon GuardDuty,Canada (Central),0.0,66.0,0,0.0,0,1.0
2024-09-19,Microsoft,Storage Accounts,Canada East,0.20096348,14.9917,1,0.20096348,0,1.0
2024-09-19,AWS,AWS CloudTrail,South America (Sao Paulo),0.0,4.0,0,0.0,0,1.0
2024-09-19,AWS,Amazon Simple Notification Service,EU (Frankfurt),0.0,4.0,0,0.0,0,1.0
2024-09-19,Microsoft,Storage Accounts,East US 2,0.000677024,0.025301999999999998,5,0.000677024,0,1.0
2024-09-19,AWS,Amazon Elastic Compute Cloud,US West (Oregon),2.645101528477201,91.6935058717,258,1.0,1,2.645101528477201
2024-09-19,AWS,AWS CloudTrail,EU (London),0.0,617.0,0,0.0,0,1.0
2024-09-19,AWS,Amazon Virtual Private Cloud,EU (Stockholm),0.0,2.0,2,0.0,0,1.0
2024-09-19,AWS,Amazon EC2 Container Registry (ECR),US East (N. Virginia),0.0,0.0013587757,7,0.0,0,1.0
2024-09-19,AWS,Elastic Load Balancing,Asia Pacific (Tokyo),0.0,3.28198e-05,2,0.0,0,1.0
2024-09-19,AWS,Amazon DynamoDB,US East (N. Virginia),0.0,0.0001186654,1,0.0,0,1.0
2024-09-19,AWS,AmazonCloudWatch,US West (N. California),0.0,15.0,0,0.0,0,1.0
2024-09-19,AWS,AmazonCloudWatch,Any,0.0,0.0055555556,0,0.0,0,1.0
2024-09-19,AWS,Amazon Elastic Container Service,EU (Ireland),0.0,1.0000003725,1,0.0,0,1.0
2024-09-19,AWS,Amazon Virtual Private Cloud,EU (London),0.0,1.0,1,0.0,0,1.0
2024-09-19,AWS,Elastic Load Balancing,EU (Frankfurt),0.0,2.0000503818,8,0.0,0,1.0
2024-09-19,Microsoft,Virtual Machines,East US,-0.96251748649,-27.27101282429701,6,-0.96251748649,0,1.0
2024-09-19,AWS,AWS Key Management Service,US East (N. Virginia),0.0,0.0013888889,1,0.0,0,1.0
2024-09-19,AWS,Amazon Elastic Container Service,External,0.0,0.45274179729999997,24,0.0,0,1.0
2024-09-19,AWS,Elastic Load Balancing,EU (Ireland),0.0,1.0000055674000001,3,0.0,0,1.0
2024-09-19,AWS,Amazon DynamoDB,Asia Pacific (Sydney),0.0,5.0,1,0.0,0,1.0
2024-09-19,AWS,Amazon Virtual Private Cloud,EU (Frankfurt),0.0,3.389167,4,0.0,0,1.0
2024-09-19,AWS,Elastic Load Balancing,EU (London),0.0,0.0004735124,1,0.0,0,1.0
2024-09-19,AWS,Amazon DynamoDB,US West (N. California),0.0,2.0000000009,2,0.0,0,1.0
2024-09-19,AWS,Amazon Virtual Private Cloud,External,0.0,2.79816e-05,11,0.0,0,1.0
2024-09-19,Microsoft,Storage Accounts,East US 2 EUAP,9.330679701891634e-06,0.0003,1,1.2e-06,1,3.8877832091215145
2024-09-19,AWS,Elastic Load Balancing,Asia Pacific (Sydney),0.0,7.46e-08,1,0.0,0,1.0
2024-09-19,AWS,Amazon Elastic Compute Cloud,South America (Sao Paulo),0.0,2.5924967822,10,0.0,0,1.0
2024-09-19,AWS,Amazon Virtual Private Cloud,US West (N. California),0.0,1.0,1,0.0,0,1.0
2024-09-19,Microsoft,Storage Accounts,North Central US,3.2e-06,0.0004,1,3.2e-06,0,1.0
2024-09-19,AWS,Amazon EC2 Container Registry (ECR),EU (Ireland),0.0,0.0009602895,10,0.0,0,1.0
2024-09-19,Microsoft,Virtual Machine Scale Sets,East US,-0.61970596945,-4.241622445924284,4,-0.61970596945,0,1.0
2024-09-19,AWS,AWS CloudTrail,EU (Stockholm),0.0,434.0,0,0.0,0,1.0
2024-09-19,AWS,Amazon Virtual Private Cloud,US West (Oregon),0.0,60.5492377261,90,0.0,0,1.0
2024-09-19,AWS,Amazon EC2 Container Registry (ECR),EU (Frankfurt),0.0,0.000146983,2,0.0,0,1.0
2024-09-19,AWS,Amazon Elastic Compute Cloud,US East (N. Virginia),51.0,145.6849592355,642,51.0,0,1.0
2024-09-19,AWS,Amazon Virtual Private Cloud,US East (Ohio),0.0,6.0,6,0.0,0,1.0
2024-09-19,Microsoft,Storage Accounts,East US,0.0011443718231205426,0.051447999999999994,71,0.000290518,1,3.9390737342283177
2024-09-19,AWS,CloudWatch Events,South America (Sao Paulo),0.0,28.0,0,0.0,0,1.0
2024-09-19,AWS,Amazon Elastic Compute Cloud,US East (Ohio),0.0,5.4992267845,44,0.0,0,1.0
2024-09-19,AWS,Amazon Virtual Private Cloud,US East (N. Virginia),0.0,56.702221,75,0.0,0,1.0
2024-09-19,Microsoft,Storage Accounts,Korea Central,2.240840572775152e-05,0.0004,1,1.44e-07,1,2.9877874303668692
2024-09-19,AWS,CloudWatch Events,US West (Oregon),0.0,8047.0,1,0.0,0,1.0
2024-09-19,AWS,Amazon Elastic Compute Cloud,External,0.0,178.8808592026,493,0.0,0,1.0
2024-09-19,AWS,AmazonCloudWatch,US West (Oregon),0.0,3649.3372522800996,161,0.0,0,1.0
2024-09-19,AWS,Amazon DynamoDB,US West (Oregon),0.0,47.5000000619,10,0.0,0,1.0
2024-09-19,AWS,AWS CloudTrail,EU (Paris),0.0,497.0,0,0.0,0,1.0
2024-09-19,AWS,Amazon Elastic Compute Cloud,US West (N. California),0.0,0.027801517300000002,5,0.0,0,1.0
2024-09-19,AWS,Amazon Virtual Private Cloud,South America (Sao Paulo),0.0,1.0,1,0.0,0,1.0
2024-09-19,AWS,AWS Key Management Service,EU (Frankfurt),0.0,0.0013888889,1,0.0,0,1.0
2024-09-19,AWS,Amazon CloudFront,United States,0.0,865.0,3,0.0,0,1.0
2024-09-19,AWS,AmazonCloudWatch,Asia Pacific (Mumbai),0.0,9.0,0,0.0,0,1.0
2024-09-19,AWS,Amazon Elastic Container Service,US West (Oregon),0.0,23.2261745013,89,0.0,0,1.0
2024-09-19,AWS,AmazonCloudWatch,Asia Pacific (Osaka),0.0,12.0,0,0.0,0,1.0
2024-09-19,AWS,Amazon Elastic Compute Cloud,EU (Paris),0.0,0.1039837314,3,0.0,0,1.0
2024-09-19,AWS,Amazon ElastiCache,US West (N. California),0.0,1.0,1,0.0,0,1.0
2024-09-19,AWS,AWS CloudTrail,Canada (Central),0.0,12.0,0,0.0,0,1.0
2024-09-19,AWS,Elastic Load Balancing,US East (Ohio),0.0,3.000998971,9,0.0,0,1.0
2024-09-19,AWS,Amazon Simple Storage Service,US West (N. California),0.0,1.1e-08,0,0.0,0,1.0
2024-09-19,Microsoft,Storage Accounts,Central US,0.00042080549796426976,0.004946,7,2.3738000000000002e-05,1,2.116387191016887
2024-09-19,AWS,AmazonCloudWatch,US East (N. Virginia),0.0,730.0008452513,5,0.0,0,1.0
2024-09-19,AWS,Amazon CloudFront,Europe,0.0,3685.0007035938,3,0.0,0,1.0
2024-09-19,AWS,Elastic Load Balancing,US West (Oregon),0.0,14.7120067141,74,0.0,0,1.0
2024-09-19,AWS,Amazon Simple Storage Service,US West (Oregon),0.0,4066.0003236933,0,0.0,0,1.0
2024-09-19,AWS,Amazon GuardDuty,Asia Pacific (Mumbai),0.0,47.0,0,0.0,0,1.0
2024-09-19,AWS,Amazon Simple Storage Service,US East (Ohio),0.0,4.0000001276,0,0.0,0,1.0
2024-09-19,AWS,Amazon Elastic Compute Cloud,EU (London),0.0,0.6406835455000001,9,0.0,0,1.0
2024-09-19,AWS,Amazon ElastiCache,US West (Oregon),0.0,1.0,1,0.0,0,1.0
2024-09-19,AWS,Amazon CloudFront,Canada,0.0,2.0000090105,2,0.0,0,1.0
2024-09-19,AWS,AWS CloudTrail,US East (Ohio),0.0,12.0,0,0.0,0,1.0
2024-09-19,AWS,AmazonCloudWatch,South America (Sao Paulo),0.0,18.0,0,0.0,0,1.0
2024-09-19,AWS,Amazon Simple Storage Service,US East (N. Virginia),0.0,598.492707535,0,0.0,0,1.0
2024-09-19,AWS,AWS Lambda,US East (N. Virginia),0.0,109811.0631536195,5,0.0,0,1.0
2024-09-19,AWS,Amazon CloudFront,Australia,0.0,9.2173e-06,1,0.0,0,1.0
2024-09-19,AWS,AWS CloudTrail,Asia Pacific (Sydney),0.0,505.0,0,0.0,0,1.0
2024-09-19,AWS,AmazonCloudWatch,Asia Pacific (Seoul),0.0,9.0,0,0.0,0,1.0
2024-09-19,AWS,Amazon GuardDuty,Middle East (Bahrain),0.0,41.0,0,0.0,0,1.0
2024-09-19,AWS,Amazon CloudFront,India,0.0,115.0000005765,3,0.0,0,1.0
2024-09-19,AWS,AWS Key Management Service,US West (Oregon),0.0,17.0027777778,4,0.0,0,1.0
2024-09-19,AWS,Amazon Virtual Private Cloud,Asia Pacific (Tokyo),0.0,2.0,2,0.0,0,1.0
2024-09-19,AWS,Amazon Elastic Compute Cloud,EU (Stockholm),0.0,2.053487074,7,0.0,0,1.0
2024-09-19,AWS,Amazon CloudFront,US West (Oregon),0.0,8528.0,1,0.0,0,1.0
2024-09-19,AWS,AWS Key Management Service,Asia Pacific (Sydney),0.0,0.0013888889,1,0.0,0,1.0
2024-09-19,AWS,Amazon Elastic Container Service for Kubernetes,US East (N. Virginia),0.0,1.0,1,0.0,0,1.0
2024-09-19,AWS,AWS Key Management Service,US East (Ohio),0.0,0.009722222300000001,5,0.0,0,1.0
2024-09-19,Microsoft,Storage Accounts,West US 2,0.0003187934479627636,0.01892,9,0.000153438,1,2.077669468858846
2024-09-19,AWS,Amazon Elastic Container Service for Kubernetes,US East (Ohio),0.0,1.0,1,0.0,0,1.0
2024-09-19,AWS,Amazon Virtual Private Cloud,Asia Pacific (Singapore),0.0,1.0,1,0.0,0,1.0
2024-09-19,AWS,AWS CloudTrail,EU (Frankfurt),0.0,538.0,0,0.0,0,1.0
2024-09-19,AWS,Amazon Elastic File System,EU (Frankfurt),0.0,0.0145588107,1,0.0,0,1.0
2024-09-19,AWS,Elastic Load Balancing,EU (Stockholm),0.0,1.0000016,3,0.0,0,1.0
2024-09-19,AWS,AmazonCloudWatch,US East (Ohio),0.0,12.0567413332,6,0.0,0,1.0
2024-09-19,Microsoft,Storage Accounts,UK West,0.060725871,1.317313,3,0.060725871,0,1.0
2024-09-19,AWS,Amazon Elastic Container Service for Kubernetes,US West (Oregon),0.0,1.0,1,0.0,0,1.0
2024-09-19,AWS,Amazon Elastic File System,Asia Pacific (Singapore),0.0,0.0194185336,1,0.0,0,1.0
2024-09-19,AWS,Elastic Load Balancing,External,0.0,0.1076037023,88,0.0,0,1.0
2024-09-19,Microsoft,Virtual Machines,South Central US,0.0012590176,0.014471466653049,1,0.0012590176,0,1.0
2024-09-19,AWS,Amazon Virtual Private Cloud,Asia Pacific (Mumbai),0.0,1.0,1,0.0,0,1.0
2024-09-19,AWS,Amazon CloudFront,Japan,0.0,581.0015177615,3,0.0,0,1.0
2024-09-19,AWS,Amazon EC2 Container Registry (ECR),US West (Oregon),0.0,0.0037590749,10,0.0,0,1.0
2024-09-19,AWS,Elastic Load Balancing,US East (N. Virginia),0.0,0.5245951316,11,0.0,0,1.0
2024-09-19,AWS,Amazon CloudFront,US East (Ohio),0.0,4.0,1,0.0,0,1.0
2024-09-19,AWS,AWS Security Hub,Canada (Central),0.0,3.0,1,0.0,0,1.0
